category,brand,listings,category_share_pct,volume_rank
883 Police Full Sleeve Solid Men's Jacket,883 Police,1,100.0,1
"ABEEZ Boys, Men, Girls (Black, Pack of 1)",ABEEZ,1,100.0,1
ANAND ARCHIES Girls Flats,ANAND ARCHIES,2,100.0,1
ANAND ARCHIES Girls Wedges,ANAND ARCHIES,1,100.0,1
ANASAZI Casual 3/4 Sleeve Solid Women's Top,ANASAZI,1,100.0,1
ATV Pouch for Acer Liquid Z330 (STEEL BLUE),ATV,1,100.0,1
Abhinl Fashion Cotton Printed Semi-stitched Salw...,Abhinl Fashion,1,100.0,1
"Adidas IND PRO THI GUA Thigh Guard (White, Blue,...",Adidas,1,100.0,1
Ajaero Slim Fit Women's Dark Blue Jeans,Ajaero,2,100.0,1
Amita Home Furnishing Cotton Floral Single Bedsh...,Amita Home Furnishing,1,100.0,1
Amita Home Furnishing Cotton Printed Single Beds...,Amita Home Furnishing,1,100.0,1
Anuradha Art Stylish Hair Clip (Black),Anuradha Art,1,100.0,1
Anuradha Art Stylish Hair Clip (Blue),Anuradha Art,1,100.0,1
"Areon Luxurious Fragrance Long Lasting Car,Home,...",Areon,1,100.0,1
Arial Morris Women Flats,Arial Morris,1,100.0,1
Asics Gel-Cumulus 17 Running Shoes,Asics,1,100.0,1
Asics Gel-Kayano 22 Running Shoes,Asics,1,100.0,1
Attitude Printed Women's Round Neck Black T-Shirt,Attitude,1,100.0,1
"Auraa Men's, Women's Solid No Show Socks",Auraa,1,100.0,1
AutoKraftZ Optimum Locking Device For Bajaj Puls...,AutoKraftZ,1,100.0,1
Automation & Robotics,Black,1,100.0,1
Automotive,Allure Auto,469,46.34387351778656,1
Automotive,Speedwav,134,13.24110671936759,2
Automotive,AdroitZ,46,4.545454545454546,3
Automotive,3a AUTOCARE,23,2.272727272727273,4
Automotive,3a Autocare,18,1.7786561264822134,5
Automotive,Vetra,16,1.5810276679841897,6
Automotive,Packy Poda,14,1.383399209486166,7
Automotive,Favourite BikerZ,12,1.1857707509881423,8
Automotive,Bike World,11,1.0869565217391304,9
Automotive,Cross Fingers,11,1.0869565217391304,9
Automotive,CEAT,9,0.8893280632411067,10
Automotive,HIMMLISCH,9,0.8893280632411067,10
Automotive,OEM,9,0.8893280632411067,10
Automotive,Xtreme,9,0.8893280632411067,10
Automotive,Accessory Mart,8,0.7905138339920948,11
Automotive,VDRIVE,8,0.7905138339920948,11
Automotive,ATC,7,0.691699604743083,12
Automotive,Himmlisch,7,0.691699604743083,12
Automotive,AutoGarh,6,0.5928853754940712,13
Automotive,ManeKo,6,0.5928853754940712,13
Automotive,Amzer,5,0.49407114624505927,14
Automotive,Modx,5,0.49407114624505927,14
Automotive,Retina,5,0.49407114624505927,14
Automotive,ACCESSOREEZ,4,0.3952569169960474,15
Automotive,I-Pop,4,0.3952569169960474,15
Automotive,Leebo,4,0.3952569169960474,15
Automotive,Smiledrive,4,0.3952569169960474,15
Automotive,TAKE CARE,4,0.3952569169960474,15
Automotive,Viral Shopping,4,0.3952569169960474,15
Automotive,4D Mats,3,0.2964426877470356,16
Automotive,Accessoreez,3,0.2964426877470356,16
Automotive,Amaze Mobile,3,0.2964426877470356,16
Automotive,AutoKraftZ,3,0.2964426877470356,16
Automotive,CarSizzler,3,0.2964426877470356,16
Automotive,Cm Treder,3,0.2964426877470356,16
Automotive,Crokrok,3,0.2964426877470356,16
Automotive,K&N,3,0.2964426877470356,16
Automotive,Kingsway,3,0.2964426877470356,16
Automotive,Type R,3,0.2964426877470356,16
Automotive,V-GRIP,3,0.2964426877470356,16
Automotive,Vheelocityin,3,0.2964426877470356,16
Automotive,Vibrandz,3,0.2964426877470356,16
Automotive,Wadhwa creations,3,0.2964426877470356,16
Automotive,Woodman,3,0.2964426877470356,16
Automotive,Aeoss,2,0.1976284584980237,17
Automotive,Autocop,2,0.1976284584980237,17
Automotive,CarReflection,2,0.1976284584980237,17
Automotive,Celix,2,0.1976284584980237,17
Automotive,Fly,2,0.1976284584980237,17
Automotive,JVC,2,0.1976284584980237,17
Automotive,Neopack,2,0.1976284584980237,17
Automotive,OSS-FUEL,2,0.1976284584980237,17
Automotive,Orientel,2,0.1976284584980237,17
Automotive,ROYAL ERADO,2,0.1976284584980237,17
Automotive,Raaisin,2,0.1976284584980237,17
Automotive,SONIK,2,0.1976284584980237,17
Automotive,Trak N Tell,2,0.1976284584980237,17
Automotive,3D Mat,1,0.09881422924901186,18
Automotive,5 FEELINGS,1,0.09881422924901186,18
Automotive,AUTOSiTY,1,0.09881422924901186,18
Automotive,Ambitione,1,0.09881422924901186,18
Automotive,Asmi,1,0.09881422924901186,18
Automotive,Auto Wheel Garage,1,0.09881422924901186,18
Automotive,Autofurnish,1,0.09881422924901186,18
Automotive,Autoplus,1,0.09881422924901186,18
Automotive,Autosun,1,0.09881422924901186,18
Automotive,Black & Decker,1,0.09881422924901186,18
Automotive,Bosch,1,0.09881422924901186,18
Automotive,Bracketron,1,0.09881422924901186,18
Automotive,CARBANAO,1,0.09881422924901186,18
Automotive,Capdase,1,0.09881422924901186,18
Automotive,Capeshoppers,1,0.09881422924901186,18
Automotive,CarMobCentral,1,0.09881422924901186,18
Automotive,Carmity,1,0.09881422924901186,18
Automotive,Craze,1,0.09881422924901186,18
Automotive,ESHOPITUDE,1,0.09881422924901186,18
Automotive,Easy,1,0.09881422924901186,18
Automotive,Easy4buy,1,0.09881422924901186,18
Automotive,Egrips,1,0.09881422924901186,18
Automotive,FLY,1,0.09881422924901186,18
Automotive,Favourite Bikerz,1,0.09881422924901186,18
Automotive,Fiesta,1,0.09881422924901186,18
Automotive,Fonokase,1,0.09881422924901186,18
Automotive,GRSTECH,1,0.09881422924901186,18
Automotive,Galaxy,1,0.09881422924901186,18
Automotive,Gear X,1,0.09881422924901186,18
Automotive,Gioiabazar,1,0.09881422924901186,18
Automotive,Hi Art,1,0.09881422924901186,18
Automotive,Imported,1,0.09881422924901186,18
Automotive,Jazam,1,0.09881422924901186,18
Automotive,Joynix,1,0.09881422924901186,18
Automotive,KASCN,1,0.09881422924901186,18
Automotive,Kozdiko,1,0.09881422924901186,18
Automotive,MOCC,1,0.09881422924901186,18
Automotive,MYRA,1,0.09881422924901186,18
Automotive,Metro Moulding Industries,1,0.09881422924901186,18
Automotive,Minda Black Current,1,0.09881422924901186,18
Automotive,Mount Nano,1,0.09881422924901186,18
Automotive,OBS,1,0.09881422924901186,18
Automotive,PDI,1,0.09881422924901186,18
Automotive,Pindia,1,0.09881422924901186,18
Automotive,Poddar,1,0.09881422924901186,18
Automotive,Pro biker,1,0.09881422924901186,18
Automotive,Pulse Audio,1,0.09881422924901186,18
Automotive,RJVON,1,0.09881422924901186,18
Automotive,Rainfun,1,0.09881422924901186,18
Automotive,Ravetech,1,0.09881422924901186,18
Automotive,SKC,1,0.09881422924901186,18
Automotive,Shopaholic,1,0.09881422924901186,18
Automotive,SkyWheels,1,0.09881422924901186,18
Automotive,Skycandle.in,1,0.09881422924901186,18
Automotive,Softarts,1,0.09881422924901186,18
Automotive,Spycom,1,0.09881422924901186,18
Automotive,Sygtech,1,0.09881422924901186,18
Automotive,TPH Covers,1,0.09881422924901186,18
Automotive,Total Agency,1,0.09881422924901186,18
Automotive,Tradon,1,0.09881422924901186,18
Automotive,Trigcars,1,0.09881422924901186,18
Automotive,Viaan,1,0.09881422924901186,18
Automotive,Vizio,1,0.09881422924901186,18
Automotive,Vtc,1,0.09881422924901186,18
Automotive,Xtandard,1,0.09881422924901186,18
Automotive,Xtremeonlinestore,1,0.09881422924901186,18
Automotive,ZORDEN,1,0.09881422924901186,18
Automotive,i-Static,1,0.09881422924901186,18
Automotive,totalcare Expert,1,0.09881422924901186,18
Automotive,zDelhi.com,1,0.09881422924901186,18
Autoplus M AP15 Arm Sleeve (Black),Autoplus,1,100.0,1
Autoplus M AP18 Arm Sleeve (Black),Autoplus,1,100.0,1
BALAJI EXPORTS Bottled Wine Cooler (9 Bottles),BALAJI EXPORTS,1,100.0,1
BLM Casual Printed Women's Kurti,BLM,1,100.0,1
Baby Care,Wallmantra,75,15.527950310559007,1
Baby Care,WallDesign,65,13.457556935817806,2
Baby Care,Babeezworld,28,5.797101449275362,3
Baby Care,Elite Collection,28,5.797101449275362,3
Baby Care,Unknown,26,5.383022774327122,4
Baby Care,999store,21,4.3478260869565215,5
Baby Care,FS Mini Klub,10,2.070393374741201,6
Baby Care,Fs Mini Klub,10,2.070393374741201,6
Baby Care,Offspring,9,1.8633540372670807,7
Baby Care,next steps,9,1.8633540372670807,7
Baby Care,Dongli,7,1.4492753623188406,8
Baby Care,Chokree,5,1.0351966873706004,9
Baby Care,Cotton On Kids,5,1.0351966873706004,9
Baby Care,Zero,5,1.0351966873706004,9
Baby Care,Babyoye Premium,4,0.8281573498964804,10
Baby Care,Beebay,4,0.8281573498964804,10
Baby Care,Intex,4,0.8281573498964804,10
Baby Care,Mee Mee,4,0.8281573498964804,10
Baby Care,SYON,4,0.8281573498964804,10
Baby Care,The Intellect Bazaar,4,0.8281573498964804,10
Baby Care,Aarika,3,0.6211180124223602,11
Baby Care,Babysid Collections,3,0.6211180124223602,11
Baby Care,Jacadi Paris,3,0.6211180124223602,11
Baby Care,Lilliput,3,0.6211180124223602,11
Baby Care,MKB,3,0.6211180124223602,11
Baby Care,Marvel,3,0.6211180124223602,11
Baby Care,Uberlyfe,3,0.6211180124223602,11
Baby Care,VITAMINS,3,0.6211180124223602,11
Baby Care,Vitamins,3,0.6211180124223602,11
Baby Care,Wow!,3,0.6211180124223602,11
Baby Care,cherry crumble california,3,0.6211180124223602,11
Baby Care,Bela Home,2,0.4140786749482402,12
Baby Care,BornBabyKids,2,0.4140786749482402,12
Baby Care,Budding Bees,2,0.4140786749482402,12
Baby Care,Funcart,2,0.4140786749482402,12
Baby Care,HEAVENLY,2,0.4140786749482402,12
Baby Care,Ireeya,2,0.4140786749482402,12
Baby Care,MYFAA,2,0.4140786749482402,12
Baby Care,Mahadev Handicrafts,2,0.4140786749482402,12
Baby Care,Mama & Bebe,2,0.4140786749482402,12
Baby Care,Mom & Me,2,0.4140786749482402,12
Baby Care,Mom and Kid,2,0.4140786749482402,12
Baby Care,NavyaRiti,2,0.4140786749482402,12
Baby Care,Relaxfeel,2,0.4140786749482402,12
Baby Care,Shaun,2,0.4140786749482402,12
Baby Care,Sparklings,2,0.4140786749482402,12
Baby Care,Welhouse,2,0.4140786749482402,12
Baby Care,3kFactory,1,0.2070393374741201,13
Baby Care,612 League,1,0.2070393374741201,13
Baby Care,Addyvero,1,0.2070393374741201,13
Baby Care,Alexus,1,0.2070393374741201,13
Baby Care,Avalon Organics,1,0.2070393374741201,13
Baby Care,BASRA,1,0.2070393374741201,13
Baby Care,Baby Bucket,1,0.2070393374741201,13
Baby Care,Baby Moshai,1,0.2070393374741201,13
Baby Care,BabyBucket,1,0.2070393374741201,13
Baby Care,Babysid Collection,1,0.2070393374741201,13
Baby Care,Bestway,1,0.2070393374741201,13
Baby Care,Boreal,1,0.2070393374741201,13
Baby Care,CALCULUS,1,0.2070393374741201,13
Baby Care,CHHOTE JANAB,1,0.2070393374741201,13
Baby Care,CHINMAY KIDS,1,0.2070393374741201,13
Baby Care,CHOCOBERRY,1,0.2070393374741201,13
Baby Care,Carter'S,1,0.2070393374741201,13
Baby Care,Cheeky Chompers,1,0.2070393374741201,13
Baby Care,Chipchop,1,0.2070393374741201,13
Baby Care,Chota Bheem,1,0.2070393374741201,13
Baby Care,Coddle,1,0.2070393374741201,13
Baby Care,CoffeeBean,1,0.2070393374741201,13
Baby Care,CrayonFlakes,1,0.2070393374741201,13
Baby Care,Doraemon Gift Family Ceramic Coffee Mug,1,0.2070393374741201,13
Baby Care,EZ Life,1,0.2070393374741201,13
Baby Care,Esteem,1,0.2070393374741201,13
Baby Care,Eurospa,1,0.2070393374741201,13
Baby Care,Excellent4U,1,0.2070393374741201,13
Baby Care,Fashion Centre,1,0.2070393374741201,13
Baby Care,Fisher-Price,1,0.2070393374741201,13
Baby Care,Fun To See,1,0.2070393374741201,13
Baby Care,Furry,1,0.2070393374741201,13
Baby Care,GREENWICH,1,0.2070393374741201,13
Baby Care,Globe,1,0.2070393374741201,13
Baby Care,Graco,1,0.2070393374741201,13
Baby Care,HoA,1,0.2070393374741201,13
Baby Care,Jacadi paris,1,0.2070393374741201,13
Baby Care,Johnson's Baby,1,0.2070393374741201,13
Baby Care,KOHL,1,0.2070393374741201,13
Baby Care,Kandyfloss,1,0.2070393374741201,13
Baby Care,Kushies baby,1,0.2070393374741201,13
Baby Care,L Oreal,1,0.2070393374741201,13
Baby Care,LITTLE FEETZ,1,0.2070393374741201,13
Baby Care,Love Baby,1,0.2070393374741201,13
Baby Care,Lula,1,0.2070393374741201,13
Baby Care,Mast & Harbour,1,0.2070393374741201,13
Baby Care,MeeMee,1,0.2070393374741201,13
Baby Care,My Little Lambs,1,0.2070393374741201,13
Baby Care,My NewBorn,1,0.2070393374741201,13
Baby Care,MyKid,1,0.2070393374741201,13
Baby Care,NammaBaby,1,0.2070393374741201,13
Baby Care,Nature Gold,1,0.2070393374741201,13
Baby Care,NeedyBee,1,0.2070393374741201,13
Baby Care,Neyth,1,0.2070393374741201,13
Baby Care,Ollington St. Collection,1,0.2070393374741201,13
Baby Care,Oral Care,1,0.2070393374741201,13
Baby Care,Oren Empower,1,0.2070393374741201,13
Baby Care,Oxolloxo,1,0.2070393374741201,13
Baby Care,Piyo Piyo,1,0.2070393374741201,13
Baby Care,Pokizo,1,0.2070393374741201,13
Baby Care,Pompom Sweethearts,1,0.2070393374741201,13
Baby Care,Portia,1,0.2070393374741201,13
Baby Care,Rishan,1,0.2070393374741201,13
Baby Care,Ruhi's Creations,1,0.2070393374741201,13
Baby Care,Rute,1,0.2070393374741201,13
Baby Care,SJ,1,0.2070393374741201,13
Baby Care,Saba Garments,1,0.2070393374741201,13
Baby Care,Sathiyas,1,0.2070393374741201,13
Baby Care,Seals,1,0.2070393374741201,13
Baby Care,Shrikant Traders,1,0.2070393374741201,13
Baby Care,Snuggles,1,0.2070393374741201,13
Baby Care,TRESemme,1,0.2070393374741201,13
Baby Care,TWISHA,1,0.2070393374741201,13
Baby Care,Teddy's choice,1,0.2070393374741201,13
Baby Care,Thakkar,1,0.2070393374741201,13
Baby Care,Titrit,1,0.2070393374741201,13
Baby Care,Tks,1,0.2070393374741201,13
Baby Care,Toddla,1,0.2070393374741201,13
Baby Care,Toffyhouse,1,0.2070393374741201,13
Baby Care,Toons,1,0.2070393374741201,13
Baby Care,U & ME,1,0.2070393374741201,13
Baby Care,Upside Down,1,0.2070393374741201,13
Baby Care,Via Italia,1,0.2070393374741201,13
Baby Care,YK,1,0.2070393374741201,13
Baby Care,Yashasvi,1,0.2070393374741201,13
Baby Care,You Got Plan B,1,0.2070393374741201,13
Baby Care,Young Birds,1,0.2070393374741201,13
Baby Care,chota packet,1,0.2070393374741201,13
Baby Care,dongli,1,0.2070393374741201,13
Baby Care,florence9,1,0.2070393374741201,13
Baby Care,kawal fashion,1,0.2070393374741201,13
"Bags, Wallets & Belts",Unknown,114,43.0188679245283,1
"Bags, Wallets & Belts",JDK NOVELTY,9,3.3962264150943398,2
"Bags, Wallets & Belts",Czds India,8,3.018867924528302,3
"Bags, Wallets & Belts",U. R. GOD,6,2.2641509433962264,4
"Bags, Wallets & Belts",American Club,5,1.8867924528301887,5
"Bags, Wallets & Belts",Harissons,5,1.8867924528301887,5
"Bags, Wallets & Belts",Linzina,5,1.8867924528301887,5
"Bags, Wallets & Belts",Shoprider,5,1.8867924528301887,5
"Bags, Wallets & Belts",Edel,4,1.509433962264151,6
"Bags, Wallets & Belts",KAN,4,1.509433962264151,6
"Bags, Wallets & Belts",The House of Tara,4,1.509433962264151,6
"Bags, Wallets & Belts",Urban Diseno,4,1.509433962264151,6
"Bags, Wallets & Belts",WEIDELI,4,1.509433962264151,6
"Bags, Wallets & Belts",ALL DAY 365,3,1.1320754716981132,7
"Bags, Wallets & Belts",BagsHub,3,1.1320754716981132,7
"Bags, Wallets & Belts",MOOI-ZAK,3,1.1320754716981132,7
"Bags, Wallets & Belts",Modishera,3,1.1320754716981132,7
"Bags, Wallets & Belts",SV Creations,3,1.1320754716981132,7
"Bags, Wallets & Belts",U United,3,1.1320754716981132,7
"Bags, Wallets & Belts",Brandvilla,2,0.7547169811320755,8
"Bags, Wallets & Belts",Clazz,2,0.7547169811320755,8
"Bags, Wallets & Belts",ESBEDA,2,0.7547169811320755,8
"Bags, Wallets & Belts",FIFA,2,0.7547169811320755,8
"Bags, Wallets & Belts",Goblin,2,0.7547169811320755,8
"Bags, Wallets & Belts",Legato,2,0.7547169811320755,8
"Bags, Wallets & Belts",Ligans NY,2,0.7547169811320755,8
"Bags, Wallets & Belts",Maayas,2,0.7547169811320755,8
"Bags, Wallets & Belts",Polo House USA,2,0.7547169811320755,8
"Bags, Wallets & Belts",Puma,2,0.7547169811320755,8
"Bags, Wallets & Belts",Raju Purse Collection,2,0.7547169811320755,8
"Bags, Wallets & Belts",Raju purse collection,2,0.7547169811320755,8
"Bags, Wallets & Belts",Zoe Marciano,2,0.7547169811320755,8
"Bags, Wallets & Belts",kamyaart,2,0.7547169811320755,8
"Bags, Wallets & Belts",raju purse collection,2,0.7547169811320755,8
"Bags, Wallets & Belts",ABSTAR,1,0.37735849056603776,9
"Bags, Wallets & Belts",ALIFS,1,0.37735849056603776,9
"Bags, Wallets & Belts",Adore London,1,0.37735849056603776,9
"Bags, Wallets & Belts",Amatra,1,0.37735849056603776,9
"Bags, Wallets & Belts",Angelfish,1,0.37735849056603776,9
"Bags, Wallets & Belts",Anti Gravity,1,0.37735849056603776,9
"Bags, Wallets & Belts",BUTTERFILES,1,0.37735849056603776,9
"Bags, Wallets & Belts",Bubi,1,0.37735849056603776,9
"Bags, Wallets & Belts",Butterflies,1,0.37735849056603776,9
"Bags, Wallets & Belts",Chipmunk,1,0.37735849056603776,9
"Bags, Wallets & Belts",Cottage,1,0.37735849056603776,9
"Bags, Wallets & Belts",DLOOP,1,0.37735849056603776,9
"Bags, Wallets & Belts",Dealcrox,1,0.37735849056603776,9
"Bags, Wallets & Belts",Dolphin Product,1,0.37735849056603776,9
"Bags, Wallets & Belts",Good Win,1,0.37735849056603776,9
"Bags, Wallets & Belts",HashTag,1,0.37735849056603776,9
"Bags, Wallets & Belts",Histeria,1,0.37735849056603776,9
"Bags, Wallets & Belts",JBI,1,0.37735849056603776,9
"Bags, Wallets & Belts",JEWEL FUEL,1,0.37735849056603776,9
"Bags, Wallets & Belts",Kleio,1,0.37735849056603776,9
"Bags, Wallets & Belts",Lowe Alpine,1,0.37735849056603776,9
"Bags, Wallets & Belts",Mast & Harbour,1,0.37735849056603776,9
"Bags, Wallets & Belts",Meow Wings,1,0.37735849056603776,9
"Bags, Wallets & Belts",Navigator,1,0.37735849056603776,9
"Bags, Wallets & Belts",Polki,1,0.37735849056603776,9
"Bags, Wallets & Belts",Prajo,1,0.37735849056603776,9
"Bags, Wallets & Belts",Priority,1,0.37735849056603776,9
"Bags, Wallets & Belts",SSM,1,0.37735849056603776,9
"Bags, Wallets & Belts",SVVM,1,0.37735849056603776,9
"Bags, Wallets & Belts",Shopmania,1,0.37735849056603776,9
"Bags, Wallets & Belts",Swiss Beauty,1,0.37735849056603776,9
"Bags, Wallets & Belts",Triveni,1,0.37735849056603776,9
"Bags, Wallets & Belts",Utsukushii,1,0.37735849056603776,9
"Bags, Wallets & Belts",Vermello,1,0.37735849056603776,9
"Bags, Wallets & Belts",Viari,1,0.37735849056603776,9
"Bags, Wallets & Belts",X-WELL,1,0.37735849056603776,9
"Bags, Wallets & Belts",YBC,1,0.37735849056603776,9
"Bags, Wallets & Belts",Yumlookup,1,0.37735849056603776,9
"Bags, Wallets & Belts",the jewelbox,1,0.37735849056603776,9
"Bags, Wallets & Belts",walletsnbags,1,0.37735849056603776,9
Be 13 Printed Boy's Round Neck T-Shirt (Pack of 2),Be 13,1,100.0,1
Beauty and Personal Care,Unknown,554,78.02816901408451,1
Beauty and Personal Care,RYTHMX,8,1.1267605633802817,2
Beauty and Personal Care,AntiqueShop,5,0.704225352112676,3
Beauty and Personal Care,Aroma Care,5,0.704225352112676,3
Beauty and Personal Care,Allin Exporters,4,0.5633802816901409,4
Beauty and Personal Care,Jovan,4,0.5633802816901409,4
Beauty and Personal Care,LAWMAN PG3,4,0.5633802816901409,4
Beauty and Personal Care,Clairol,3,0.4225352112676056,5
Beauty and Personal Care,LOTTIE LONDON,3,0.4225352112676056,5
Beauty and Personal Care,Loreal,3,0.4225352112676056,5
Beauty and Personal Care,NYX,3,0.4225352112676056,5
Beauty and Personal Care,Soulful Threads,3,0.4225352112676056,5
Beauty and Personal Care,Dove,2,0.28169014084507044,6
Beauty and Personal Care,Garnier,2,0.28169014084507044,6
Beauty and Personal Care,Good Way,2,0.28169014084507044,6
Beauty and Personal Care,Himalayan Sutra,2,0.28169014084507044,6
Beauty and Personal Care,KE,2,0.28169014084507044,6
Beauty and Personal Care,Kartique,2,0.28169014084507044,6
Beauty and Personal Care,Layer'r,2,0.28169014084507044,6
Beauty and Personal Care,Lip Rageous,2,0.28169014084507044,6
Beauty and Personal Care,Medex,2,0.28169014084507044,6
Beauty and Personal Care,OGX,2,0.28169014084507044,6
Beauty and Personal Care,Pink Rose,2,0.28169014084507044,6
Beauty and Personal Care,SSCP,2,0.28169014084507044,6
Beauty and Personal Care,Shreya Collection,2,0.28169014084507044,6
Beauty and Personal Care,Surgical e Sstudio,2,0.28169014084507044,6
Beauty and Personal Care,VIVIANA,2,0.28169014084507044,6
Beauty and Personal Care,Aapno Rajasthan,1,0.14084507042253522,7
Beauty and Personal Care,Aden & M,1,0.14084507042253522,7
Beauty and Personal Care,Adidas,1,0.14084507042253522,7
Beauty and Personal Care,Aster Luxury,1,0.14084507042253522,7
Beauty and Personal Care,Avon,1,0.14084507042253522,7
Beauty and Personal Care,BEARDO,1,0.14084507042253522,7
Beauty and Personal Care,Blue Heaven,1,0.14084507042253522,7
Beauty and Personal Care,Boreal,1,0.14084507042253522,7
Beauty and Personal Care,Brillare Science,1,0.14084507042253522,7
Beauty and Personal Care,Burt s Bees,1,0.14084507042253522,7
Beauty and Personal Care,C. O. Bigelow,1,0.14084507042253522,7
Beauty and Personal Care,Chambor,1,0.14084507042253522,7
Beauty and Personal Care,Chap Ice,1,0.14084507042253522,7
Beauty and Personal Care,Clear Face,1,0.14084507042253522,7
Beauty and Personal Care,Dr. Thapar's,1,0.14084507042253522,7
Beauty and Personal Care,Dr.Cool,1,0.14084507042253522,7
Beauty and Personal Care,E.L.F,1,0.14084507042253522,7
Beauty and Personal Care,Ezee,1,0.14084507042253522,7
Beauty and Personal Care,Femme Couture,1,0.14084507042253522,7
Beauty and Personal Care,Fuschia,1,0.14084507042253522,7
Beauty and Personal Care,GENERIC,1,0.14084507042253522,7
Beauty and Personal Care,Giorgio Armani,1,0.14084507042253522,7
Beauty and Personal Care,Hoffrichter,1,0.14084507042253522,7
Beauty and Personal Care,Home Genie,1,0.14084507042253522,7
Beauty and Personal Care,HomeEdge,1,0.14084507042253522,7
Beauty and Personal Care,Imported,1,0.14084507042253522,7
Beauty and Personal Care,IndoSurgicals,1,0.14084507042253522,7
Beauty and Personal Care,Jouer,1,0.14084507042253522,7
Beauty and Personal Care,KDS SURGICAL,1,0.14084507042253522,7
Beauty and Personal Care,Kerastase,1,0.14084507042253522,7
Beauty and Personal Care,Khadi,1,0.14084507042253522,7
Beauty and Personal Care,Khadi Herbal,1,0.14084507042253522,7
Beauty and Personal Care,Krg Enterprises,1,0.14084507042253522,7
Beauty and Personal Care,Krypton,1,0.14084507042253522,7
Beauty and Personal Care,L Oreal,1,0.14084507042253522,7
Beauty and Personal Care,Lady Diana,1,0.14084507042253522,7
Beauty and Personal Care,Lakiya,1,0.14084507042253522,7
Beauty and Personal Care,Loreal Paris,1,0.14084507042253522,7
Beauty and Personal Care,MAC,1,0.14084507042253522,7
Beauty and Personal Care,MIb,1,0.14084507042253522,7
Beauty and Personal Care,MUA MAKEUP ACADEMY,1,0.14084507042253522,7
Beauty and Personal Care,Majik,1,0.14084507042253522,7
Beauty and Personal Care,Mars,1,0.14084507042253522,7
Beauty and Personal Care,Matrix,1,0.14084507042253522,7
Beauty and Personal Care,Medimix,1,0.14084507042253522,7
Beauty and Personal Care,Menow,1,0.14084507042253522,7
Beauty and Personal Care,Milani,1,0.14084507042253522,7
Beauty and Personal Care,MohanJodero,1,0.14084507042253522,7
Beauty and Personal Care,My DT Lifestyle,1,0.14084507042253522,7
Beauty and Personal Care,NAMS,1,0.14084507042253522,7
Beauty and Personal Care,Nivea,1,0.14084507042253522,7
Beauty and Personal Care,Nutrispa,1,0.14084507042253522,7
Beauty and Personal Care,OMRD,1,0.14084507042253522,7
Beauty and Personal Care,ORIFLAME SWEDEN,1,0.14084507042253522,7
Beauty and Personal Care,Optokart,1,0.14084507042253522,7
Beauty and Personal Care,PEDI SPIN,1,0.14084507042253522,7
Beauty and Personal Care,Park Avenue,1,0.14084507042253522,7
Beauty and Personal Care,Paul Mitchell,1,0.14084507042253522,7
Beauty and Personal Care,Proganix,1,0.14084507042253522,7
Beauty and Personal Care,Rajex,1,0.14084507042253522,7
Beauty and Personal Care,Revlon,1,0.14084507042253522,7
Beauty and Personal Care,SHANY,1,0.14084507042253522,7
Beauty and Personal Care,SOS,1,0.14084507042253522,7
Beauty and Personal Care,SafeAnBTouch,1,0.14084507042253522,7
Beauty and Personal Care,Sarah,1,0.14084507042253522,7
Beauty and Personal Care,Schwarzkopf,1,0.14084507042253522,7
Beauty and Personal Care,Sherie,1,0.14084507042253522,7
Beauty and Personal Care,Sivanna,1,0.14084507042253522,7
Beauty and Personal Care,Suave,1,0.14084507042253522,7
Beauty and Personal Care,Sunvalley,1,0.14084507042253522,7
Beauty and Personal Care,TERATONIC,1,0.14084507042253522,7
Beauty and Personal Care,TIGI BED HEAD,1,0.14084507042253522,7
Beauty and Personal Care,TRESemme,1,0.14084507042253522,7
Beauty and Personal Care,The Body Care,1,0.14084507042253522,7
Beauty and Personal Care,The balm,1,0.14084507042253522,7
Beauty and Personal Care,Trendy Nuts,1,0.14084507042253522,7
Beauty and Personal Care,Urban Girl,1,0.14084507042253522,7
Beauty and Personal Care,Victoria's Secret,1,0.14084507042253522,7
Beauty and Personal Care,YOA,1,0.14084507042253522,7
Beauty and Personal Care,e.l.f. Cosmetics,1,0.14084507042253522,7
Beauty and Personal Care,generic,1,0.14084507042253522,7
Behringer Xenyx 502 Analog Sound Mixer,Behringer,1,100.0,1
Bengal Blooms Rose Artificial Plant  with Pot (3...,Bengal Blooms,1,100.0,1
Bootwale Bellies,Bootwale,1,100.0,1
Boreal Roller Brush,Boreal,1,100.0,1
Breakbounce Men's Vest,Breakbounce,1,100.0,1
BuildTrack PIR Wireless Motion Sensor - One Swit...,BuildTrack,1,100.0,1
COIRFIT Single Coir Mattress,COIRFIT,2,100.0,1
Cameras & Accessories,JJC,41,50.0,1
Cameras & Accessories,Omax,6,7.317073170731708,2
Cameras & Accessories,Pearstone,5,6.097560975609756,3
Cameras & Accessories,Tyfy,5,6.097560975609756,3
Cameras & Accessories,Power Smart,4,4.878048780487805,4
Cameras & Accessories,Canon,2,2.4390243902439024,5
Cameras & Accessories,Saihan,2,2.4390243902439024,5
Cameras & Accessories,Spe,2,2.4390243902439024,5
Cameras & Accessories,Uniross,2,2.4390243902439024,5
Cameras & Accessories,Axcess,1,1.2195121951219512,6
Cameras & Accessories,Big Mike s,1,1.2195121951219512,6
Cameras & Accessories,Camelion,1,1.2195121951219512,6
Cameras & Accessories,Flyfilms,1,1.2195121951219512,6
Cameras & Accessories,Fotodiox Inc.,1,1.2195121951219512,6
Cameras & Accessories,Npplastics,1,1.2195121951219512,6
Cameras & Accessories,Pico,1,1.2195121951219512,6
Cameras & Accessories,Polaroid,1,1.2195121951219512,6
Cameras & Accessories,Progear,1,1.2195121951219512,6
Cameras & Accessories,S Class,1,1.2195121951219512,6
Cameras & Accessories,SB RETAILS,1,1.2195121951219512,6
Cameras & Accessories,SD,1,1.2195121951219512,6
Cameras & Accessories,Sony,1,1.2195121951219512,6
Camey Men's Quarter Length Socks,Camey,2,100.0,1
Car vastra 1pcs Car Vastra Honda Beige Backrest ...,Car vastra,1,100.0,1
Carbanao Chrome Grill Chevrolet Cruze Car Grill ...,Carbanao,1,100.0,1
Cellbazaar Blackberry 8520 WHITE LCD LCD (YIT-562),Cellbazaar,1,100.0,1
Clickforsign Vehicles parked Illegally will be t...,Clickforsign,1,100.0,1
Clothing,Unknown,3042,49.08034849951597,1
Clothing,Regular,313,5.05001613423685,2
Clothing,Slim,288,4.646660212971926,3
Clothing,Black,163,2.6298806066473057,4
Clothing,White,154,2.4846724749919327,5
Clothing,Pink,100,1.6134236850596966,6
Clothing,Red,93,1.500484027105518,7
Clothing,Purple,83,1.3391416585995481,8
Clothing,Blue,68,1.0971281058405937,9
Clothing,Regular Fit,66,1.0648596321393997,10
Clothing,Beige,54,0.8712487899322362,11
Clothing,Grey,31,0.500161342368506,12
Clothing,Candy House,30,0.484027105517909,13
Clothing,Maroon,30,0.484027105517909,13
Clothing,Multicolor,29,0.46789286866731206,14
Clothing,Slim Fit,28,0.45175863181671505,15
Clothing,Simrit,26,0.41949015811552115,16
Clothing,Marc N' Park,23,0.37108744756373024,17
Clothing,Brown,22,0.3549532107131333,18
Clothing,LIENZ,21,0.3388189738625363,19
Clothing,Lajo,21,0.3388189738625363,19
Clothing,Green,20,0.32268473701193934,20
Clothing,Clovia,19,0.3065505001613424,21
Clothing,Yellow,19,0.3065505001613424,21
Clothing,Mynte,17,0.27428202646014843,22
Clothing,Skin,17,0.27428202646014843,22
Clothing,Antshrike,16,0.2581477896095515,23
Clothing,Cotton Fab,14,0.22587931590835753,24
Clothing,Jazzup,13,0.20974507905776058,25
Clothing,Miss Clyra,13,0.20974507905776058,25
Clothing,Bodycare,12,0.1936108422071636,26
Clothing,GALLOWAY,12,0.1936108422071636,26
Clothing,Orange,12,0.1936108422071636,26
Clothing,Be 13,11,0.17747660535656665,27
Clothing,Fabiya,11,0.17747660535656665,27
Clothing,AJ Dezines,10,0.16134236850596967,28
Clothing,GINI & JONY,10,0.16134236850596967,28
Clothing,Mothercare,10,0.16134236850596967,28
Clothing,Romano,9,0.1452081316553727,29
Clothing,fourgee,9,0.1452081316553727,29
Clothing,Blackberrys,8,0.12907389480477574,30
Clothing,BrandTrendz,8,0.12907389480477574,30
Clothing,Light Pink,8,0.12907389480477574,30
Clothing,Mode,8,0.12907389480477574,30
Clothing,Satovira,8,0.12907389480477574,30
Clothing,Vero Moda,8,0.12907389480477574,30
Clothing,Vipul Saree,8,0.12907389480477574,30
Clothing,carrol,8,0.12907389480477574,30
Clothing,Alisha,7,0.11293965795417876,31
Clothing,C9,7,0.11293965795417876,31
Clothing,Fabpoppy,7,0.11293965795417876,31
Clothing,HugMe.fashion,7,0.11293965795417876,31
Clothing,IndiWeaves,7,0.11293965795417876,31
Clothing,Yepme,7,0.11293965795417876,31
Clothing,esoft,7,0.11293965795417876,31
Clothing,ANASAZI,6,0.0968054211035818,32
Clothing,Ebry,6,0.0968054211035818,32
Clothing,Hubberholme,6,0.0968054211035818,32
Clothing,Light Blue,6,0.0968054211035818,32
Clothing,Lilliput,6,0.0968054211035818,32
Clothing,RED,6,0.0968054211035818,32
Clothing,Regular fit,6,0.0968054211035818,32
Clothing,Shaftesbury London,6,0.0968054211035818,32
Clothing,Wajbee,6,0.0968054211035818,32
Clothing,Wilkins & Tuscany,6,0.0968054211035818,32
Clothing,YK,6,0.0968054211035818,32
Clothing,Yes Zone,6,0.0968054211035818,32
Clothing,ZAIRE,6,0.0968054211035818,32
Clothing,fashion rudraksh,6,0.0968054211035818,32
Clothing,medha,6,0.0968054211035818,32
Clothing,Baalaa,5,0.08067118425298483,33
Clothing,DWM,5,0.08067118425298483,33
Clothing,Dark Pink,5,0.08067118425298483,33
Clothing,FIFO,5,0.08067118425298483,33
Clothing,FRICTION,5,0.08067118425298483,33
Clothing,Gkidz,5,0.08067118425298483,33
Clothing,IPG,5,0.08067118425298483,33
Clothing,JBN Creation,5,0.08067118425298483,33
Clothing,JDK NOVELTY,5,0.08067118425298483,33
Clothing,Neon,5,0.08067118425298483,33
Clothing,Polkakart,5,0.08067118425298483,33
Clothing,Roadster,5,0.08067118425298483,33
Clothing,Selfcare,5,0.08067118425298483,33
Clothing,TAB91,5,0.08067118425298483,33
Clothing,Texco,5,0.08067118425298483,33
Clothing,UCB,5,0.08067118425298483,33
Clothing,United Colors of Benetton,5,0.08067118425298483,33
Clothing,VIHA,5,0.08067118425298483,33
Clothing,VRTYA,5,0.08067118425298483,33
Clothing,A A STORE,4,0.06453694740238787,34
Clothing,Aarika,4,0.06453694740238787,34
Clothing,Ajaero,4,0.06453694740238787,34
Clothing,Ankita,4,0.06453694740238787,34
Clothing,Bio kid,4,0.06453694740238787,34
Clothing,Bottoms More,4,0.06453694740238787,34
Clothing,EASIES,4,0.06453694740238787,34
Clothing,FTCBAZAR,4,0.06453694740238787,34
Clothing,Famaya,4,0.06453694740238787,34
Clothing,G Fashion,4,0.06453694740238787,34
Clothing,Indianbeauty,4,0.06453694740238787,34
Clothing,L'appel Du vide,4,0.06453694740238787,34
Clothing,LUMBER BOY,4,0.06453694740238787,34
Clothing,MERIL,4,0.06453694740238787,34
Clothing,Mahek Saree,4,0.06453694740238787,34
Clothing,Manjaree,4,0.06453694740238787,34
Clothing,Mauve,4,0.06453694740238787,34
Clothing,Navy,4,0.06453694740238787,34
Clothing,NumBrave,4,0.06453694740238787,34
Clothing,Peach,4,0.06453694740238787,34
Clothing,People,4,0.06453694740238787,34
Clothing,RAA,4,0.06453694740238787,34
Clothing,Rani,4,0.06453694740238787,34
Clothing,Riot Jeans,4,0.06453694740238787,34
Clothing,Royal,4,0.06453694740238787,34
Clothing,Speedo,4,0.06453694740238787,34
Clothing,TIMBERLAKE,4,0.06453694740238787,34
Clothing,UNCLE BENIT,4,0.06453694740238787,34
Clothing,UR Image,4,0.06453694740238787,34
Clothing,Voylla,4,0.06453694740238787,34
Clothing,Zacharias,4,0.06453694740238787,34
Clothing,Zobello,4,0.06453694740238787,34
Clothing,dongli,4,0.06453694740238787,34
Clothing,ADDICTION,3,0.0484027105517909,35
Clothing,BONHEUR,3,0.0484027105517909,35
Clothing,BURDY,3,0.0484027105517909,35
Clothing,Baby Pink,3,0.0484027105517909,35
Clothing,Beebay,3,0.0484027105517909,35
Clothing,Casual,3,0.0484027105517909,35
Clothing,Coffee,3,0.0484027105517909,35
Clothing,Cream,3,0.0484027105517909,35
Clothing,Crux&Hunter,3,0.0484027105517909,35
Clothing,Cutecumber,3,0.0484027105517909,35
Clothing,Day By Day,3,0.0484027105517909,35
Clothing,Embibo,3,0.0484027105517909,35
Clothing,FATEN,3,0.0484027105517909,35
Clothing,Goodkarma,3,0.0484027105517909,35
Clothing,Great Art,3,0.0484027105517909,35
Clothing,Gulmohar Jaipur,3,0.0484027105517909,35
Clothing,HRX by Hrithik Roshan,3,0.0484027105517909,35
Clothing,HUNYBUNI,3,0.0484027105517909,35
Clothing,INDRICKA,3,0.0484027105517909,35
Clothing,Jbn Creation,3,0.0484027105517909,35
Clothing,Krasiv,3,0.0484027105517909,35
Clothing,Lolaski,3,0.0484027105517909,35
Clothing,Love More,3,0.0484027105517909,35
Clothing,Marks & Spencer,3,0.0484027105517909,35
Clothing,Mayor,3,0.0484027105517909,35
Clothing,Mehroon,3,0.0484027105517909,35
Clothing,NA,3,0.0484027105517909,35
Clothing,Naughty Ninos,3,0.0484027105517909,35
Clothing,Novel,3,0.0484027105517909,35
Clothing,PANIT,3,0.0484027105517909,35
Clothing,PURYS,3,0.0484027105517909,35
Clothing,Pavino,3,0.0484027105517909,35
Clothing,Pezzava,3,0.0484027105517909,35
Clothing,RETAIL SHOP INDIA,3,0.0484027105517909,35
Clothing,RadadiyaTRD,3,0.0484027105517909,35
Clothing,Rama,3,0.0484027105517909,35
Clothing,Realx Fit,3,0.0484027105517909,35
Clothing,SAYITLOUD,3,0.0484027105517909,35
Clothing,SIESTA,3,0.0484027105517909,35
Clothing,SKIN,3,0.0484027105517909,35
Clothing,Saarah,3,0.0484027105517909,35
Clothing,Shaun,3,0.0484027105517909,35
Clothing,Shoprillo,3,0.0484027105517909,35
Clothing,Shreeka,3,0.0484027105517909,35
Clothing,Sitaram,3,0.0484027105517909,35
Clothing,Starsy,3,0.0484027105517909,35
Clothing,Trim,3,0.0484027105517909,35
Clothing,Viral Girl,3,0.0484027105517909,35
Clothing,W,3,0.0484027105517909,35
Clothing,Wake Up Competition,3,0.0484027105517909,35
Clothing,e-Fresh,3,0.0484027105517909,35
Clothing,piftif,3,0.0484027105517909,35
Clothing,1OAK,2,0.032268473701193935,36
Clothing,612 League,2,0.032268473701193935,36
Clothing,69th Avenue,2,0.032268473701193935,36
Clothing,ARISE,2,0.032268473701193935,36
Clothing,ATHENA,2,0.032268473701193935,36
Clothing,Aarushi Fashion,2,0.032268473701193935,36
Clothing,Abhinl Fashion,2,0.032268473701193935,36
Clothing,Allen Solly,2,0.032268473701193935,36
Clothing,Amante,2,0.032268473701193935,36
Clothing,American Swan,2,0.032268473701193935,36
Clothing,Andrew Christian,2,0.032268473701193935,36
Clothing,Antistreet,2,0.032268473701193935,36
Clothing,Ashdan,2,0.032268473701193935,36
Clothing,At Ur Door,2,0.032268473701193935,36
Clothing,BIKER BOYS,2,0.032268473701193935,36
Clothing,BOLLYWOOD ACCESSORY,2,0.032268473701193935,36
Clothing,BOMBAY VELVAT FAB,2,0.032268473701193935,36
Clothing,Bells and Whistles,2,0.032268473701193935,36
Clothing,Black Bee,2,0.032268473701193935,36
Clothing,Body Care,2,0.032268473701193935,36
Clothing,Bold Black,2,0.032268473701193935,36
Clothing,CORA,2,0.032268473701193935,36
Clothing,COTTON ON KIDS,2,0.032268473701193935,36
Clothing,CREEDS,2,0.032268473701193935,36
Clothing,Calvin Klein,2,0.032268473701193935,36
Clothing,Carrel,2,0.032268473701193935,36
Clothing,Carrot Pink,2,0.032268473701193935,36
Clothing,Carrot Red,2,0.032268473701193935,36
Clothing,Clench,2,0.032268473701193935,36
Clothing,Creez,2,0.032268473701193935,36
Clothing,D-ROCK,2,0.032268473701193935,36
Clothing,DIVAS CHOICE,2,0.032268473701193935,36
Clothing,Dark Grey,2,0.032268473701193935,36
Clothing,Dernier Wear,2,0.032268473701193935,36
Clothing,ELLE,2,0.032268473701193935,36
Clothing,Eccellente,2,0.032268473701193935,36
Clothing,Embellish outfits,2,0.032268473701193935,36
Clothing,Esteem,2,0.032268473701193935,36
Clothing,EthnicQueen,2,0.032268473701193935,36
Clothing,FS Mini Klub,2,0.032268473701193935,36
Clothing,Fab Nisa,2,0.032268473701193935,36
Clothing,Feminine,2,0.032268473701193935,36
Clothing,Finesse,2,0.032268473701193935,36
Clothing,Finger's,2,0.032268473701193935,36
Clothing,Flying Port,2,0.032268473701193935,36
Clothing,GM,2,0.032268473701193935,36
Clothing,Go India Store,2,0.032268473701193935,36
Clothing,Gold,2,0.032268473701193935,36
Clothing,Hunny Bunny,2,0.032268473701193935,36
Clothing,INDIRANG,2,0.032268473701193935,36
Clothing,KAVACi,2,0.032268473701193935,36
Clothing,Khwaab Enterprise,2,0.032268473701193935,36
Clothing,Kishore Dresses,2,0.032268473701193935,36
Clothing,Koolkids,2,0.032268473701193935,36
Clothing,Kothari,2,0.032268473701193935,36
Clothing,L'appel Du Vide,2,0.032268473701193935,36
Clothing,Lavennder,2,0.032268473701193935,36
Clothing,Limerence,2,0.032268473701193935,36
Clothing,Magideal,2,0.032268473701193935,36
Clothing,Majenta,2,0.032268473701193935,36
Clothing,Mee Mee,2,0.032268473701193935,36
Clothing,Monmione,2,0.032268473701193935,36
Clothing,Monte Carlo,2,0.032268473701193935,36
Clothing,Multi,2,0.032268473701193935,36
Clothing,NEWLOOK,2,0.032268473701193935,36
Clothing,NOQNOQ,2,0.032268473701193935,36
Clothing,Nautica,2,0.032268473701193935,36
Clothing,Nordlich,2,0.032268473701193935,36
Clothing,Normal Fit,2,0.032268473701193935,36
Clothing,Only,2,0.032268473701193935,36
Clothing,Orange and Orchid,2,0.032268473701193935,36
Clothing,Oye,2,0.032268473701193935,36
Clothing,PURPLE,2,0.032268473701193935,36
Clothing,Pokizo,2,0.032268473701193935,36
Clothing,RIPR,2,0.032268473701193935,36
Clothing,RPB,2,0.032268473701193935,36
Clothing,Rainfun,2,0.032268473701193935,36
Clothing,Raymond,2,0.032268473701193935,36
Clothing,Reebok,2,0.032268473701193935,36
Clothing,Reinvent,2,0.032268473701193935,36
Clothing,Relaxed,2,0.032268473701193935,36
Clothing,S9 WOMEN,2,0.032268473701193935,36
Clothing,SAARAH,2,0.032268473701193935,36
Clothing,SUNWIN,2,0.032268473701193935,36
Clothing,SVT ADA COLLECTIONS,2,0.032268473701193935,36
Clothing,SWARN,2,0.032268473701193935,36
Clothing,Salwar Studio,2,0.032268473701193935,36
Clothing,Selfiwear,2,0.032268473701193935,36
Clothing,Shonaya,2,0.032268473701193935,36
Clothing,Shwetna.com,2,0.032268473701193935,36
Clothing,Sinina,2,0.032268473701193935,36
Clothing,Sky Blue,2,0.032268473701193935,36
Clothing,Stylenara,2,0.032268473701193935,36
Clothing,TAMBAS,2,0.032268473701193935,36
Clothing,THELABELLIFE.com,2,0.032268473701193935,36
Clothing,TeeSort,2,0.032268473701193935,36
Clothing,Texlon,2,0.032268473701193935,36
Clothing,Tiny Toon,2,0.032268473701193935,36
Clothing,Trackdeal,2,0.032268473701193935,36
Clothing,Traditions,2,0.032268473701193935,36
Clothing,Tullis,2,0.032268473701193935,36
Clothing,UMA TRADERS,2,0.032268473701193935,36
Clothing,Uptownie Lite,2,0.032268473701193935,36
Clothing,V3Squared,2,0.032268473701193935,36
Clothing,Valentine,2,0.032268473701193935,36
Clothing,Vector X,2,0.032268473701193935,36
Clothing,Very Me,2,0.032268473701193935,36
Clothing,Welwear,2,0.032268473701193935,36
Clothing,Wetex Premium,2,0.032268473701193935,36
Clothing,Yoshana,2,0.032268473701193935,36
Clothing,Zastraa,2,0.032268473701193935,36
Clothing,Zippy,2,0.032268473701193935,36
Clothing,blue stag,2,0.032268473701193935,36
Clothing,chamanhandicrafts,2,0.032268473701193935,36
Clothing,diva boutique,2,0.032268473701193935,36
Clothing,jay fashion,2,0.032268473701193935,36
Clothing,kea,2,0.032268473701193935,36
Clothing,khodal fashion,2,0.032268473701193935,36
Clothing,o.h.m,2,0.032268473701193935,36
Clothing,stylishvilla,2,0.032268473701193935,36
Clothing,ABIDA,1,0.016134236850596968,37
Clothing,AHAANA FASHION,1,0.016134236850596968,37
Clothing,ARMOIRE,1,0.016134236850596968,37
Clothing,Aadishwar Creations,1,0.016134236850596968,37
Clothing,AaliyaB,1,0.016134236850596968,37
Clothing,Aarti Collections,1,0.016134236850596968,37
Clothing,Aavaya Fashion,1,0.016134236850596968,37
Clothing,Abony,1,0.016134236850596968,37
Clothing,Abstract Mood,1,0.016134236850596968,37
Clothing,Adidas,1,0.016134236850596968,37
Clothing,Adt Saral,1,0.016134236850596968,37
Clothing,AirFlow,1,0.016134236850596968,37
Clothing,Alark The Ethnic,1,0.016134236850596968,37
Clothing,Alobha,1,0.016134236850596968,37
Clothing,Amadore,1,0.016134236850596968,37
Clothing,Ambika Lahenga,1,0.016134236850596968,37
Clothing,American-Elm,1,0.016134236850596968,37
Clothing,Amirich,1,0.016134236850596968,37
Clothing,Anuze Fashions,1,0.016134236850596968,37
Clothing,Aqua,1,0.016134236850596968,37
Clothing,Arshia Fashions,1,0.016134236850596968,37
Clothing,Athena,1,0.016134236850596968,37
Clothing,Atithee,1,0.016134236850596968,37
Clothing,Aurelia,1,0.016134236850596968,37
Clothing,Autokartindia,1,0.016134236850596968,37
Clothing,Avyak,1,0.016134236850596968,37
Clothing,Awesome,1,0.016134236850596968,37
Clothing,Awesome Fab,1,0.016134236850596968,37
Clothing,BACHELORS N BEYOND,1,0.016134236850596968,37
Clothing,BODYSENSE,1,0.016134236850596968,37
Clothing,BOTH11,1,0.016134236850596968,37
Clothing,BUMPKIN,1,0.016134236850596968,37
Clothing,Bada Saab Juniors,1,0.016134236850596968,37
Clothing,Bella Moda,1,0.016134236850596968,37
Clothing,BelleGirl,1,0.016134236850596968,37
Clothing,Berge,1,0.016134236850596968,37
Clothing,Bio Kid,1,0.016134236850596968,37
Clothing,Black & Yellow,1,0.016134236850596968,37
Clothing,Black Multi,1,0.016134236850596968,37
Clothing,Black/ White,1,0.016134236850596968,37
Clothing,Blinkin,1,0.016134236850596968,37
Clothing,Brahaan BLUE TAG,1,0.016134236850596968,37
Clothing,BrandMeUp,1,0.016134236850596968,37
Clothing,Broche,1,0.016134236850596968,37
Clothing,CHIKFAB,1,0.016134236850596968,37
Clothing,CLUB YORK,1,0.016134236850596968,37
Clothing,Cayman,1,0.016134236850596968,37
Clothing,Champ,1,0.016134236850596968,37
Clothing,Change360°,1,0.016134236850596968,37
Clothing,Cherry,1,0.016134236850596968,37
Clothing,Cinderella,1,0.016134236850596968,37
Clothing,Clareo,1,0.016134236850596968,37
Clothing,Clickroo,1,0.016134236850596968,37
Clothing,Coash,1,0.016134236850596968,37
Clothing,Cobb,1,0.016134236850596968,37
Clothing,ColorPlus,1,0.016134236850596968,37
Clothing,Comfort,1,0.016134236850596968,37
Clothing,Comfortable Fit,1,0.016134236850596968,37
Clothing,Cotson,1,0.016134236850596968,37
Clothing,Cotton World,1,0.016134236850596968,37
Clothing,Cotts Hub,1,0.016134236850596968,37
Clothing,Coucou,1,0.016134236850596968,37
Clothing,CrayonFlakes,1,0.016134236850596968,37
Clothing,Cynthia's Fashion,1,0.016134236850596968,37
Clothing,DEEPAK N DIVYA,1,0.016134236850596968,37
Clothing,DENIM CAFE,1,0.016134236850596968,37
Clothing,DFH,1,0.016134236850596968,37
Clothing,DOLZ,1,0.016134236850596968,37
Clothing,DOUBLE HORSE,1,0.016134236850596968,37
Clothing,Da intimo,1,0.016134236850596968,37
Clothing,Dark Blue,1,0.016134236850596968,37
Clothing,Dark Green,1,0.016134236850596968,37
Clothing,Dark Red,1,0.016134236850596968,37
Clothing,Dark Skinny,1,0.016134236850596968,37
Clothing,Darkpink,1,0.016134236850596968,37
Clothing,Decot Paradise,1,0.016134236850596968,37
Clothing,Deep Lavender,1,0.016134236850596968,37
Clothing,Deep Maroon,1,0.016134236850596968,37
Clothing,Demokrazy,1,0.016134236850596968,37
Clothing,Denim 86,1,0.016134236850596968,37
Clothing,Design Desk,1,0.016134236850596968,37
Clothing,Dispowear,1,0.016134236850596968,37
Clothing,Download Apparel,1,0.016134236850596968,37
Clothing,Dreamszone,1,0.016134236850596968,37
Clothing,E'Hiose,1,0.016134236850596968,37
Clothing,ENTEASE,1,0.016134236850596968,37
Clothing,EVER WEAR,1,0.016134236850596968,37
Clothing,Elligator,1,0.016134236850596968,37
Clothing,Ennoble,1,0.016134236850596968,37
Clothing,Ethiic,1,0.016134236850596968,37
Clothing,Ethnic Rajasthan,1,0.016134236850596968,37
Clothing,F-Loop,1,0.016134236850596968,37
Clothing,FTCBazar,1,0.016134236850596968,37
Clothing,Fab Palace,1,0.016134236850596968,37
Clothing,Fabcart,1,0.016134236850596968,37
Clothing,Falsa,1,0.016134236850596968,37
Clothing,Fame16,1,0.016134236850596968,37
Clothing,Fanideaz,1,0.016134236850596968,37
Clothing,Fashion Forever,1,0.016134236850596968,37
Clothing,Fashion18,1,0.016134236850596968,37
Clothing,Fashiondeal,1,0.016134236850596968,37
Clothing,Feminin,1,0.016134236850596968,37
Clothing,Firozy,1,0.016134236850596968,37
Clothing,Fpc Creations,1,0.016134236850596968,37
Clothing,FreeHand,1,0.016134236850596968,37
Clothing,GO LUCKNOW,1,0.016134236850596968,37
Clothing,GOLDEN GIRL,1,0.016134236850596968,37
Clothing,GREENWICH,1,0.016134236850596968,37
Clothing,GREY,1,0.016134236850596968,37
Clothing,Galexy Fashion,1,0.016134236850596968,37
Clothing,Garlynn,1,0.016134236850596968,37
Clothing,Gee & Bee,1,0.016134236850596968,37
Clothing,Glitterss,1,0.016134236850596968,37
Clothing,Goodwill Impex,1,0.016134236850596968,37
Clothing,Gopalvilla,1,0.016134236850596968,37
Clothing,Green-Black,1,0.016134236850596968,37
Clothing,Grey & Black,1,0.016134236850596968,37
Clothing,Grey & White,1,0.016134236850596968,37
Clothing,Grey Melange,1,0.016134236850596968,37
Clothing,Grey/ White,1,0.016134236850596968,37
Clothing,Gudi,1,0.016134236850596968,37
Clothing,Gwyn lingerie,1,0.016134236850596968,37
Clothing,HANS,1,0.016134236850596968,37
Clothing,HIMGIRI,1,0.016134236850596968,37
Clothing,HSFS,1,0.016134236850596968,37
Clothing,Hangrr,1,0.016134236850596968,37
Clothing,HealthMax,1,0.016134236850596968,37
Clothing,Heart 2 Heart,1,0.016134236850596968,37
Clothing,Hers by Herman,1,0.016134236850596968,37
Clothing,Hitobito,1,0.016134236850596968,37
Clothing,Hoffmen,1,0.016134236850596968,37
Clothing,Hot Pink,1,0.016134236850596968,37
Clothing,Hot Wheels,1,0.016134236850596968,37
Clothing,Hustler,1,0.016134236850596968,37
Clothing,I Know,1,0.016134236850596968,37
Clothing,I cube,1,0.016134236850596968,37
Clothing,ISHWA,1,0.016134236850596968,37
Clothing,Indcrown,1,0.016134236850596968,37
Clothing,Inddus,1,0.016134236850596968,37
Clothing,Indiatrendzs,1,0.016134236850596968,37
Clothing,Indigocart,1,0.016134236850596968,37
Clothing,Ira Soleil,1,0.016134236850596968,37
Clothing,JHON DIEGO,1,0.016134236850596968,37
Clothing,Jack & Jones,1,0.016134236850596968,37
Clothing,Jaipurkurti,1,0.016134236850596968,37
Clothing,Jayanti sarees,1,0.016134236850596968,37
Clothing,Jeet,1,0.016134236850596968,37
Clothing,Jheel,1,0.016134236850596968,37
Clothing,John Players,1,0.016134236850596968,37
Clothing,KA,1,0.016134236850596968,37
Clothing,KAJCI,1,0.016134236850596968,37
Clothing,KANCHOO,1,0.016134236850596968,37
Clothing,KAPFAB,1,0.016134236850596968,37
Clothing,KAROZ,1,0.016134236850596968,37
Clothing,KHI,1,0.016134236850596968,37
Clothing,KID'S STOP,1,0.016134236850596968,37
Clothing,KIDS VILLAGE,1,0.016134236850596968,37
Clothing,KRAZY KATZ,1,0.016134236850596968,37
Clothing,KRiSS,1,0.016134236850596968,37
Clothing,Kabeer,1,0.016134236850596968,37
Clothing,Kalt,1,0.016134236850596968,37
Clothing,Kamakshi Krafts,1,0.016134236850596968,37
Clothing,Kanvin,1,0.016134236850596968,37
Clothing,KazamaKraft,1,0.016134236850596968,37
Clothing,Kazo,1,0.016134236850596968,37
Clothing,Khaan Saab Editions,1,0.016134236850596968,37
Clothing,Khushi Fashions,1,0.016134236850596968,37
Clothing,King George V,1,0.016134236850596968,37
Clothing,Kiosha,1,0.016134236850596968,37
Clothing,Kitts N Nevis,1,0.016134236850596968,37
Clothing,Knot in Love,1,0.016134236850596968,37
Clothing,Kook N Keech Disney,1,0.016134236850596968,37
Clothing,Kute Kids,1,0.016134236850596968,37
Clothing,LA ATTIRE,1,0.016134236850596968,37
Clothing,LAADLI JI,1,0.016134236850596968,37
Clothing,LAST BENCH,1,0.016134236850596968,37
Clothing,LATHERO,1,0.016134236850596968,37
Clothing,LGC,1,0.016134236850596968,37
Clothing,LILZIZU,1,0.016134236850596968,37
Clothing,LIME,1,0.016134236850596968,37
Clothing,LUX,1,0.016134236850596968,37
Clothing,Laadli Bouitique,1,0.016134236850596968,37
Clothing,Laadli Boutique,1,0.016134236850596968,37
Clothing,Lady Stark,1,0.016134236850596968,37
Clothing,Lakos,1,0.016134236850596968,37
Clothing,Lambency,1,0.016134236850596968,37
Clothing,Lance,1,0.016134236850596968,37
Clothing,Laser X,1,0.016134236850596968,37
Clothing,LefJord,1,0.016134236850596968,37
Clothing,Leo n Babes,1,0.016134236850596968,37
Clothing,Leopard Print,1,0.016134236850596968,37
Clothing,Light Brown,1,0.016134236850596968,37
Clothing,Light Green,1,0.016134236850596968,37
Clothing,Light Orange,1,0.016134236850596968,37
Clothing,Light Purple,1,0.016134236850596968,37
Clothing,Light pink,1,0.016134236850596968,37
Clothing,LightPink,1,0.016134236850596968,37
Clothing,Lilpicks Couture,1,0.016134236850596968,37
Clothing,Little Kangaroos,1,0.016134236850596968,37
Clothing,Little's Wear,1,0.016134236850596968,37
Clothing,Livastar,1,0.016134236850596968,37
Clothing,Liz Lange,1,0.016134236850596968,37
Clothing,Lotusa,1,0.016134236850596968,37
Clothing,Lux Inferno,1,0.016134236850596968,37
Clothing,MAGENTA,1,0.016134236850596968,37
Clothing,MIRICHI,1,0.016134236850596968,37
Clothing,MRB,1,0.016134236850596968,37
Clothing,MTB,1,0.016134236850596968,37
Clothing,Magentta,1,0.016134236850596968,37
Clothing,Magneto,1,0.016134236850596968,37
Clothing,Man2 OSH Kimaka,1,0.016134236850596968,37
Clothing,Maniac,1,0.016134236850596968,37
Clothing,Mankoose,1,0.016134236850596968,37
Clothing,Mario Gotze,1,0.016134236850596968,37
Clothing,Martini,1,0.016134236850596968,37
Clothing,Masaba for Magic fairy,1,0.016134236850596968,37
Clothing,Mast & Harbour,1,0.016134236850596968,37
Clothing,Maveric,1,0.016134236850596968,37
Clothing,Max,1,0.016134236850596968,37
Clothing,Meera,1,0.016134236850596968,37
Clothing,Menjestic,1,0.016134236850596968,37
Clothing,Mi Dulce An'ya,1,0.016134236850596968,37
Clothing,Mickey And Friends,1,0.016134236850596968,37
Clothing,Mineral,1,0.016134236850596968,37
Clothing,Miway,1,0.016134236850596968,37
Clothing,Mizuno,1,0.016134236850596968,37
Clothing,MomToBe,1,0.016134236850596968,37
Clothing,Momin Libas,1,0.016134236850596968,37
Clothing,Morph Maternity,1,0.016134236850596968,37
Clothing,Mustard,1,0.016134236850596968,37
Clothing,My Lil' Berry,1,0.016134236850596968,37
Clothing,N.Blue,1,0.016134236850596968,37
Clothing,NEXASHOP,1,0.016134236850596968,37
Clothing,NILE BLUE,1,0.016134236850596968,37
Clothing,NIPPY,1,0.016134236850596968,37
Clothing,NIROSHA,1,0.016134236850596968,37
Clothing,NavyBlue,1,0.016134236850596968,37
Clothing,Neon Pink,1,0.016134236850596968,37
Clothing,New tastemaker,1,0.016134236850596968,37
Clothing,Nike,1,0.016134236850596968,37
Clothing,Nimfill,1,0.016134236850596968,37
Clothing,Ninecolours,1,0.016134236850596968,37
Clothing,Nineteen,1,0.016134236850596968,37
Clothing,Nino Bambino,1,0.016134236850596968,37
Clothing,Nite Flite,1,0.016134236850596968,37
Clothing,Njoy,1,0.016134236850596968,37
Clothing,Noise,1,0.016134236850596968,37
Clothing,Nude,1,0.016134236850596968,37
Clothing,Nuteez,1,0.016134236850596968,37
Clothing,O Baby,1,0.016134236850596968,37
Clothing,Ocean India,1,0.016134236850596968,37
Clothing,Odoky,1,0.016134236850596968,37
Clothing,Okane,1,0.016134236850596968,37
Clothing,Ole Baby,1,0.016134236850596968,37
Clothing,Olive Green,1,0.016134236850596968,37
Clothing,Oner,1,0.016134236850596968,37
Clothing,Oranje,1,0.016134236850596968,37
Clothing,Osmonde,1,0.016134236850596968,37
Clothing,PALSUN WEARS,1,0.016134236850596968,37
Clothing,PI ZON,1,0.016134236850596968,37
Clothing,Pakiza Design,1,0.016134236850596968,37
Clothing,Panit,1,0.016134236850596968,37
Clothing,Paranoid,1,0.016134236850596968,37
Clothing,Pari & Prince,1,0.016134236850596968,37
Clothing,Park Avenue,1,0.016134236850596968,37
Clothing,Pavvoin,1,0.016134236850596968,37
Clothing,Pazel,1,0.016134236850596968,37
Clothing,Peach Red,1,0.016134236850596968,37
Clothing,Peppermint Blues,1,0.016134236850596968,37
Clothing,Perfect,1,0.016134236850596968,37
Clothing,PerfectBlue,1,0.016134236850596968,37
Clothing,Philigree,1,0.016134236850596968,37
Clothing,Pick Pocket,1,0.016134236850596968,37
Clothing,Pioneer International,1,0.016134236850596968,37
Clothing,Platinum,1,0.016134236850596968,37
Clothing,Plus,1,0.016134236850596968,37
Clothing,Pogo,1,0.016134236850596968,37
Clothing,Point Fit,1,0.016134236850596968,37
Clothing,Port,1,0.016134236850596968,37
Clothing,Powder Blue,1,0.016134236850596968,37
Clothing,Proteens,1,0.016134236850596968,37
Clothing,Prrem's,1,0.016134236850596968,37
Clothing,Prym,1,0.016134236850596968,37
Clothing,Pumpkin Patch,1,0.016134236850596968,37
Clothing,PurePlay,1,0.016134236850596968,37
Clothing,Purple Nasty,1,0.016134236850596968,37
Clothing,Quechua,1,0.016134236850596968,37
Clothing,Quenell,1,0.016134236850596968,37
Clothing,Quiksilver,1,0.016134236850596968,37
Clothing,R-Lon,1,0.016134236850596968,37
Clothing,RANGSUTRA,1,0.016134236850596968,37
Clothing,REAL,1,0.016134236850596968,37
Clothing,RONAKSILK,1,0.016134236850596968,37
Clothing,ROSHNI FASHIONS,1,0.016134236850596968,37
Clothing,Red Peach,1,0.016134236850596968,37
Clothing,Red Rose,1,0.016134236850596968,37
Clothing,Redesign,1,0.016134236850596968,37
Clothing,Reevolution,1,0.016134236850596968,37
Clothing,Reinforce,1,0.016134236850596968,37
Clothing,Retaaz,1,0.016134236850596968,37
Clothing,Richard Cole,1,0.016134236850596968,37
Clothing,Ridhi-Impex,1,0.016134236850596968,37
Clothing,Rosaline,1,0.016134236850596968,37
Clothing,Rossini,1,0.016134236850596968,37
Clothing,Rouge Red,1,0.016134236850596968,37
Clothing,Royal Blue,1,0.016134236850596968,37
Clothing,Royal Enfield,1,0.016134236850596968,37
Clothing,Royal Kurta,1,0.016134236850596968,37
Clothing,Rust,1,0.016134236850596968,37
Clothing,SAE FASHIONS,1,0.016134236850596968,37
Clothing,SAJAY FASHIONS,1,0.016134236850596968,37
Clothing,SAJNA CELEBRATIONS,1,0.016134236850596968,37
Clothing,SATYA SITA,1,0.016134236850596968,37
Clothing,SAVON,1,0.016134236850596968,37
Clothing,SHIMZA,1,0.016134236850596968,37
Clothing,SHOP FRENZY,1,0.016134236850596968,37
Clothing,SINGHAM,1,0.016134236850596968,37
Clothing,SKIDLERS,1,0.016134236850596968,37
Clothing,SKOOKIE,1,0.016134236850596968,37
Clothing,SLS,1,0.016134236850596968,37
Clothing,SM Nutrition,1,0.016134236850596968,37
Clothing,SUNPLEON,1,0.016134236850596968,37
Clothing,Saar,1,0.016134236850596968,37
Clothing,Sai Senorita,1,0.016134236850596968,37
Clothing,Satrani,1,0.016134236850596968,37
Clothing,SayItLoud,1,0.016134236850596968,37
Clothing,Scholar,1,0.016134236850596968,37
Clothing,Scot Wilson,1,0.016134236850596968,37
Clothing,Sera,1,0.016134236850596968,37
Clothing,Sharleez,1,0.016134236850596968,37
Clothing,Shayona,1,0.016134236850596968,37
Clothing,Shiyara,1,0.016134236850596968,37
Clothing,Shopmore,1,0.016134236850596968,37
Clothing,Shree Creation,1,0.016134236850596968,37
Clothing,Simran,1,0.016134236850596968,37
Clothing,Sizzlacious,1,0.016134236850596968,37
Clothing,Skanders,1,0.016134236850596968,37
Clothing,Skinny Fit,1,0.016134236850596968,37
Clothing,Sleek Line,1,0.016134236850596968,37
Clothing,Slim fit,1,0.016134236850596968,37
Clothing,Smart Fit,1,0.016134236850596968,37
Clothing,Snuggles,1,0.016134236850596968,37
Clothing,Sohardhastshilp,1,0.016134236850596968,37
Clothing,Sona,1,0.016134236850596968,37
Clothing,Sonpra,1,0.016134236850596968,37
Clothing,Souminie,1,0.016134236850596968,37
Clothing,Spa Culture,1,0.016134236850596968,37
Clothing,Spictex,1,0.016134236850596968,37
Clothing,Spink,1,0.016134236850596968,37
Clothing,Standard Fit,1,0.016134236850596968,37
Clothing,Status Quo,1,0.016134236850596968,37
Clothing,Sting,1,0.016134236850596968,37
Clothing,Styleworld,1,0.016134236850596968,37
Clothing,StyloFashionGarments,1,0.016134236850596968,37
Clothing,Swag India,1,0.016134236850596968,37
Clothing,T THREE,1,0.016134236850596968,37
Clothing,TARAMA,1,0.016134236850596968,37
Clothing,TOC,1,0.016134236850596968,37
Clothing,TSG Breeze,1,0.016134236850596968,37
Clothing,TSG Escape,1,0.016134236850596968,37
Clothing,Tara Lifestyle,1,0.016134236850596968,37
Clothing,Tatkim,1,0.016134236850596968,37
Clothing,The Design Factory,1,0.016134236850596968,37
Clothing,Tillu Pillu,1,0.016134236850596968,37
Clothing,Tipsy,1,0.016134236850596968,37
Clothing,Toddla,1,0.016134236850596968,37
Clothing,Toy Balloon Kids,1,0.016134236850596968,37
Clothing,Trend Notes,1,0.016134236850596968,37
Clothing,Trendy Divva,1,0.016134236850596968,37
Clothing,Trendy Girls,1,0.016134236850596968,37
Clothing,Triumph,1,0.016134236850596968,37
Clothing,Trmpi,1,0.016134236850596968,37
Clothing,TruSo,1,0.016134236850596968,37
Clothing,Tryfa,1,0.016134236850596968,37
Clothing,Turquise,1,0.016134236850596968,37
Clothing,Turquoise,1,0.016134236850596968,37
Clothing,TwiQ S.A. Garments,1,0.016134236850596968,37
Clothing,Twin Twine,1,0.016134236850596968,37
Clothing,URBAN SHAUK,1,0.016134236850596968,37
Clothing,Unique Fashion,1,0.016134236850596968,37
Clothing,Urbanvillage,1,0.016134236850596968,37
Clothing,V-AARCI,1,0.016134236850596968,37
Clothing,V3iShop,1,0.016134236850596968,37
Clothing,VASTRAM,1,0.016134236850596968,37
Clothing,Vala'S,1,0.016134236850596968,37
Clothing,Van Don,1,0.016134236850596968,37
Clothing,Vastrani,1,0.016134236850596968,37
Clothing,Vedant Lifestyle,1,0.016134236850596968,37
Clothing,Vibrant Yellow,1,0.016134236850596968,37
Clothing,Vio,1,0.016134236850596968,37
Clothing,Viyasha,1,0.016134236850596968,37
Clothing,W.A.Y,1,0.016134236850596968,37
Clothing,Wardtrobe,1,0.016134236850596968,37
Clothing,Weavers Villa,1,0.016134236850596968,37
Clothing,White and Blue,1,0.016134236850596968,37
Clothing,Wonder World,1,0.016134236850596968,37
Clothing,X-Poz,1,0.016134236850596968,37
Clothing,YELLOW,1,0.016134236850596968,37
Clothing,Yellow Pingo,1,0.016134236850596968,37
Clothing,ZALULA,1,0.016134236850596968,37
Clothing,Zadine,1,0.016134236850596968,37
Clothing,Zeroed,1,0.016134236850596968,37
Clothing,Zombom,1,0.016134236850596968,37
Clothing,Zrestha,1,0.016134236850596968,37
Clothing,aahnafashion,1,0.016134236850596968,37
Clothing,adidas,1,0.016134236850596968,37
Clothing,appleofmyi,1,0.016134236850596968,37
Clothing,beebay,1,0.016134236850596968,37
Clothing,benext,1,0.016134236850596968,37
Clothing,cherry crumble california,1,0.016134236850596968,37
Clothing,craftland,1,0.016134236850596968,37
Clothing,fashion bazar,1,0.016134236850596968,37
Clothing,fashion point,1,0.016134236850596968,37
Clothing,feminine,1,0.016134236850596968,37
Clothing,ferari,1,0.016134236850596968,37
Clothing,iWonder,1,0.016134236850596968,37
Clothing,k shopping,1,0.016134236850596968,37
Clothing,killys,1,0.016134236850596968,37
Clothing,kush creation,1,0.016134236850596968,37
Clothing,lavender-Black,1,0.016134236850596968,37
Clothing,lil zizu,1,0.016134236850596968,37
Clothing,mae,1,0.016134236850596968,37
Clothing,morpankh Enterprise,1,0.016134236850596968,37
Clothing,prored,1,0.016134236850596968,37
Clothing,rainfun,1,0.016134236850596968,37
Clothing,red,1,0.016134236850596968,37
Clothing,regular,1,0.016134236850596968,37
Clothing,run of luck,1,0.016134236850596968,37
Clothing,saubhagyawatifashions,1,0.016134236850596968,37
Clothing,skhoza,1,0.016134236850596968,37
Clothing,texclusive,1,0.016134236850596968,37
Clothing,topolino,1,0.016134236850596968,37
Clothing,trustedsnap,1,0.016134236850596968,37
Clovia Lingerie Set,Clovia,1,100.0,1
Clovia Women's Full Coverage Bra,Clovia,9,100.0,1
Clovia Women's Plunge Bra,Clovia,1,100.0,1
Clovia Women's T-Shirt Bra,Clovia,6,100.0,1
Computers,Lapguard,37,6.401384083044983,1
Computers,PRINT SHAPES,36,6.228373702422146,2
Computers,Tenda,28,4.844290657439446,3
Computers,Smartpro,26,4.498269896193771,4
Computers,Rega IT,25,4.325259515570934,5
Computers,TP-LINK,22,3.8062283737024223,6
Computers,Asus,21,3.633217993079585,7
Computers,Techone+,20,3.4602076124567476,8
Computers,Netgear,17,2.9411764705882355,9
Computers,D-Link,13,2.2491349480968856,10
Computers,HP,13,2.2491349480968856,10
Computers,Hako,13,2.2491349480968856,10
Computers,ARB,9,1.5570934256055364,11
Computers,Zyxel,9,1.5570934256055364,11
Computers,Belkin,8,1.3840830449826989,12
Computers,iBall,8,1.3840830449826989,12
Computers,Casotec,7,1.2110726643598615,13
Computers,Edimax,7,1.2110726643598615,13
Computers,Memore,7,1.2110726643598615,13
Computers,TRENDnet,7,1.2110726643598615,13
Computers,Iconnect World,6,1.0380622837370241,14
Computers,Intel,6,1.0380622837370241,14
Computers,RRP,6,1.0380622837370241,14
Computers,4D,5,0.8650519031141869,15
Computers,DGB,5,0.8650519031141869,15
Computers,FRENEMY,5,0.8650519031141869,15
Computers,Huawei,5,0.8650519031141869,15
Computers,Netis,5,0.8650519031141869,15
Computers,Orcel,5,0.8650519031141869,15
Computers,Apple,4,0.6920415224913494,16
Computers,JRB,4,0.6920415224913494,16
Computers,Linksys,4,0.6920415224913494,16
Computers,QP360,4,0.6920415224913494,16
Computers,RCE,4,0.6920415224913494,16
Computers,Tapawire,4,0.6920415224913494,16
Computers,Bigkik,3,0.5190311418685121,17
Computers,Binatone,3,0.5190311418685121,17
Computers,Clublaptop,3,0.5190311418685121,17
Computers,Crystle,3,0.5190311418685121,17
Computers,Digisol,3,0.5190311418685121,17
Computers,KLIQVIK,3,0.5190311418685121,17
Computers,Mydress Mystyle,3,0.5190311418685121,17
Computers,Orico,3,0.5190311418685121,17
Computers,Storite,3,0.5190311418685121,17
Computers,Wi-Bridge,3,0.5190311418685121,17
Computers,99Gems,2,0.3460207612456747,18
Computers,Comfast,2,0.3460207612456747,18
Computers,De TechInn,2,0.3460207612456747,18
Computers,Finger's,2,0.3460207612456747,18
Computers,Fonokase,2,0.3460207612456747,18
Computers,Himtek,2,0.3460207612456747,18
Computers,KARP,2,0.3460207612456747,18
Computers,Lava,2,0.3460207612456747,18
Computers,Leoxsys,2,0.3460207612456747,18
Computers,Link+,2,0.3460207612456747,18
Computers,N K Computers,2,0.3460207612456747,18
Computers,Pindia,2,0.3460207612456747,18
Computers,RoQ,2,0.3460207612456747,18
Computers,SHOPRIDER,2,0.3460207612456747,18
Computers,Saco,2,0.3460207612456747,18
Computers,Satzuma,2,0.3460207612456747,18
Computers,ShadowFax,2,0.3460207612456747,18
Computers,Smiledrive,2,0.3460207612456747,18
Computers,TP-Link,2,0.3460207612456747,18
Computers,Tech Gear,2,0.3460207612456747,18
Computers,Toto Link,2,0.3460207612456747,18
Computers,Transcend,2,0.3460207612456747,18
Computers,YGS,2,0.3460207612456747,18
Computers,APOLLO+,1,0.17301038062283736,19
Computers,ASUS,1,0.17301038062283736,19
Computers,Aadishwar Creations,1,0.17301038062283736,19
Computers,Aeoss,1,0.17301038062283736,19
Computers,Agrima,1,0.17301038062283736,19
Computers,Airtel,1,0.17301038062283736,19
Computers,Akshaj,1,0.17301038062283736,19
Computers,Amaze Fashion,1,0.17301038062283736,19
Computers,Anker,1,0.17301038062283736,19
Computers,BEcom,1,0.17301038062283736,19
Computers,Bainsons,1,0.17301038062283736,19
Computers,Beetel,1,0.17301038062283736,19
Computers,Canon,1,0.17301038062283736,19
Computers,Clicko,1,0.17301038062283736,19
Computers,Cubetek,1,0.17301038062283736,19
Computers,D-LINK,1,0.17301038062283736,19
Computers,DivineXt,1,0.17301038062283736,19
Computers,Dizionario,1,0.17301038062283736,19
Computers,Dragon,1,0.17301038062283736,19
Computers,DreamShop,1,0.17301038062283736,19
Computers,Emartbuy,1,0.17301038062283736,19
Computers,Epresent,1,0.17301038062283736,19
Computers,Eureka.in,1,0.17301038062283736,19
Computers,Exilient,1,0.17301038062283736,19
Computers,Filink,1,0.17301038062283736,19
Computers,Forty Creek,1,0.17301038062283736,19
Computers,GANPATI WHOLSALER,1,0.17301038062283736,19
Computers,GadgetGuru,1,0.17301038062283736,19
Computers,Generix,1,0.17301038062283736,19
Computers,Gigabyte,1,0.17301038062283736,19
Computers,Hotshot,1,0.17301038062283736,19
Computers,I Ball,1,0.17301038062283736,19
Computers,ISUN,1,0.17301038062283736,19
Computers,Iball,1,0.17301038062283736,19
Computers,Instella,1,0.17301038062283736,19
Computers,Intex,1,0.17301038062283736,19
Computers,JK Cartridge,1,0.17301038062283736,19
Computers,Japdan,1,0.17301038062283736,19
Computers,Jettec,1,0.17301038062283736,19
Computers,Karp,1,0.17301038062283736,19
Computers,Karpine,1,0.17301038062283736,19
Computers,Kensington,1,0.17301038062283736,19
Computers,KoldFire,1,0.17301038062283736,19
Computers,LUV,1,0.17301038062283736,19
Computers,Laploma,1,0.17301038062283736,19
Computers,Lifestyle-You,1,0.17301038062283736,19
Computers,MRK Communication,1,0.17301038062283736,19
Computers,Merlin,1,0.17301038062283736,19
Computers,Mobirite,1,0.17301038062283736,19
Computers,Neon,1,0.17301038062283736,19
Computers,Neopack,1,0.17301038062283736,19
Computers,Nova,1,0.17301038062283736,19
Computers,Onnet,1,0.17301038062283736,19
Computers,Ophion,1,0.17301038062283736,19
Computers,Peepal Comm,1,0.17301038062283736,19
Computers,Rock,1,0.17301038062283736,19
Computers,RoyalLifestyle,1,0.17301038062283736,19
Computers,SJ,1,0.17301038062283736,19
Computers,SMC,1,0.17301038062283736,19
Computers,SahiBUY,1,0.17301038062283736,19
Computers,Samsung,1,0.17301038062283736,19
Computers,Sangaitap,1,0.17301038062283736,19
Computers,Scomp,1,0.17301038062283736,19
Computers,Setu Infocom,1,0.17301038062283736,19
Computers,Shadow Fax,1,0.17301038062283736,19
Computers,Shine Tech,1,0.17301038062283736,19
Computers,ShopFloor.XYZ,1,0.17301038062283736,19
Computers,Shopfloor.XYZ,1,0.17301038062283736,19
Computers,Shopizone,1,0.17301038062283736,19
Computers,Sitech,1,0.17301038062283736,19
Computers,Smartpower,1,0.17301038062283736,19
Computers,Speed,1,0.17301038062283736,19
Computers,Star Wars,1,0.17301038062283736,19
Computers,Stuffcool,1,0.17301038062283736,19
Computers,Sunlast,1,0.17301038062283736,19
Computers,Sygtech,1,0.17301038062283736,19
Computers,TRENDIEZ,1,0.17301038062283736,19
Computers,Task Logistics,1,0.17301038062283736,19
Computers,Think3,1,0.17301038062283736,19
Computers,Tp-Link,1,0.17301038062283736,19
Computers,Ubiquiti,1,0.17301038062283736,19
Computers,Unknown,1,0.17301038062283736,19
Computers,Via Flowers Llp,1,0.17301038062283736,19
Computers,Vodafone,1,0.17301038062283736,19
Computers,WD,1,0.17301038062283736,19
Computers,WPM,1,0.17301038062283736,19
Computers,White,1,0.17301038062283736,19
Computers,Zaicus,1,0.17301038062283736,19
Computers,Zingalalaa,1,0.17301038062283736,19
Computers,Zoook,1,0.17301038062283736,19
Computers,cm,1,0.17301038062283736,19
Computers,eGizmos,1,0.17301038062283736,19
Computers,frontech,1,0.17301038062283736,19
Computers,iConnect World,1,0.17301038062283736,19
Computers,iZOTRON,1,0.17301038062283736,19
Computers,tp-Link,1,0.17301038062283736,19
Computers,vency creation,1,0.17301038062283736,19
Corcepts Universal Tablet HD Ultra Clear Transpa...,Corcepts,2,100.0,1
Crafty Hands Kutchchi Mirrorwork Tapestry (Maroon),Crafty Hands,2,100.0,1
D&D Women Flats,D&D,2,100.0,1
Dassler Slim Fit Women's Multicolor Jeans,Dassler,3,100.0,1
Dilan Jewels Alloy Zircon 18K Yellow Gold Bangle...,Dilan Jewels,3,100.0,1
Disney Printed Baby Boy's Hooded Grey T-Shirt,Disney,1,100.0,1
Dolz Slim Fit Fit Women's Brown Jeans,Dolz,1,100.0,1
Dremel 2615.023.132 Plastic Friction Work Bench ...,Dremel,1,100.0,1
Dressberry Black Synthetic  Clutch,Dressberry,2,100.0,1
Dressberry Gold Synthetic  Clutch,Dressberry,4,100.0,1
Dressberry Green Synthetic  Clutch,Dressberry,1,100.0,1
Dressberry Orange Synthetic  Clutch,Dressberry,1,100.0,1
E'Hiose Girl's Leggings (Pack of 6),E'Hiose,1,100.0,1
EASIES Solid Single Breasted Casual Men's Blazer,EASIES,2,100.0,1
Escan Lace Up,Escan,1,100.0,1
Eternal Gandhi Super Series Crystal Paper Weight...,Eternal Gandhi,1,100.0,1
Eyewear,Ted Smith,5,50.0,1
Eyewear,VINSON LONDON,2,20.0,2
Eyewear,Lavish Blink,1,10.0,3
Eyewear,ULTRAVISION,1,10.0,3
Eyewear,fabwoods,1,10.0,3
FEET FLOW Women Flats,FEET FLOW,4,100.0,1
FIFO Bottom Women's  Combo,FIFO,1,100.0,1
Fabpoppy Printed Women's Jumpsuit,Fabpoppy,1,100.0,1
Favourite BikerZ 3514 RAD air filter Ionic Air F...,Favourite BikerZ,1,100.0,1
"Firangi Cotton, Polyester Free Floor Mat Firangi...",Firangi,4,100.0,1
Fly U Slim Fit Fit Women's Brown Jeans,Fly U,1,100.0,1
Food & Nutrition,Proence,1,50.0,1
Food & Nutrition,Stamin,1,50.0,1
Foot Candy Women Flats,Foot Candy,1,100.0,1
Footwear,Unknown,850,69.27465362673186,1
Footwear,Katalogue,13,1.0594947025264874,2
Footwear,Oggo Deo,12,0.9779951100244498,3
Footwear,Foot Candy,8,0.6519967400162999,4
Footwear,Adorn,7,0.5704971475142624,5
Footwear,Bootwale,7,0.5704971475142624,5
Footwear,Balujas,6,0.4889975550122249,6
Footwear,Style Buy Style,6,0.4889975550122249,6
Footwear,BrandTrendz,5,0.40749796251018744,7
Footwear,SHOPOJ,5,0.40749796251018744,7
Footwear,ZOSIGN,5,0.40749796251018744,7
Footwear,Asian,4,0.32599837000814996,8
Footwear,Jon Pep,4,0.32599837000814996,8
Footwear,Mod-Inn,4,0.32599837000814996,8
Footwear,PINK FEVER,4,0.32599837000814996,8
Footwear,Pantof,4,0.32599837000814996,8
Footwear,SMART TRADERS,4,0.32599837000814996,8
Footwear,AMCO,3,0.24449877750611246,9
Footwear,Action Shoes,3,0.24449877750611246,9
Footwear,Arial Morris,3,0.24449877750611246,9
Footwear,Corona,3,0.24449877750611246,9
Footwear,DEEP FASHION,3,0.24449877750611246,9
Footwear,Do Bhai,3,0.24449877750611246,9
Footwear,FAB FASHION,3,0.24449877750611246,9
Footwear,Flat n Heels,3,0.24449877750611246,9
Footwear,Imlee,3,0.24449877750611246,9
Footwear,Inc.5,3,0.24449877750611246,9
Footwear,Klaur Melbourne,3,0.24449877750611246,9
Footwear,NOMADIC,3,0.24449877750611246,9
Footwear,Pruto,3,0.24449877750611246,9
Footwear,Queen Steps,3,0.24449877750611246,9
Footwear,Schtaron,3,0.24449877750611246,9
Footwear,femitaly,3,0.24449877750611246,9
Footwear,vinaya,3,0.24449877750611246,9
Footwear,ANAND ARCHIES,2,0.16299918500407498,10
Footwear,Anshul fashion,2,0.16299918500407498,10
Footwear,Chazer,2,0.16299918500407498,10
Footwear,DANR,2,0.16299918500407498,10
Footwear,FAUSTO,2,0.16299918500407498,10
Footwear,FAX,2,0.16299918500407498,10
Footwear,Flipside,2,0.16299918500407498,10
Footwear,Footshez,2,0.16299918500407498,10
Footwear,Funku Fashion,2,0.16299918500407498,10
Footwear,GLAMWALK,2,0.16299918500407498,10
Footwear,Gasser,2,0.16299918500407498,10
Footwear,Glitzy Galz,2,0.16299918500407498,10
Footwear,INDIANO,2,0.16299918500407498,10
Footwear,INDILEGO,2,0.16299918500407498,10
Footwear,JQR,2,0.16299918500407498,10
Footwear,LRB,2,0.16299918500407498,10
Footwear,Leather chief,2,0.16299918500407498,10
Footwear,Lee Parke,2,0.16299918500407498,10
Footwear,Lovely Chick,2,0.16299918500407498,10
Footwear,Mactree,2,0.16299918500407498,10
Footwear,Metmo,2,0.16299918500407498,10
Footwear,Mobiroy,2,0.16299918500407498,10
Footwear,Moladz,2,0.16299918500407498,10
Footwear,NELL,2,0.16299918500407498,10
Footwear,Naisha,2,0.16299918500407498,10
Footwear,Nickolas,2,0.16299918500407498,10
Footwear,Niremo,2,0.16299918500407498,10
Footwear,Pollo,2,0.16299918500407498,10
Footwear,Port,2,0.16299918500407498,10
Footwear,Pu-Easy Life,2,0.16299918500407498,10
Footwear,Puma,2,0.16299918500407498,10
Footwear,RED HORSE,2,0.16299918500407498,10
Footwear,REMSON INDIA,2,0.16299918500407498,10
Footwear,Rajdoot,2,0.16299918500407498,10
Footwear,Rex,2,0.16299918500407498,10
Footwear,Rockshose,2,0.16299918500407498,10
Footwear,SCANTIA,2,0.16299918500407498,10
Footwear,Skywalk,2,0.16299918500407498,10
Footwear,Small Toes,2,0.16299918500407498,10
Footwear,SoleThreads,2,0.16299918500407498,10
Footwear,Sonaxo,2,0.16299918500407498,10
Footwear,Space,2,0.16299918500407498,10
Footwear,TOUCHWOOD,2,0.16299918500407498,10
Footwear,YoudyCo,2,0.16299918500407498,10
Footwear,Zappy,2,0.16299918500407498,10
Footwear,domestiq,2,0.16299918500407498,10
Footwear,franco,2,0.16299918500407498,10
Footwear,keco,2,0.16299918500407498,10
Footwear,zasmina,2,0.16299918500407498,10
Footwear,ADIWALK,1,0.08149959250203749,11
Footwear,AROVI,1,0.08149959250203749,11
Footwear,ASIAN,1,0.08149959250203749,11
Footwear,ATIS AMCO,1,0.08149959250203749,11
Footwear,AW,1,0.08149959250203749,11
Footwear,Action,1,0.08149959250203749,11
Footwear,Adidas,1,0.08149959250203749,11
Footwear,Aerosoft,1,0.08149959250203749,11
Footwear,Ajanta,1,0.08149959250203749,11
Footwear,Anupamaa,1,0.08149959250203749,11
Footwear,Apoxy,1,0.08149959250203749,11
Footwear,Aston Paris,1,0.08149959250203749,11
Footwear,Atithi,1,0.08149959250203749,11
Footwear,BAAJ,1,0.08149959250203749,11
Footwear,BARESKIN,1,0.08149959250203749,11
Footwear,Beanz,1,0.08149959250203749,11
Footwear,Blue Button,1,0.08149959250203749,11
Footwear,Brandvilla,1,0.08149959250203749,11
Footwear,Breathe,1,0.08149959250203749,11
Footwear,CANMP,1,0.08149959250203749,11
Footwear,CLYMB,1,0.08149959250203749,11
Footwear,CSBS Sale,1,0.08149959250203749,11
Footwear,Cenizas,1,0.08149959250203749,11
Footwear,ChiragBelhi,1,0.08149959250203749,11
Footwear,Clever Steps,1,0.08149959250203749,11
Footwear,Colour Me Mad,1,0.08149959250203749,11
Footwear,Columbus,1,0.08149959250203749,11
Footwear,Comex,1,0.08149959250203749,11
Footwear,Crocs,1,0.08149959250203749,11
Footwear,Crocslite,1,0.08149959250203749,11
Footwear,D'Panache,1,0.08149959250203749,11
Footwear,Daxter,1,0.08149959250203749,11
Footwear,Delberto,1,0.08149959250203749,11
Footwear,Digni,1,0.08149959250203749,11
Footwear,Done By None,1,0.08149959250203749,11
Footwear,DressBerry,1,0.08149959250203749,11
Footwear,Dutch Benson,1,0.08149959250203749,11
Footwear,ETHICS,1,0.08149959250203749,11
Footwear,Escan,1,0.08149959250203749,11
Footwear,FIla,1,0.08149959250203749,11
Footwear,FLITE,1,0.08149959250203749,11
Footwear,Fashion Plus,1,0.08149959250203749,11
Footwear,FashionPedia,1,0.08149959250203749,11
Footwear,Foot Furnish,1,0.08149959250203749,11
Footwear,Footrendz,1,0.08149959250203749,11
Footwear,Force 10 By Liberty,1,0.08149959250203749,11
Footwear,GENIAL,1,0.08149959250203749,11
Footwear,GISOLE,1,0.08149959250203749,11
Footwear,Gato,1,0.08149959250203749,11
Footwear,Glamour,1,0.08149959250203749,11
Footwear,Globalite,1,0.08149959250203749,11
Footwear,GoWell,1,0.08149959250203749,11
Footwear,Guardian,1,0.08149959250203749,11
Footwear,HANSFOOTNFIT,1,0.08149959250203749,11
Footwear,HK-Impex,1,0.08149959250203749,11
Footwear,Hitway,1,0.08149959250203749,11
Footwear,Kanvas,1,0.08149959250203749,11
Footwear,Khadim's,1,0.08149959250203749,11
Footwear,Knotty Derby,1,0.08149959250203749,11
Footwear,Krocs,1,0.08149959250203749,11
Footwear,La Shades,1,0.08149959250203749,11
Footwear,Ladela,1,0.08149959250203749,11
Footwear,Lavie,1,0.08149959250203749,11
Footwear,Liberty,1,0.08149959250203749,11
Footwear,Little Frog,1,0.08149959250203749,11
Footwear,Liza,1,0.08149959250203749,11
Footwear,Luca Fashion,1,0.08149959250203749,11
Footwear,MAIRAAH,1,0.08149959250203749,11
Footwear,METMO,1,0.08149959250203749,11
Footwear,MINDITDADDY,1,0.08149959250203749,11
Footwear,MSC,1,0.08149959250203749,11
Footwear,MSL,1,0.08149959250203749,11
Footwear,Manthan,1,0.08149959250203749,11
Footwear,Metro,1,0.08149959250203749,11
Footwear,My Look,1,0.08149959250203749,11
Footwear,N Five,1,0.08149959250203749,11
Footwear,NAISHA,1,0.08149959250203749,11
Footwear,Next Player,1,0.08149959250203749,11
Footwear,Nike,1,0.08149959250203749,11
Footwear,Nivia,1,0.08149959250203749,11
Footwear,Nuride,1,0.08149959250203749,11
Footwear,Ole Baby,1,0.08149959250203749,11
Footwear,Pavers England,1,0.08149959250203749,11
Footwear,Pu-Right,1,0.08149959250203749,11
Footwear,Pure Play,1,0.08149959250203749,11
Footwear,RAJSAHI,1,0.08149959250203749,11
Footwear,Red Chief,1,0.08149959250203749,11
Footwear,Reyes Reales,1,0.08149959250203749,11
Footwear,Rugby,1,0.08149959250203749,11
Footwear,STREET LONDON,1,0.08149959250203749,11
Footwear,SWAGGA,1,0.08149959250203749,11
Footwear,Shoe Day,1,0.08149959250203749,11
Footwear,ShoeBuzz,1,0.08149959250203749,11
Footwear,Shoetopia,1,0.08149959250203749,11
Footwear,Shopnetix,1,0.08149959250203749,11
Footwear,Simitoes,1,0.08149959250203749,11
Footwear,Skovin,1,0.08149959250203749,11
Footwear,Sparx,1,0.08149959250203749,11
Footwear,Spick,1,0.08149959250203749,11
Footwear,Spinn,1,0.08149959250203749,11
Footwear,Stellar Collections,1,0.08149959250203749,11
Footwear,Style Foot,1,0.08149959250203749,11
Footwear,Style HD,1,0.08149959250203749,11
Footwear,Style World,1,0.08149959250203749,11
Footwear,TEMPO,1,0.08149959250203749,11
Footwear,Tennis,1,0.08149959250203749,11
Footwear,Theme United,1,0.08149959250203749,11
Footwear,Titli,1,0.08149959250203749,11
Footwear,Toe Spring,1,0.08149959250203749,11
Footwear,Toyto,1,0.08149959250203749,11
Footwear,Trilokani,1,0.08149959250203749,11
Footwear,Twin,1,0.08149959250203749,11
Footwear,Urban WhiZ,1,0.08149959250203749,11
Footwear,V4STYLES,1,0.08149959250203749,11
Footwear,VAGON,1,0.08149959250203749,11
Footwear,Vedic Deals,1,0.08149959250203749,11
Footwear,Woly,1,0.08149959250203749,11
Footwear,WorldWearFootwear,1,0.08149959250203749,11
Footwear,Xpert,1,0.08149959250203749,11
Footwear,Zebra,1,0.08149959250203749,11
Footwear,Zed,1,0.08149959250203749,11
Footwear,aadi,1,0.08149959250203749,11
Footwear,dilli bazaaar,1,0.08149959250203749,11
Footwear,hi-tech,1,0.08149959250203749,11
Footwear,i-Sports,1,0.08149959250203749,11
Footwear,reenak,1,0.08149959250203749,11
Footwear,salt n pepper,1,0.08149959250203749,11
Footwear,tryfeet,1,0.08149959250203749,11
Footwear,veronica,1,0.08149959250203749,11
Footwear,xpert,1,0.08149959250203749,11
Frabjous German silver Rings For Women Alloy Zir...,Frabjous,3,100.0,1
Furniture,Durian,31,17.22222222222222,1
Furniture,ARRA,26,14.444444444444445,2
Furniture,Multicolor,18,10.0,3
Furniture,Red,10,5.555555555555555,4
Furniture,Petshop7,9,5.0,5
Furniture,IBS,7,3.888888888888889,6
Furniture,Pet Club51,7,3.888888888888889,6
Furniture,Springwel,6,3.3333333333333335,7
Furniture,Lal Pet Products,5,2.7777777777777777,8
Furniture,FabHomeDecor,4,2.2222222222222223,9
Furniture,Green Girgit,4,2.2222222222222223,9
Furniture,Blue,3,1.6666666666666667,10
Furniture,Ethnic Handicrafts,3,1.6666666666666667,10
Furniture,Handiana,3,1.6666666666666667,10
Furniture,Jerry's,3,1.6666666666666667,10
Furniture,Nilkamal,3,1.6666666666666667,10
Furniture,Scrap Wood Birdhouse,3,1.6666666666666667,10
Furniture,ABCD,2,1.1111111111111112,11
Furniture,Amardeep,2,1.1111111111111112,11
Furniture,Black,2,1.1111111111111112,11
Furniture,Bow! Wow!!,2,1.1111111111111112,11
Furniture,Glossy Blue,2,1.1111111111111112,11
Furniture,Grey,2,1.1111111111111112,11
Furniture,Light Purple,2,1.1111111111111112,11
Furniture,ORKA,2,1.1111111111111112,11
Furniture,Yellow,2,1.1111111111111112,11
Furniture,@home,1,0.5555555555555556,12
Furniture,Anmol,1,0.5555555555555556,12
Furniture,Art n Beyond,1,0.5555555555555556,12
Furniture,Birdy,1,0.5555555555555556,12
Furniture,Cello Furniture,1,0.5555555555555556,12
Furniture,Comfort Couch,1,0.5555555555555556,12
Furniture,Furnstyl,1,0.5555555555555556,12
Furniture,HomeTown,1,0.5555555555555556,12
Furniture,Living World by Home Stop,1,0.5555555555555556,12
Furniture,Lovely,1,0.5555555555555556,12
Furniture,Pink & Blue,1,0.5555555555555556,12
Furniture,Red / Chocolate,1,0.5555555555555556,12
Furniture,RoyalOak,1,0.5555555555555556,12
Furniture,SRK GROUPS,1,0.5555555555555556,12
Furniture,Stellar,1,0.5555555555555556,12
Furniture,The Bean House,1,0.5555555555555556,12
Furniture,induscraft,1,0.5555555555555556,12
GALLOWAY skinny Fit Women's Jeans,GALLOWAY,2,100.0,1
GM Power mate 4 Strip Surge Protector (White),GM,1,100.0,1
Gaming,NEWGEN TECH,15,42.857142857142854,1
Gaming,Data cable,2,5.714285714285714,2
Gaming,LIFE LIKE,2,5.714285714285714,2
Gaming,Steelseries,2,5.714285714285714,2
Gaming,Topcolor,2,5.714285714285714,2
Gaming,Axcess,1,2.857142857142857,3
Gaming,C&E,1,2.857142857142857,3
Gaming,CHKOKKO,1,2.857142857142857,3
Gaming,IBALL,1,2.857142857142857,3
Gaming,Ocean,1,2.857142857142857,3
Gaming,Qline,1,2.857142857142857,3
Gaming,Rdx,1,2.857142857142857,3
Gaming,SDZ,1,2.857142857142857,3
Gaming,Tech Yug,1,2.857142857142857,3
Gaming,Technotech,1,2.857142857142857,3
Gaming,Tf Pro,1,2.857142857142857,3
Gaming,Zidane,1,2.857142857142857,3
Gking Hand Stiched Steering Cover For Maruti Ert...,Gking,1,100.0,1
Gking Hand Stiched Steering Cover For Renault Sc...,Gking,1,100.0,1
Glacier Running Shoes,Glacier,1,100.0,1
HANS Men's Crew Length Socks,HANS,2,100.0,1
Health & Personal Care Appliances,BaBylissPRO,4,9.30232558139535,1
Health & Personal Care Appliances,Kemei,3,6.976744186046512,2
Health & Personal Care Appliances,Agaro,2,4.651162790697675,3
Health & Personal Care Appliances,Being Trendy,2,4.651162790697675,3
Health & Personal Care Appliances,Brite,2,4.651162790697675,3
Health & Personal Care Appliances,Nova,2,4.651162790697675,3
Health & Personal Care Appliances,Remington,2,4.651162790697675,3
Health & Personal Care Appliances,Babyliss,1,2.3255813953488373,4
Health & Personal Care Appliances,Barbar,1,2.3255813953488373,4
Health & Personal Care Appliances,Blue Me,1,2.3255813953488373,4
Health & Personal Care Appliances,CPEX,1,2.3255813953488373,4
Health & Personal Care Appliances,Car vastra,1,2.3255813953488373,4
Health & Personal Care Appliances,Conair,1,2.3255813953488373,4
Health & Personal Care Appliances,Gemei,1,2.3255813953488373,4
Health & Personal Care Appliances,HNK,1,2.3255813953488373,4
Health & Personal Care Appliances,INEXT,1,2.3255813953488373,4
Health & Personal Care Appliances,Ivon,1,2.3255813953488373,4
Health & Personal Care Appliances,Le Angelique,1,2.3255813953488373,4
Health & Personal Care Appliances,Maxel,1,2.3255813953488373,4
Health & Personal Care Appliances,Mz Nova,1,2.3255813953488373,4
Health & Personal Care Appliances,NOVA,1,2.3255813953488373,4
Health & Personal Care Appliances,Ovente,1,2.3255813953488373,4
Health & Personal Care Appliances,PUSHCART,1,2.3255813953488373,4
Health & Personal Care Appliances,Philips,1,2.3255813953488373,4
Health & Personal Care Appliances,REDMOMD,1,2.3255813953488373,4
Health & Personal Care Appliances,RX7 Superlite,1,2.3255813953488373,4
Health & Personal Care Appliances,Rusk,1,2.3255813953488373,4
Health & Personal Care Appliances,STERN,1,2.3255813953488373,4
Health & Personal Care Appliances,Salon Tech,1,2.3255813953488373,4
Health & Personal Care Appliances,Schick,1,2.3255813953488373,4
Health & Personal Care Appliances,Sutra Beauty,1,2.3255813953488373,4
Health & Personal Care Appliances,V&G Professional,1,2.3255813953488373,4
Health & Personal Care Appliances,s2s,1,2.3255813953488373,4
Himmlisch 20503 Car Bottle Holder (Plastic),Himmlisch,1,100.0,1
Home & Kitchen,Gold Dust,2,8.333333333333334,1
Home & Kitchen,Bajaj,1,4.166666666666667,2
Home & Kitchen,Black & Decker,1,4.166666666666667,2
Home & Kitchen,Boss,1,4.166666666666667,2
Home & Kitchen,Celebration,1,4.166666666666667,2
Home & Kitchen,Cello,1,4.166666666666667,2
Home & Kitchen,Crompton,1,4.166666666666667,2
Home & Kitchen,Deepvan,1,4.166666666666667,2
Home & Kitchen,Dhhan,1,4.166666666666667,2
Home & Kitchen,Haier,1,4.166666666666667,2
Home & Kitchen,Janhvi,1,4.166666666666667,2
Home & Kitchen,Kelvinator,1,4.166666666666667,2
Home & Kitchen,LG,1,4.166666666666667,2
Home & Kitchen,Maharaja,1,4.166666666666667,2
Home & Kitchen,Maharaja Whiteline,1,4.166666666666667,2
Home & Kitchen,NESTWELL,1,4.166666666666667,2
Home & Kitchen,Nova,1,4.166666666666667,2
Home & Kitchen,PIGEON,1,4.166666666666667,2
Home & Kitchen,SHEFFIELD CLASSIC,1,4.166666666666667,2
Home & Kitchen,SS,1,4.166666666666667,2
Home & Kitchen,SUNFLAME,1,4.166666666666667,2
Home & Kitchen,THINK3,1,4.166666666666667,2
Home & Kitchen,crompton,1,4.166666666666667,2
Home Decor & Festive Needs,DeStudio,73,7.857911733046286,1
Home Decor & Festive Needs,Unknown,66,7.104413347685684,2
Home Decor & Festive Needs,Lal Haveli,33,3.552206673842842,3
Home Decor & Festive Needs,Digilight,27,2.9063509149623252,4
Home Decor & Festive Needs,GAGA,25,2.6910656620021527,5
Home Decor & Festive Needs,Creative Width Decor,14,1.5069967707212055,6
Home Decor & Festive Needs,eKolhapuri,14,1.5069967707212055,6
Home Decor & Festive Needs,Diviniti,11,1.1840688912809472,7
Home Decor & Festive Needs,MCB Exports,11,1.1840688912809472,7
Home Decor & Festive Needs,DECOREX,10,1.0764262648008611,8
Home Decor & Festive Needs,Myesquire,10,1.0764262648008611,8
Home Decor & Festive Needs,Services Junction,10,1.0764262648008611,8
Home Decor & Festive Needs,Sovam International,10,1.0764262648008611,8
Home Decor & Festive Needs,Hoopoe Decor,9,0.9687836383207751,9
Home Decor & Festive Needs,Smart Wall Guru,9,0.9687836383207751,9
Home Decor & Festive Needs,Tatvaarts,9,0.9687836383207751,9
Home Decor & Festive Needs,Adaa,8,0.8611410118406889,10
Home Decor & Festive Needs,Exotic India,8,0.8611410118406889,10
Home Decor & Festive Needs,Laviva,8,0.8611410118406889,10
Home Decor & Festive Needs,Ruchiworld,8,0.8611410118406889,10
Home Decor & Festive Needs,S C Handicrafts,8,0.8611410118406889,10
Home Decor & Festive Needs,SHOPOJ,8,0.8611410118406889,10
Home Decor & Festive Needs,Shoppingtara,8,0.8611410118406889,10
Home Decor & Festive Needs,Tiedribbons,8,0.8611410118406889,10
Home Decor & Festive Needs,Unique Design,8,0.8611410118406889,10
Home Decor & Festive Needs,Wallmantra,8,0.8611410118406889,10
Home Decor & Festive Needs,Vitalwalls,6,0.6458557588805167,11
Home Decor & Festive Needs,Gifts By Meeta,5,0.5382131324004306,12
Home Decor & Festive Needs,Marwal,5,0.5382131324004306,12
Home Decor & Festive Needs,Rajo Raja,5,0.5382131324004306,12
Home Decor & Festive Needs,Ratash.Com,5,0.5382131324004306,12
Home Decor & Festive Needs,Shree Homdecor,5,0.5382131324004306,12
Home Decor & Festive Needs,Tallenge,5,0.5382131324004306,12
Home Decor & Festive Needs,Unravel India,5,0.5382131324004306,12
Home Decor & Festive Needs,Bharatcraft,4,0.43057050592034446,13
Home Decor & Festive Needs,Decore Sources,4,0.43057050592034446,13
Home Decor & Festive Needs,Golmaalshop,4,0.43057050592034446,13
Home Decor & Festive Needs,Happy walls,4,0.43057050592034446,13
Home Decor & Festive Needs,Itiha,4,0.43057050592034446,13
Home Decor & Festive Needs,Marwar,4,0.43057050592034446,13
Home Decor & Festive Needs,Miracle Retail,4,0.43057050592034446,13
Home Decor & Festive Needs,Monil,4,0.43057050592034446,13
Home Decor & Festive Needs,NEHP,4,0.43057050592034446,13
Home Decor & Festive Needs,Ona'S,4,0.43057050592034446,13
Home Decor & Festive Needs,Onlineshoppee,4,0.43057050592034446,13
Home Decor & Festive Needs,Surface 180,4,0.43057050592034446,13
Home Decor & Festive Needs,The Crystal Jewel,4,0.43057050592034446,13
Home Decor & Festive Needs,@home,3,0.32292787944025836,14
Home Decor & Festive Needs,ARK Creation,3,0.32292787944025836,14
Home Decor & Festive Needs,Art N Hub,3,0.32292787944025836,14
Home Decor & Festive Needs,Brahmz,3,0.32292787944025836,14
Home Decor & Festive Needs,Collectible India,3,0.32292787944025836,14
Home Decor & Festive Needs,Gift Studios,3,0.32292787944025836,14
Home Decor & Festive Needs,Go Hooked,3,0.32292787944025836,14
Home Decor & Festive Needs,Home Delight,3,0.32292787944025836,14
Home Decor & Festive Needs,Indcrown,3,0.32292787944025836,14
Home Decor & Festive Needs,Indigocart,3,0.32292787944025836,14
Home Decor & Festive Needs,Krg Enterprises,3,0.32292787944025836,14
Home Decor & Festive Needs,Lab No. 4,3,0.32292787944025836,14
Home Decor & Festive Needs,Lolprint,3,0.32292787944025836,14
Home Decor & Festive Needs,MA Design Hut,3,0.32292787944025836,14
Home Decor & Festive Needs,Metro,3,0.32292787944025836,14
Home Decor & Festive Needs,Miracle Furnishings,3,0.32292787944025836,14
Home Decor & Festive Needs,My Party Suppliers,3,0.32292787944025836,14
Home Decor & Festive Needs,Ravishing Variety,3,0.32292787944025836,14
Home Decor & Festive Needs,Redbag,3,0.32292787944025836,14
Home Decor & Festive Needs,Reiki Crystal Products,3,0.32292787944025836,14
Home Decor & Festive Needs,Ruchikainternational,3,0.32292787944025836,14
Home Decor & Festive Needs,SAC,3,0.32292787944025836,14
Home Decor & Festive Needs,Serebroarts,3,0.32292787944025836,14
Home Decor & Festive Needs,Sifty Collection,3,0.32292787944025836,14
Home Decor & Festive Needs,SportsHouse,3,0.32292787944025836,14
Home Decor & Festive Needs,Thoughtroad,3,0.32292787944025836,14
Home Decor & Festive Needs,Toygully,3,0.32292787944025836,14
Home Decor & Festive Needs,Transtal,3,0.32292787944025836,14
Home Decor & Festive Needs,VRCT,3,0.32292787944025836,14
Home Decor & Festive Needs,Villcart,3,0.32292787944025836,14
Home Decor & Festive Needs,Wall Decal,3,0.32292787944025836,14
Home Decor & Festive Needs,Wall1ders,3,0.32292787944025836,14
Home Decor & Festive Needs,AND Designs,2,0.21528525296017223,15
Home Decor & Festive Needs,Aapno Rajasthan,2,0.21528525296017223,15
Home Decor & Festive Needs,Amazing India,2,0.21528525296017223,15
Home Decor & Festive Needs,Anshuhandicrafts,2,0.21528525296017223,15
Home Decor & Festive Needs,Apkamart,2,0.21528525296017223,15
Home Decor & Festive Needs,Arghyam,2,0.21528525296017223,15
Home Decor & Festive Needs,Arsalan,2,0.21528525296017223,15
Home Decor & Festive Needs,Art Godaam,2,0.21528525296017223,15
Home Decor & Festive Needs,Being Nawab,2,0.21528525296017223,15
Home Decor & Festive Needs,Bless,2,0.21528525296017223,15
Home Decor & Festive Needs,Charu Fashionz,2,0.21528525296017223,15
Home Decor & Festive Needs,Craft Store India,2,0.21528525296017223,15
Home Decor & Festive Needs,Craftartz,2,0.21528525296017223,15
Home Decor & Festive Needs,Craftuno,2,0.21528525296017223,15
Home Decor & Festive Needs,Cratly,2,0.21528525296017223,15
Home Decor & Festive Needs,Ddreamz,2,0.21528525296017223,15
Home Decor & Festive Needs,Desert Eshop,2,0.21528525296017223,15
Home Decor & Festive Needs,Diti Enterprises,2,0.21528525296017223,15
Home Decor & Festive Needs,Eshoppee,2,0.21528525296017223,15
Home Decor & Festive Needs,Furncoms,2,0.21528525296017223,15
Home Decor & Festive Needs,Gift Island,2,0.21528525296017223,15
Home Decor & Festive Needs,Green House,2,0.21528525296017223,15
Home Decor & Festive Needs,Hand Art,2,0.21528525296017223,15
Home Decor & Festive Needs,Imagination And Beyond,2,0.21528525296017223,15
Home Decor & Festive Needs,IndianShelf,2,0.21528525296017223,15
Home Decor & Festive Needs,Iron Crafts,2,0.21528525296017223,15
Home Decor & Festive Needs,KalaSanthe,2,0.21528525296017223,15
Home Decor & Festive Needs,Karigaari,2,0.21528525296017223,15
Home Decor & Festive Needs,Karukraft,2,0.21528525296017223,15
Home Decor & Festive Needs,Kraftnation,2,0.21528525296017223,15
Home Decor & Festive Needs,MDI,2,0.21528525296017223,15
Home Decor & Festive Needs,MNTC,2,0.21528525296017223,15
Home Decor & Festive Needs,MSC Shuangmin,2,0.21528525296017223,15
Home Decor & Festive Needs,Malhar,2,0.21528525296017223,15
Home Decor & Festive Needs,Megaway,2,0.21528525296017223,15
Home Decor & Festive Needs,Orange Tree,2,0.21528525296017223,15
Home Decor & Festive Needs,Paras,2,0.21528525296017223,15
Home Decor & Festive Needs,Parv Collections,2,0.21528525296017223,15
Home Decor & Festive Needs,Prachin,2,0.21528525296017223,15
Home Decor & Festive Needs,Purpledip,2,0.21528525296017223,15
Home Decor & Festive Needs,Rajrang,2,0.21528525296017223,15
Home Decor & Festive Needs,Rastogi Handicrafts,2,0.21528525296017223,15
Home Decor & Festive Needs,SViRU,2,0.21528525296017223,15
Home Decor & Festive Needs,Seema's Craft Creation,2,0.21528525296017223,15
Home Decor & Festive Needs,Seher,2,0.21528525296017223,15
Home Decor & Festive Needs,Shoperite,2,0.21528525296017223,15
Home Decor & Festive Needs,SignKraft,2,0.21528525296017223,15
Home Decor & Festive Needs,Sophies,2,0.21528525296017223,15
Home Decor & Festive Needs,Stylla,2,0.21528525296017223,15
Home Decor & Festive Needs,Sunvi,2,0.21528525296017223,15
Home Decor & Festive Needs,Surface180,2,0.21528525296017223,15
Home Decor & Festive Needs,TRUE,2,0.21528525296017223,15
Home Decor & Festive Needs,VarEesha,2,0.21528525296017223,15
Home Decor & Festive Needs,Veensh,2,0.21528525296017223,15
Home Decor & Festive Needs,Weldecor,2,0.21528525296017223,15
Home Decor & Festive Needs,iplay,2,0.21528525296017223,15
Home Decor & Festive Needs,wallskart,2,0.21528525296017223,15
Home Decor & Festive Needs,A To Z Traders,1,0.10764262648008611,16
Home Decor & Festive Needs,AUROSHIKHA,1,0.10764262648008611,16
Home Decor & Festive Needs,AYMH,1,0.10764262648008611,16
Home Decor & Festive Needs,Aaditri28,1,0.10764262648008611,16
Home Decor & Festive Needs,Aakrati,1,0.10764262648008611,16
Home Decor & Festive Needs,Aamore Decor,1,0.10764262648008611,16
Home Decor & Festive Needs,AapnoCrafts,1,0.10764262648008611,16
Home Decor & Festive Needs,Aarya 24kt,1,0.10764262648008611,16
Home Decor & Festive Needs,Abee,1,0.10764262648008611,16
Home Decor & Festive Needs,Abhushan,1,0.10764262648008611,16
Home Decor & Festive Needs,Advent Crafts,1,0.10764262648008611,16
Home Decor & Festive Needs,Advitiya,1,0.10764262648008611,16
Home Decor & Festive Needs,Agnihotra Creations,1,0.10764262648008611,16
Home Decor & Festive Needs,Agrasen International,1,0.10764262648008611,16
Home Decor & Festive Needs,Akshyavat,1,0.10764262648008611,16
Home Decor & Festive Needs,Al Fakher,1,0.10764262648008611,16
Home Decor & Festive Needs,Alpana Arts,1,0.10764262648008611,16
Home Decor & Festive Needs,Amba Handicraft,1,0.10764262648008611,16
Home Decor & Festive Needs,Anamis,1,0.10764262648008611,16
Home Decor & Festive Needs,Anjalika,1,0.10764262648008611,16
Home Decor & Festive Needs,Anshul Fashion,1,0.10764262648008611,16
Home Decor & Festive Needs,Arabian Nights,1,0.10764262648008611,16
Home Decor & Festive Needs,Ark Creation,1,0.10764262648008611,16
Home Decor & Festive Needs,Art Antiqua,1,0.10764262648008611,16
Home Decor & Festive Needs,Artifa,1,0.10764262648008611,16
Home Decor & Festive Needs,AsiaCraft,1,0.10764262648008611,16
Home Decor & Festive Needs,Asian Aura,1,0.10764262648008611,16
Home Decor & Festive Needs,Astrodidi,1,0.10764262648008611,16
Home Decor & Festive Needs,BI,1,0.10764262648008611,16
Home Decor & Festive Needs,BM WOOD FURNITURE,1,0.10764262648008611,16
Home Decor & Festive Needs,BRANDWAGON,1,0.10764262648008611,16
Home Decor & Festive Needs,Bagru Crafts,1,0.10764262648008611,16
Home Decor & Festive Needs,Bajya,1,0.10764262648008611,16
Home Decor & Festive Needs,Balaji Art,1,0.10764262648008611,16
Home Decor & Festive Needs,BeYOUtiful,1,0.10764262648008611,16
Home Decor & Festive Needs,Browse House,1,0.10764262648008611,16
Home Decor & Festive Needs,CTW,1,0.10764262648008611,16
Home Decor & Festive Needs,Capturing Happiness,1,0.10764262648008611,16
Home Decor & Festive Needs,Celebration Mart,1,0.10764262648008611,16
Home Decor & Festive Needs,Chinhhari Arts,1,0.10764262648008611,16
Home Decor & Festive Needs,Chrome,1,0.10764262648008611,16
Home Decor & Festive Needs,Craftcart,1,0.10764262648008611,16
Home Decor & Festive Needs,Creativity Centre,1,0.10764262648008611,16
Home Decor & Festive Needs,Devinez,1,0.10764262648008611,16
Home Decor & Festive Needs,Divine Gifts & Artificial Jewellery,1,0.10764262648008611,16
Home Decor & Festive Needs,Divinit,1,0.10764262648008611,16
Home Decor & Festive Needs,E-Studio,1,0.10764262648008611,16
Home Decor & Festive Needs,ELEGANZE DECOR,1,0.10764262648008611,16
Home Decor & Festive Needs,ELITE STATUES,1,0.10764262648008611,16
Home Decor & Festive Needs,Ech oly,1,0.10764262648008611,16
Home Decor & Festive Needs,Empreus,1,0.10764262648008611,16
Home Decor & Festive Needs,Eternity,1,0.10764262648008611,16
Home Decor & Festive Needs,Ethnic Regalia,1,0.10764262648008611,16
Home Decor & Festive Needs,Eventz Gifts,1,0.10764262648008611,16
Home Decor & Festive Needs,FOCI,1,0.10764262648008611,16
Home Decor & Festive Needs,FS Brass,1,0.10764262648008611,16
Home Decor & Festive Needs,Fourwalls,1,0.10764262648008611,16
Home Decor & Festive Needs,Fragrance Concoction,1,0.10764262648008611,16
Home Decor & Festive Needs,Frames,1,0.10764262648008611,16
Home Decor & Festive Needs,Gathbandhan,1,0.10764262648008611,16
Home Decor & Festive Needs,Gautam Buddha,1,0.10764262648008611,16
Home Decor & Festive Needs,Gharonda,1,0.10764262648008611,16
Home Decor & Festive Needs,Giftwell,1,0.10764262648008611,16
Home Decor & Festive Needs,Global Ganesha,1,0.10764262648008611,16
Home Decor & Festive Needs,Gojeeva,1,0.10764262648008611,16
Home Decor & Festive Needs,Goyal India,1,0.10764262648008611,16
Home Decor & Festive Needs,GrandShop,1,0.10764262648008611,16
Home Decor & Festive Needs,Gulshan Arts Crafts,1,0.10764262648008611,16
Home Decor & Festive Needs,H-Cart,1,0.10764262648008611,16
Home Decor & Festive Needs,HD Crafts,1,0.10764262648008611,16
Home Decor & Festive Needs,Hadwin,1,0.10764262648008611,16
Home Decor & Festive Needs,Handecor,1,0.10764262648008611,16
Home Decor & Festive Needs,Heeran Art,1,0.10764262648008611,16
Home Decor & Festive Needs,Holy Krishna,1,0.10764262648008611,16
Home Decor & Festive Needs,Home Decor Line,1,0.10764262648008611,16
Home Decor & Festive Needs,Home India,1,0.10764262648008611,16
Home Decor & Festive Needs,Homedesires,1,0.10764262648008611,16
Home Decor & Festive Needs,Importwala,1,0.10764262648008611,16
Home Decor & Festive Needs,Infinity India,1,0.10764262648008611,16
Home Decor & Festive Needs,Innovative,1,0.10764262648008611,16
Home Decor & Festive Needs,Interio Crafts,1,0.10764262648008611,16
Home Decor & Festive Needs,Jaipur Crafts,1,0.10764262648008611,16
Home Decor & Festive Needs,Jaipur Raga,1,0.10764262648008611,16
Home Decor & Festive Needs,JaipurCrafts,1,0.10764262648008611,16
Home Decor & Festive Needs,Jaycoknit,1,0.10764262648008611,16
Home Decor & Festive Needs,K&P,1,0.10764262648008611,16
Home Decor & Festive Needs,KLOCX,1,0.10764262648008611,16
Home Decor & Festive Needs,Kaatru,1,0.10764262648008611,16
Home Decor & Festive Needs,Kakori,1,0.10764262648008611,16
Home Decor & Festive Needs,KalaBhawan,1,0.10764262648008611,16
Home Decor & Festive Needs,Kanch Mall,1,0.10764262648008611,16
Home Decor & Festive Needs,Kanha poshak,1,0.10764262648008611,16
Home Decor & Festive Needs,Kiya Trends,1,0.10764262648008611,16
Home Decor & Festive Needs,LAMS,1,0.10764262648008611,16
Home Decor & Festive Needs,LUMENPULSE,1,0.10764262648008611,16
Home Decor & Festive Needs,Lavanaya,1,0.10764262648008611,16
Home Decor & Festive Needs,LittleThings,1,0.10764262648008611,16
Home Decor & Festive Needs,Mable,1,0.10764262648008611,16
Home Decor & Festive Needs,Mahadev Handicrafts,1,0.10764262648008611,16
Home Decor & Festive Needs,Masterhandicraft,1,0.10764262648008611,16
Home Decor & Festive Needs,Mavi,1,0.10764262648008611,16
Home Decor & Festive Needs,MayurShilpa,1,0.10764262648008611,16
Home Decor & Festive Needs,Mayursflora,1,0.10764262648008611,16
Home Decor & Festive Needs,Mazda Energy,1,0.10764262648008611,16
Home Decor & Festive Needs,Mega product,1,0.10764262648008611,16
Home Decor & Festive Needs,MohanJodero,1,0.10764262648008611,16
Home Decor & Festive Needs,Murtiwala,1,0.10764262648008611,16
Home Decor & Festive Needs,My Angel,1,0.10764262648008611,16
Home Decor & Festive Needs,Navisha,1,0.10764262648008611,16
Home Decor & Festive Needs,Neha,1,0.10764262648008611,16
Home Decor & Festive Needs,Nihar,1,0.10764262648008611,16
Home Decor & Festive Needs,Ninety One Degree,1,0.10764262648008611,16
Home Decor & Festive Needs,Nutcase,1,0.10764262648008611,16
Home Decor & Festive Needs,OM SHIVAKRITI,1,0.10764262648008611,16
Home Decor & Festive Needs,OOBINNO,1,0.10764262648008611,16
Home Decor & Festive Needs,Opaleena,1,0.10764262648008611,16
Home Decor & Festive Needs,Orchard,1,0.10764262648008611,16
Home Decor & Festive Needs,PURBI CRAFTS,1,0.10764262648008611,16
Home Decor & Festive Needs,Panditnmshrimali,1,0.10764262648008611,16
Home Decor & Festive Needs,Pg Handicrafts,1,0.10764262648008611,16
Home Decor & Festive Needs,Pg handicrafts,1,0.10764262648008611,16
Home Decor & Festive Needs,Phototech,1,0.10764262648008611,16
Home Decor & Festive Needs,Pinc Ginger,1,0.10764262648008611,16
Home Decor & Festive Needs,Pindia,1,0.10764262648008611,16
Home Decor & Festive Needs,Plus Value,1,0.10764262648008611,16
Home Decor & Festive Needs,Port,1,0.10764262648008611,16
Home Decor & Festive Needs,PrimeLine,1,0.10764262648008611,16
Home Decor & Festive Needs,Pure Source,1,0.10764262648008611,16
Home Decor & Festive Needs,R S Jewels,1,0.10764262648008611,16
Home Decor & Festive Needs,R&Mshoppee,1,0.10764262648008611,16
Home Decor & Festive Needs,ROSEMOORE,1,0.10764262648008611,16
Home Decor & Festive Needs,ROYLE KATOCH,1,0.10764262648008611,16
Home Decor & Festive Needs,Radhika's World of Crafts,1,0.10764262648008611,16
Home Decor & Festive Needs,RajLaxmi,1,0.10764262648008611,16
Home Decor & Festive Needs,Rajasthani emporium,1,0.10764262648008611,16
Home Decor & Festive Needs,Ray-Pro,1,0.10764262648008611,16
Home Decor & Festive Needs,Recrafto,1,0.10764262648008611,16
Home Decor & Festive Needs,Right,1,0.10764262648008611,16
Home Decor & Festive Needs,Right Florist,1,0.10764262648008611,16
Home Decor & Festive Needs,RoyalsCart,1,0.10764262648008611,16
Home Decor & Festive Needs,Rrsskids,1,0.10764262648008611,16
Home Decor & Festive Needs,SAF,1,0.10764262648008611,16
Home Decor & Festive Needs,SR Crafts,1,0.10764262648008611,16
Home Decor & Festive Needs,STYLE CLUES FASHION,1,0.10764262648008611,16
Home Decor & Festive Needs,SUNVI,1,0.10764262648008611,16
Home Decor & Festive Needs,Samriddhivastu,1,0.10764262648008611,16
Home Decor & Festive Needs,Saum Creation,1,0.10764262648008611,16
Home Decor & Festive Needs,Seema'S Craft Creation,1,0.10764262648008611,16
Home Decor & Festive Needs,Send Rakhis to India,1,0.10764262648008611,16
Home Decor & Festive Needs,Shadowfax,1,0.10764262648008611,16
Home Decor & Festive Needs,Shivani Art,1,0.10764262648008611,16
Home Decor & Festive Needs,Shubham Exports,1,0.10764262648008611,16
Home Decor & Festive Needs,Shyam Fashion,1,0.10764262648008611,16
Home Decor & Festive Needs,Siri Creations,1,0.10764262648008611,16
Home Decor & Festive Needs,Sitare,1,0.10764262648008611,16
Home Decor & Festive Needs,Sixthsense,1,0.10764262648008611,16
Home Decor & Festive Needs,Skycandle.in,1,0.10764262648008611,16
Home Decor & Festive Needs,Slice of Bengal,1,0.10764262648008611,16
Home Decor & Festive Needs,SthriElite,1,0.10764262648008611,16
Home Decor & Festive Needs,Stonkraft,1,0.10764262648008611,16
Home Decor & Festive Needs,Subh-Akriti,1,0.10764262648008611,16
Home Decor & Festive Needs,Sugandh Vatika,1,0.10764262648008611,16
Home Decor & Festive Needs,Sukhson India,1,0.10764262648008611,16
Home Decor & Festive Needs,Sunita Fashion,1,0.10764262648008611,16
Home Decor & Festive Needs,Sunrise,1,0.10764262648008611,16
Home Decor & Festive Needs,Swarnim Jewellers,1,0.10764262648008611,16
Home Decor & Festive Needs,Swayambhu,1,0.10764262648008611,16
Home Decor & Festive Needs,Swethamber Arts,1,0.10764262648008611,16
Home Decor & Festive Needs,Tao Communications,1,0.10764262648008611,16
Home Decor & Festive Needs,TaraProjects,1,0.10764262648008611,16
Home Decor & Festive Needs,The Art Treasure,1,0.10764262648008611,16
Home Decor & Festive Needs,The Crafts House,1,0.10764262648008611,16
Home Decor & Festive Needs,The Decor mart,1,0.10764262648008611,16
Home Decor & Festive Needs,The Ethnic Story,1,0.10764262648008611,16
Home Decor & Festive Needs,TimberTaste,1,0.10764262648008611,16
Home Decor & Festive Needs,Tootpado,1,0.10764262648008611,16
Home Decor & Festive Needs,Total Furnishing,1,0.10764262648008611,16
Home Decor & Festive Needs,Treasure,1,0.10764262648008611,16
Home Decor & Festive Needs,Trends On Wall,1,0.10764262648008611,16
Home Decor & Festive Needs,Tucasa,1,0.10764262648008611,16
Home Decor & Festive Needs,UFC Mart,1,0.10764262648008611,16
Home Decor & Festive Needs,Udaipur Art Gallery,1,0.10764262648008611,16
Home Decor & Festive Needs,Unique Handicrafts,1,0.10764262648008611,16
Home Decor & Festive Needs,Unravel india,1,0.10764262648008611,16
Home Decor & Festive Needs,Urban Monk,1,0.10764262648008611,16
Home Decor & Festive Needs,Urban Monk Creations,1,0.10764262648008611,16
Home Decor & Festive Needs,Utkalika,1,0.10764262648008611,16
Home Decor & Festive Needs,Utsav Handicraft,1,0.10764262648008611,16
Home Decor & Festive Needs,V Creations,1,0.10764262648008611,16
Home Decor & Festive Needs,Vedic Deals,1,0.10764262648008611,16
Home Decor & Festive Needs,Vedic Vaani,1,0.10764262648008611,16
Home Decor & Festive Needs,WallDesign,1,0.10764262648008611,16
Home Decor & Festive Needs,Wink,1,0.10764262648008611,16
Home Decor & Festive Needs,Woodino Handicrafts,1,0.10764262648008611,16
Home Decor & Festive Needs,You2Deal,1,0.10764262648008611,16
Home Decor & Festive Needs,Zari Boxes,1,0.10764262648008611,16
Home Decor & Festive Needs,Zotalic,1,0.10764262648008611,16
Home Decor & Festive Needs,brass gift center,1,0.10764262648008611,16
Home Decor & Festive Needs,eCraftIndia,1,0.10764262648008611,16
Home Decor & Festive Needs,iwill,1,0.10764262648008611,16
Home Decor & Festive Needs,krishna art,1,0.10764262648008611,16
Home Decor & Festive Needs,narayan export,1,0.10764262648008611,16
Home Decor & Festive Needs,nogaiya,1,0.10764262648008611,16
Home Decor & Festive Needs,ruchiworld,1,0.10764262648008611,16
Home Decor & Festive Needs,urban monk creations,1,0.10764262648008611,16
Home Entertainment,LRIPL,2,10.526315789473685,1
Home Entertainment,C&E,1,5.2631578947368425,2
Home Entertainment,DH-Discovery,1,5.2631578947368425,2
Home Entertainment,Frontech,1,5.2631578947368425,2
Home Entertainment,Gadget-Wagon,1,5.2631578947368425,2
Home Entertainment,Ibz,1,5.2631578947368425,2
Home Entertainment,Jack Martin,1,5.2631578947368425,2
Home Entertainment,Janhvi,1,5.2631578947368425,2
Home Entertainment,Jelly8,1,5.2631578947368425,2
Home Entertainment,KoldFire,1,5.2631578947368425,2
Home Entertainment,Krown,1,5.2631578947368425,2
Home Entertainment,LG,1,5.2631578947368425,2
Home Entertainment,Mr Plus,1,5.2631578947368425,2
Home Entertainment,Onlinemart,1,5.2631578947368425,2
Home Entertainment,Sonilex,1,5.2631578947368425,2
Home Entertainment,Sony,1,5.2631578947368425,2
Home Entertainment,Tecnia,1,5.2631578947368425,2
Home Entertainment,boom,1,5.2631578947368425,2
Home Furnishing,HomeeHub,95,13.571428571428571,1
Home Furnishing,Raymond,51,7.285714285714286,2
Home Furnishing,Aroma Comfort,25,3.5714285714285716,3
Home Furnishing,Rajrang,19,2.7142857142857144,4
Home Furnishing,Amore,18,2.5714285714285716,5
Home Furnishing,Cotonex,17,2.4285714285714284,6
Home Furnishing,Sapatos,17,2.4285714285714284,6
Home Furnishing,Trident,15,2.142857142857143,7
Home Furnishing,Loomkart,14,2.0,8
Home Furnishing,meSleep,12,1.7142857142857142,9
Home Furnishing,Fabutex,8,1.1428571428571428,10
Home Furnishing,NKP,8,1.1428571428571428,10
Home Furnishing,Rajasthan Crafts,8,1.1428571428571428,10
Home Furnishing,Bombay Dyeing,7,1.0,11
Home Furnishing,Handloomhub,7,1.0,11
Home Furnishing,Home Fashion Gallery,7,1.0,11
Home Furnishing,Home Originals,7,1.0,11
Home Furnishing,Quilt India,7,1.0,11
Home Furnishing,Valtellina,7,1.0,11
Home Furnishing,FURNISHINGLAND,6,0.8571428571428571,12
Home Furnishing,JBC Collection,6,0.8571428571428571,12
Home Furnishing,JDX,6,0.8571428571428571,12
Home Furnishing,Prime,6,0.8571428571428571,12
Home Furnishing,ShopSince,6,0.8571428571428571,12
Home Furnishing,Shopkeeda,6,0.8571428571428571,12
Home Furnishing,The Intellect Bazaar,6,0.8571428571428571,12
Home Furnishing,Unnati,6,0.8571428571428571,12
Home Furnishing,Amit Carpet,5,0.7142857142857143,13
Home Furnishing,First Choice,5,0.7142857142857143,13
Home Furnishing,Lushomes,5,0.7142857142857143,13
Home Furnishing,Mafatlal,5,0.7142857142857143,13
Home Furnishing,Riva Carpets,5,0.7142857142857143,13
Home Furnishing,Textile India,5,0.7142857142857143,13
Home Furnishing,Adishma,4,0.5714285714285714,14
Home Furnishing,Ermani Export,4,0.5714285714285714,14
Home Furnishing,House This,4,0.5714285714285714,14
Home Furnishing,Rama,4,0.5714285714285714,14
Home Furnishing,Right,4,0.5714285714285714,14
Home Furnishing,Welhouse,4,0.5714285714285714,14
Home Furnishing,eCraftIndia,4,0.5714285714285714,14
Home Furnishing,Amber,3,0.42857142857142855,15
Home Furnishing,Fresh From Loom,3,0.42857142857142855,15
Home Furnishing,JBG Home Store,3,0.42857142857142855,15
Home Furnishing,Jaipur Print,3,0.42857142857142855,15
Home Furnishing,Jaipur Raga,3,0.42857142857142855,15
Home Furnishing,MB,3,0.42857142857142855,15
Home Furnishing,Pristine Towels,3,0.42857142857142855,15
Home Furnishing,SANTOSH ROYAL FASHION,3,0.42857142857142855,15
Home Furnishing,Sassoon,3,0.42857142857142855,15
Home Furnishing,Silkworm,3,0.42857142857142855,15
Home Furnishing,Softspun,3,0.42857142857142855,15
Home Furnishing,Swastik,3,0.42857142857142855,15
Home Furnishing,Tidy,3,0.42857142857142855,15
Home Furnishing,AT,2,0.2857142857142857,16
Home Furnishing,Adt Saral,2,0.2857142857142857,16
Home Furnishing,Artisan Creation,2,0.2857142857142857,16
Home Furnishing,Bagru Crafts,2,0.2857142857142857,16
Home Furnishing,Bajya,2,0.2857142857142857,16
Home Furnishing,Cloth Fusion,2,0.2857142857142857,16
Home Furnishing,Eco Haat,2,0.2857142857142857,16
Home Furnishing,El Sandlo,2,0.2857142857142857,16
Home Furnishing,Fantasy Home Decor,2,0.2857142857142857,16
Home Furnishing,Furnishing Zone,2,0.2857142857142857,16
Home Furnishing,GRJ India,2,0.2857142857142857,16
Home Furnishing,Galaxy Decorations,2,0.2857142857142857,16
Home Furnishing,Gran,2,0.2857142857142857,16
Home Furnishing,Homec,2,0.2857142857142857,16
Home Furnishing,IWS,2,0.2857142857142857,16
Home Furnishing,JMD,2,0.2857142857142857,16
Home Furnishing,JewelKraft Designs,2,0.2857142857142857,16
Home Furnishing,Jums,2,0.2857142857142857,16
Home Furnishing,Katwa Clasic,2,0.2857142857142857,16
Home Furnishing,Koncepts,2,0.2857142857142857,16
Home Furnishing,M S Rugs,2,0.2857142857142857,16
Home Furnishing,Magical Knots,2,0.2857142857142857,16
Home Furnishing,Majestic,2,0.2857142857142857,16
Home Furnishing,Mandhania,2,0.2857142857142857,16
Home Furnishing,Mark Home,2,0.2857142857142857,16
Home Furnishing,MicroCotton,2,0.2857142857142857,16
Home Furnishing,Moonleaf,2,0.2857142857142857,16
Home Furnishing,Nagar Handloom,2,0.2857142857142857,16
Home Furnishing,Purpledip,2,0.2857142857142857,16
Home Furnishing,RajasthaniKart,2,0.2857142857142857,16
Home Furnishing,SRP Linen,2,0.2857142857142857,16
Home Furnishing,Scalabedding,2,0.2857142857142857,16
Home Furnishing,Shop Rajasthan,2,0.2857142857142857,16
Home Furnishing,Shop24decor,2,0.2857142857142857,16
Home Furnishing,Spangle,2,0.2857142857142857,16
Home Furnishing,Style Homez,2,0.2857142857142857,16
Home Furnishing,Tappu Ki Dukaan,2,0.2857142857142857,16
Home Furnishing,Ville Style,2,0.2857142857142857,16
Home Furnishing,YNA,2,0.2857142857142857,16
Home Furnishing,Zesture,2,0.2857142857142857,16
Home Furnishing,Zikrak Exim,2,0.2857142857142857,16
Home Furnishing,AAKAR,1,0.14285714285714285,17
Home Furnishing,ARIHANT,1,0.14285714285714285,17
Home Furnishing,Aakar,1,0.14285714285714285,17
Home Furnishing,Aapti,1,0.14285714285714285,17
Home Furnishing,Abhomedecor,1,0.14285714285714285,17
Home Furnishing,Akin,1,0.14285714285714285,17
Home Furnishing,Ally The Creations,1,0.14285714285714285,17
Home Furnishing,Arow,1,0.14285714285714285,17
Home Furnishing,Artnconcept,1,0.14285714285714285,17
Home Furnishing,Asist Health Care,1,0.14285714285714285,17
Home Furnishing,Aurraa,1,0.14285714285714285,17
Home Furnishing,Baby Bucket,1,0.14285714285714285,17
Home Furnishing,Balaji,1,0.14285714285714285,17
Home Furnishing,Bed & Bath,1,0.14285714285714285,17
Home Furnishing,Bhavya,1,0.14285714285714285,17
Home Furnishing,Bianca,1,0.14285714285714285,17
Home Furnishing,BigshopOnline,1,0.14285714285714285,17
Home Furnishing,Blanket Zone,1,0.14285714285714285,17
Home Furnishing,Buy Clues,1,0.14285714285714285,17
Home Furnishing,COLORS FOR LIVING,1,0.14285714285714285,17
Home Furnishing,Casa Copenhagen,1,0.14285714285714285,17
Home Furnishing,Chumbak,1,0.14285714285714285,17
Home Furnishing,Coco Bee,1,0.14285714285714285,17
Home Furnishing,Comfort,1,0.14285714285714285,17
Home Furnishing,Craft And Curtain,1,0.14285714285714285,17
Home Furnishing,Craft Trade,1,0.14285714285714285,17
Home Furnishing,Craftghar,1,0.14285714285714285,17
Home Furnishing,Creative Textiles,1,0.14285714285714285,17
Home Furnishing,D'steek,1,0.14285714285714285,17
Home Furnishing,Desirica,1,0.14285714285714285,17
Home Furnishing,Dhrohar,1,0.14285714285714285,17
Home Furnishing,Dreamshomes,1,0.14285714285714285,17
Home Furnishing,Durga Home Trendz,1,0.14285714285714285,17
Home Furnishing,Earth Ro System,1,0.14285714285714285,17
Home Furnishing,Earthrosystem,1,0.14285714285714285,17
Home Furnishing,Elegance,1,0.14285714285714285,17
Home Furnishing,England,1,0.14285714285714285,17
Home Furnishing,Excellent4U,1,0.14285714285714285,17
Home Furnishing,Firangi,1,0.14285714285714285,17
Home Furnishing,Flazee Home Trends,1,0.14285714285714285,17
Home Furnishing,Frabjous,1,0.14285714285714285,17
Home Furnishing,Furhome,1,0.14285714285714285,17
Home Furnishing,GIMS,1,0.14285714285714285,17
Home Furnishing,Good Night,1,0.14285714285714285,17
Home Furnishing,Grafion,1,0.14285714285714285,17
Home Furnishing,Griiham,1,0.14285714285714285,17
Home Furnishing,Handloom Hut,1,0.14285714285714285,17
Home Furnishing,Hargunz,1,0.14285714285714285,17
Home Furnishing,Hemden,1,0.14285714285714285,17
Home Furnishing,Home Attraction,1,0.14285714285714285,17
Home Furnishing,Home Creations,1,0.14285714285714285,17
Home Furnishing,Home India,1,0.14285714285714285,17
Home Furnishing,HouseAttire,1,0.14285714285714285,17
Home Furnishing,Indigocart,1,0.14285714285714285,17
Home Furnishing,JTC Platinum,1,0.14285714285714285,17
Home Furnishing,Jaipar Heritage,1,0.14285714285714285,17
Home Furnishing,Jaipur Textile Hub,1,0.14285714285714285,17
Home Furnishing,Jodhaa,1,0.14285714285714285,17
Home Furnishing,Just Linen,1,0.14285714285714285,17
Home Furnishing,Kings,1,0.14285714285714285,17
Home Furnishing,Kirhans Apparels,1,0.14285714285714285,17
Home Furnishing,Kripa's,1,0.14285714285714285,17
Home Furnishing,Lily,1,0.14285714285714285,17
Home Furnishing,Little India,1,0.14285714285714285,17
Home Furnishing,LukLuck,1,0.14285714285714285,17
Home Furnishing,MSenterprises,1,0.14285714285714285,17
Home Furnishing,Madhavs,1,0.14285714285714285,17
Home Furnishing,Maspar,1,0.14285714285714285,17
Home Furnishing,Mee Mee,1,0.14285714285714285,17
Home Furnishing,Mintha,1,0.14285714285714285,17
Home Furnishing,Nikunj,1,0.14285714285714285,17
Home Furnishing,Nitra,1,0.14285714285714285,17
Home Furnishing,Nkp,1,0.14285714285714285,17
Home Furnishing,Onlinemaniya,1,0.14285714285714285,17
Home Furnishing,Paisa worth,1,0.14285714285714285,17
Home Furnishing,Paradise,1,0.14285714285714285,17
Home Furnishing,Pioneer Pragati,1,0.14285714285714285,17
Home Furnishing,Pioneerpragati,1,0.14285714285714285,17
Home Furnishing,R.B,1,0.14285714285714285,17
Home Furnishing,RYAN,1,0.14285714285714285,17
Home Furnishing,Rajcrafts,1,0.14285714285714285,17
Home Furnishing,Rajlaxmi,1,0.14285714285714285,17
Home Furnishing,Raymond Home,1,0.14285714285714285,17
Home Furnishing,Rays007,1,0.14285714285714285,17
Home Furnishing,Rehoboth,1,0.14285714285714285,17
Home Furnishing,Remtex Export,1,0.14285714285714285,17
Home Furnishing,Rich Cottons,1,0.14285714285714285,17
Home Furnishing,Riddhi Impex,1,0.14285714285714285,17
Home Furnishing,Rosepetal,1,0.14285714285714285,17
Home Furnishing,Ruchiworld,1,0.14285714285714285,17
Home Furnishing,Rustic India,1,0.14285714285714285,17
Home Furnishing,SKY TRENDS GIFT,1,0.14285714285714285,17
Home Furnishing,SPANGLE,1,0.14285714285714285,17
Home Furnishing,SWHF,1,0.14285714285714285,17
Home Furnishing,Samradhi,1,0.14285714285714285,17
Home Furnishing,Sheetalworld,1,0.14285714285714285,17
Home Furnishing,Shiv Shankar Handloom,1,0.14285714285714285,17
Home Furnishing,Shiv Textile,1,0.14285714285714285,17
Home Furnishing,Shopgalore,1,0.14285714285714285,17
Home Furnishing,Shopnetix,1,0.14285714285714285,17
Home Furnishing,Shoppingtara,1,0.14285714285714285,17
Home Furnishing,ShwetaInternational,1,0.14285714285714285,17
Home Furnishing,Skipper,1,0.14285714285714285,17
Home Furnishing,Smart Home Textile,1,0.14285714285714285,17
Home Furnishing,SnowFox,1,0.14285714285714285,17
Home Furnishing,Story @ Home,1,0.14285714285714285,17
Home Furnishing,StyBuzz,1,0.14285714285714285,17
Home Furnishing,The Art Box,1,0.14285714285714285,17
Home Furnishing,The Fancy Mart,1,0.14285714285714285,17
Home Furnishing,Tiskal,1,0.14285714285714285,17
Home Furnishing,Tradition India,1,0.14285714285714285,17
Home Furnishing,Trendy Home,1,0.14285714285714285,17
Home Furnishing,Tuktuk,1,0.14285714285714285,17
Home Furnishing,Unique Collections,1,0.14285714285714285,17
Home Furnishing,Urban Style,1,0.14285714285714285,17
Home Furnishing,Vgstore,1,0.14285714285714285,17
Home Furnishing,Woven Terry,1,0.14285714285714285,17
Home Furnishing,Xupply,1,0.14285714285714285,17
Home Furnishing,ZAIN,1,0.14285714285714285,17
Home Furnishing,Zaffre's,1,0.14285714285714285,17
Home Furnishing,cotton leaf,1,0.14285714285714285,17
Home Furnishing,jaisayram,1,0.14285714285714285,17
Home Furnishing,loomkart,1,0.14285714285714285,17
Home Furnishing,sovam,1,0.14285714285714285,17
Home Improvement,Agricart,10,12.345679012345679,1
Home Improvement,Legrand,9,11.11111111111111,2
Home Improvement,E-plant,5,6.172839506172839,3
Home Improvement,Havells,5,6.172839506172839,3
Home Improvement,MK,5,6.172839506172839,3
Home Improvement,Schneider,5,6.172839506172839,3
Home Improvement,Divine Tree,4,4.938271604938271,4
Home Improvement,Ganga,3,3.7037037037037037,5
Home Improvement,Ritco,3,3.7037037037037037,5
Home Improvement,Ajay,2,2.4691358024691357,6
Home Improvement,Avita,2,2.4691358024691357,6
Home Improvement,Ocean,2,2.4691358024691357,6
Home Improvement,Reins,2,2.4691358024691357,6
Home Improvement,SARK,2,2.4691358024691357,6
Home Improvement,ABB,1,1.2345679012345678,7
Home Improvement,Craftcart,1,1.2345679012345678,7
Home Improvement,DOCOSS,1,1.2345679012345678,7
Home Improvement,EGON,1,1.2345679012345678,7
Home Improvement,Eastman,1,1.2345679012345678,7
Home Improvement,Goldcave,1,1.2345679012345678,7
Home Improvement,Goodyear,1,1.2345679012345678,7
Home Improvement,Griptek,1,1.2345679012345678,7
Home Improvement,Hddecor,1,1.2345679012345678,7
Home Improvement,Jss Exports,1,1.2345679012345678,7
Home Improvement,Kraft Seeds,1,1.2345679012345678,7
Home Improvement,L&T,1,1.2345679012345678,7
Home Improvement,MUDIT,1,1.2345679012345678,7
Home Improvement,Masterfit,1,1.2345679012345678,7
Home Improvement,Multicolor,1,1.2345679012345678,7
Home Improvement,Plush,1,1.2345679012345678,7
Home Improvement,Prescott,1,1.2345679012345678,7
Home Improvement,SAY,1,1.2345679012345678,7
Home Improvement,Skys&Ray,1,1.2345679012345678,7
Home Improvement,Stealodeal,1,1.2345679012345678,7
Home Improvement,Tycab,1,1.2345679012345678,7
Home Improvement,sark,1,1.2345679012345678,7
Household Supplies,Whirlpool,3,75.0,1
Household Supplies,Oswal,1,25.0,2
INDILEGO Women Flats,INDILEGO,2,100.0,1
INKT INKT A5 Wiro Notebook A5 Notebook Ring Boun...,INKT,1,100.0,1
INVENTURE RETAIL Nail Cutter,INVENTURE RETAIL,1,100.0,1
Impala Alloy Cufflink (White),Impala,1,100.0,1
Indistar Self Design Viscose Women's Stole,Indistar,3,100.0,1
JUSF2 Black Color Hair Band (Multicolor),JUSF2,1,100.0,1
Jazz Eyewears Over-sized Sunglasses,Jazz Eyewears,1,100.0,1
Jewellery,Voylla,295,8.354573775134522,1
Jewellery,Karatcraft,211,5.975644293401302,2
Jewellery,Radiant Bay,132,3.7383177570093458,3
Jewellery,BlueStone,99,2.803738317757009,4
Jewellery,Jewelizer,67,1.8974794675729256,5
Jewellery,Hotpiper,53,1.5009912206173888,6
Jewellery,Anuradha Art,49,1.3877088643443785,7
Jewellery,Vaishali Bindi and Bangles,46,1.3027470971396204,8
Jewellery,Fashion Jewellery,44,1.2461059190031152,9
Jewellery,Sukkhi,41,1.1611441517983574,10
Jewellery,Galz4ever,40,1.1328235627301049,11
Jewellery,Kuhuk,40,1.1328235627301049,11
Jewellery,Jewel Paradise,38,1.0761823845935996,12
Jewellery,DressBerry,37,1.0478617955253469,13
Jewellery,Indian Charm,37,1.0478617955253469,13
Jewellery,Joyeria Milan,35,0.9912206173888417,14
Jewellery,Jadoo Collections,34,0.9629000283205891,15
Jewellery,UpTown,34,0.9629000283205891,15
Jewellery,Hi Look,33,0.9345794392523364,16
Jewellery,ETTI,32,0.9062588501840838,17
Jewellery,Junk,30,0.8496176720475785,18
Jewellery,The Fine World,29,0.821297082979326,19
Jewellery,BGS,27,0.7646559048428208,20
Jewellery,Jewels5,26,0.7363353157745681,21
Jewellery,VR Designers,26,0.7363353157745681,21
Jewellery,Vinnis,26,0.7363353157745681,21
Jewellery,Viva Fashions,26,0.7363353157745681,21
Jewellery,Harp,25,0.7080147267063155,22
Jewellery,Jewel Touch,25,0.7080147267063155,22
Jewellery,Rakam,25,0.7080147267063155,22
Jewellery,Fullcutdiamond,22,0.6230529595015576,23
Jewellery,Kiara Jewellery,20,0.5664117813650524,24
Jewellery,Vedika Jewellery,20,0.5664117813650524,24
Jewellery,925 Silver,19,0.5380911922967998,25
Jewellery,Gift Island,19,0.5380911922967998,25
Jewellery,GoldNera,19,0.5380911922967998,25
Jewellery,Falconoverseas,18,0.5097706032285472,26
Jewellery,Shashvat Jewels,18,0.5097706032285472,26
Jewellery,Fayon,16,0.4531294250920419,27
Jewellery,WearYourShine by PCJ,16,0.4531294250920419,27
Jewellery,Aaradhi,15,0.42480883602378927,28
Jewellery,Estella Fashion,15,0.42480883602378927,28
Jewellery,Manirathnum,15,0.42480883602378927,28
Jewellery,Pearl Paradise,15,0.42480883602378927,28
Jewellery,Vatsalya Creation,15,0.42480883602378927,28
Jewellery,Vidhya Kangan,15,0.42480883602378927,28
Jewellery,Fab Fashion,14,0.3964882469555367,29
Jewellery,Frabjous,14,0.3964882469555367,29
Jewellery,Muchmore,14,0.3964882469555367,29
Jewellery,My Design,14,0.3964882469555367,29
Jewellery,Aaishwarya,13,0.36816765788728406,30
Jewellery,Diti Jewellery,13,0.36816765788728406,30
Jewellery,FashBlush,13,0.36816765788728406,30
Jewellery,R18Jewels-Fashion&U,13,0.36816765788728406,30
Jewellery,Urthn,13,0.36816765788728406,30
Jewellery,Village Handicrafts,13,0.36816765788728406,30
Jewellery,Womens Trendz,13,0.36816765788728406,30
Jewellery,Adimani,12,0.33984706881903143,31
Jewellery,IESD,12,0.33984706881903143,31
Jewellery,Indian Fashion Guru,12,0.33984706881903143,31
Jewellery,JDX,12,0.33984706881903143,31
Jewellery,JEWELIZER,12,0.33984706881903143,31
Jewellery,NEVI,12,0.33984706881903143,31
Jewellery,Radhesh Creation,12,0.33984706881903143,31
Jewellery,Variation,12,0.33984706881903143,31
Jewellery,YugshaJewels,12,0.33984706881903143,31
Jewellery,Eshoppee,11,0.3115264797507788,32
Jewellery,Pearlz Ocean,11,0.3115264797507788,32
Jewellery,SP Jewellery,11,0.3115264797507788,32
Jewellery,Volaliva,11,0.3115264797507788,32
Jewellery,Zaicus,11,0.3115264797507788,32
Jewellery,Homefoster,10,0.2832058906825262,33
Jewellery,Jewels Galaxy,10,0.2832058906825262,33
Jewellery,Pink Rose,10,0.2832058906825262,33
Jewellery,Twella Creations,10,0.2832058906825262,33
Jewellery,Adorelabel,9,0.2548853016142736,34
Jewellery,Avaron Projekt,9,0.2548853016142736,34
Jewellery,Ethnic Jewels,9,0.2548853016142736,34
Jewellery,Jewelina Gems,9,0.2548853016142736,34
Jewellery,Magic,9,0.2548853016142736,34
Jewellery,Nirosha,9,0.2548853016142736,34
Jewellery,Nishtaa,9,0.2548853016142736,34
Jewellery,P.N.Gadgil Jewellers,9,0.2548853016142736,34
Jewellery,Taj Pearl,9,0.2548853016142736,34
Jewellery,The Jewelbox,9,0.2548853016142736,34
Jewellery,Anjan,8,0.22656471254602095,35
Jewellery,Aria,8,0.22656471254602095,35
Jewellery,Ciemme,8,0.22656471254602095,35
Jewellery,Dhrohar,8,0.22656471254602095,35
Jewellery,Dilan Jewels,8,0.22656471254602095,35
Jewellery,Divine Forever,8,0.22656471254602095,35
Jewellery,Etti,8,0.22656471254602095,35
Jewellery,Fashion Era,8,0.22656471254602095,35
Jewellery,Gia,8,0.22656471254602095,35
Jewellery,Giftwallas,8,0.22656471254602095,35
Jewellery,Imli Street,8,0.22656471254602095,35
Jewellery,Itzmyfashion,8,0.22656471254602095,35
Jewellery,Jiya Fashion Pretties,8,0.22656471254602095,35
Jewellery,Juhi Malhotra,8,0.22656471254602095,35
Jewellery,Love Bright Jewelry,8,0.22656471254602095,35
Jewellery,Outdazzle,8,0.22656471254602095,35
Jewellery,Poetry Accessories,8,0.22656471254602095,35
Jewellery,Shining Diva,8,0.22656471254602095,35
Jewellery,Trinketbag,8,0.22656471254602095,35
Jewellery,Zakaah Jewels,8,0.22656471254602095,35
Jewellery,Zaveri Pearls,8,0.22656471254602095,35
Jewellery,Zephyrr,8,0.22656471254602095,35
Jewellery,Caratcents,7,0.19824412347776835,36
Jewellery,Clara,7,0.19824412347776835,36
Jewellery,Fabulloso,7,0.19824412347776835,36
Jewellery,Fashion Pitaraa,7,0.19824412347776835,36
Jewellery,Fashionzaadi,7,0.19824412347776835,36
Jewellery,Greek Sojourn,7,0.19824412347776835,36
Jewellery,Imitzworld,7,0.19824412347776835,36
Jewellery,Informatix,7,0.19824412347776835,36
Jewellery,JacknJewel,7,0.19824412347776835,36
Jewellery,Trove,7,0.19824412347776835,36
Jewellery,VK Jewels,7,0.19824412347776835,36
Jewellery,Vijisan,7,0.19824412347776835,36
Jewellery,Visaga,7,0.19824412347776835,36
Jewellery,dgold,7,0.19824412347776835,36
Jewellery,Aara Arts,6,0.16992353440951571,37
Jewellery,Asian Gems & Jewels,6,0.16992353440951571,37
Jewellery,Camy,6,0.16992353440951571,37
Jewellery,CaratLane,6,0.16992353440951571,37
Jewellery,Classique Designer Jewellery,6,0.16992353440951571,37
Jewellery,Crunchy Fashion,6,0.16992353440951571,37
Jewellery,Diovanni,6,0.16992353440951571,37
Jewellery,Fashblush,6,0.16992353440951571,37
Jewellery,Friendz,6,0.16992353440951571,37
Jewellery,Gemstone Pioneer,6,0.16992353440951571,37
Jewellery,Hawai,6,0.16992353440951571,37
Jewellery,INAYA,6,0.16992353440951571,37
Jewellery,Imagine Products,6,0.16992353440951571,37
Jewellery,Jacknjewel,6,0.16992353440951571,37
Jewellery,Jainx,6,0.16992353440951571,37
Jewellery,Jewelshingar,6,0.16992353440951571,37
Jewellery,Kenway Retail,6,0.16992353440951571,37
Jewellery,Rasav Jewels,6,0.16992353440951571,37
Jewellery,SJPearls,6,0.16992353440951571,37
Jewellery,Shadi Bazaar,6,0.16992353440951571,37
Jewellery,Tangerine,6,0.16992353440951571,37
Jewellery,Wow,6,0.16992353440951571,37
Jewellery,X Gold India,6,0.16992353440951571,37
Jewellery,Adhira,5,0.1416029453412631,38
Jewellery,Archi Collection,5,0.1416029453412631,38
Jewellery,Eclat,5,0.1416029453412631,38
Jewellery,Engross,5,0.1416029453412631,38
Jewellery,Ethnochic,5,0.1416029453412631,38
Jewellery,GAJ IMPEX,5,0.1416029453412631,38
Jewellery,GB Jewellery,5,0.1416029453412631,38
Jewellery,Gurjari,5,0.1416029453412631,38
Jewellery,Hedoneesta,5,0.1416029453412631,38
Jewellery,Indsights,5,0.1416029453412631,38
Jewellery,Jewelnation,5,0.1416029453412631,38
Jewellery,Knighthood,5,0.1416029453412631,38
Jewellery,Mrigya,5,0.1416029453412631,38
Jewellery,Parinaaz,5,0.1416029453412631,38
Jewellery,Rejewel,5,0.1416029453412631,38
Jewellery,Takspin,5,0.1416029453412631,38
Jewellery,The Art Jewellery,5,0.1416029453412631,38
Jewellery,The V Collection,5,0.1416029453412631,38
Jewellery,Vastradi,5,0.1416029453412631,38
Jewellery,Veinice,5,0.1416029453412631,38
Jewellery,Vinayak,5,0.1416029453412631,38
Jewellery,Youshine,5,0.1416029453412631,38
Jewellery,Ziveg,5,0.1416029453412631,38
Jewellery,99HomeMart,4,0.11328235627301048,39
Jewellery,Aahana Creations,4,0.11328235627301048,39
Jewellery,Ada Jewel,4,0.11328235627301048,39
Jewellery,Affinity Jewellers,4,0.11328235627301048,39
Jewellery,Blueberry,4,0.11328235627301048,39
Jewellery,Cocktail,4,0.11328235627301048,39
Jewellery,Di Classe,4,0.11328235627301048,39
Jewellery,Fash Blush,4,0.11328235627301048,39
Jewellery,Fashion Infinite,4,0.11328235627301048,39
Jewellery,Fashion Point,4,0.11328235627301048,39
Jewellery,G-Luck,4,0.11328235627301048,39
Jewellery,Gene Shoppiee,4,0.11328235627301048,39
Jewellery,Golden Petals,4,0.11328235627301048,39
Jewellery,Jocular,4,0.11328235627301048,39
Jewellery,LinkedInLove,4,0.11328235627301048,39
Jewellery,Luxor,4,0.11328235627301048,39
Jewellery,Madhyam Art,4,0.11328235627301048,39
Jewellery,Praniti,4,0.11328235627301048,39
Jewellery,Ratnam,4,0.11328235627301048,39
Jewellery,Sanaa Creations,4,0.11328235627301048,39
Jewellery,Solah Shringar,4,0.11328235627301048,39
Jewellery,Sri Bansilal Pearls,4,0.11328235627301048,39
Jewellery,Tradeyard Impex,4,0.11328235627301048,39
Jewellery,Vendee Fashion,4,0.11328235627301048,39
Jewellery,Young & Forever,4,0.11328235627301048,39
Jewellery,Zaisch,4,0.11328235627301048,39
Jewellery,Zevrr,4,0.11328235627301048,39
Jewellery,A M International,3,0.08496176720475786,40
Jewellery,Aayat,3,0.08496176720475786,40
Jewellery,Addons,3,0.08496176720475786,40
Jewellery,Bajya,3,0.08496176720475786,40
Jewellery,Dapinc,3,0.08496176720475786,40
Jewellery,Dazzle Collections,3,0.08496176720475786,40
Jewellery,Ela,3,0.08496176720475786,40
Jewellery,Envoy,3,0.08496176720475786,40
Jewellery,Fashion Craft,3,0.08496176720475786,40
Jewellery,Fashion Today,3,0.08496176720475786,40
Jewellery,Feelinwow,3,0.08496176720475786,40
Jewellery,Flirtchick,3,0.08496176720475786,40
Jewellery,Glitz,3,0.08496176720475786,40
Jewellery,Golden Peacock,3,0.08496176720475786,40
Jewellery,Hand to Hearts,3,0.08496176720475786,40
Jewellery,Herbal Jewellery,3,0.08496176720475786,40
Jewellery,Ickor,3,0.08496176720475786,40
Jewellery,Imagica,3,0.08496176720475786,40
Jewellery,Inox Jewelry,3,0.08496176720475786,40
Jewellery,JANKI JEWELLERS,3,0.08496176720475786,40
Jewellery,Jewels of Jaipur,3,0.08496176720475786,40
Jewellery,Jisha,3,0.08496176720475786,40
Jewellery,Johareez,3,0.08496176720475786,40
Jewellery,Kalaai,3,0.08496176720475786,40
Jewellery,Kamakhya Jewels,3,0.08496176720475786,40
Jewellery,Mentiezi,3,0.08496176720475786,40
Jewellery,Peora,3,0.08496176720475786,40
Jewellery,Pissara,3,0.08496176720475786,40
Jewellery,RosesNRibbons,3,0.08496176720475786,40
Jewellery,Royalminchem,3,0.08496176720475786,40
Jewellery,SJ Pearls,3,0.08496176720475786,40
Jewellery,Shopernow,3,0.08496176720475786,40
Jewellery,Silvesto India,3,0.08496176720475786,40
Jewellery,Siyas Collection,3,0.08496176720475786,40
Jewellery,Sparkle Street,3,0.08496176720475786,40
Jewellery,The Pari,3,0.08496176720475786,40
Jewellery,Urdiva Fashions,3,0.08496176720475786,40
Jewellery,WhiteGems,3,0.08496176720475786,40
Jewellery,YouBella,3,0.08496176720475786,40
Jewellery,Zobello,3,0.08496176720475786,40
Jewellery,Zovon,3,0.08496176720475786,40
Jewellery,gurjari,3,0.08496176720475786,40
Jewellery,9blings,2,0.05664117813650524,41
Jewellery,ANAHI,2,0.05664117813650524,41
Jewellery,Aakshi,2,0.05664117813650524,41
Jewellery,Advikacreations,2,0.05664117813650524,41
Jewellery,Alluring,2,0.05664117813650524,41
Jewellery,Alphaman,2,0.05664117813650524,41
Jewellery,Alysa,2,0.05664117813650524,41
Jewellery,American Diamond,2,0.05664117813650524,41
Jewellery,Amour,2,0.05664117813650524,41
Jewellery,Arip,2,0.05664117813650524,41
Jewellery,Avaron projekt,2,0.05664117813650524,41
Jewellery,Be You,2,0.05664117813650524,41
Jewellery,Being Women,2,0.05664117813650524,41
Jewellery,Beingwomen,2,0.05664117813650524,41
Jewellery,Beora,2,0.05664117813650524,41
Jewellery,Bhavika,2,0.05664117813650524,41
Jewellery,CHKOKKO,2,0.05664117813650524,41
Jewellery,Charvee,2,0.05664117813650524,41
Jewellery,Chickraft,2,0.05664117813650524,41
Jewellery,DFR,2,0.05664117813650524,41
Jewellery,Decon,2,0.05664117813650524,41
Jewellery,Dgold,2,0.05664117813650524,41
Jewellery,Dimple Creation,2,0.05664117813650524,41
Jewellery,Disney,2,0.05664117813650524,41
Jewellery,Divaz,2,0.05664117813650524,41
Jewellery,DressVilla,2,0.05664117813650524,41
Jewellery,Eccellente,2,0.05664117813650524,41
Jewellery,Espoir,2,0.05664117813650524,41
Jewellery,Fashionera,2,0.05664117813650524,41
Jewellery,Fashionvalley,2,0.05664117813650524,41
Jewellery,Fns,2,0.05664117813650524,41
Jewellery,Forever Carat,2,0.05664117813650524,41
Jewellery,Freshme Fashion Jewellery,2,0.05664117813650524,41
Jewellery,GIA,2,0.05664117813650524,41
Jewellery,Ganapathy Gems,2,0.05664117813650524,41
Jewellery,Glamour Gold,2,0.05664117813650524,41
Jewellery,H E Creations,2,0.05664117813650524,41
Jewellery,HKJ,2,0.05664117813650524,41
Jewellery,Harini,2,0.05664117813650524,41
Jewellery,Imit Jewel,2,0.05664117813650524,41
Jewellery,Indian Heritage,2,0.05664117813650524,41
Jewellery,Indoart,2,0.05664117813650524,41
Jewellery,InvogueArt,2,0.05664117813650524,41
Jewellery,Ishtaa,2,0.05664117813650524,41
Jewellery,IskiUski,2,0.05664117813650524,41
Jewellery,Jaipur Couture,2,0.05664117813650524,41
Jewellery,JewelFox,2,0.05664117813650524,41
Jewellery,Jewelhub,2,0.05664117813650524,41
Jewellery,Jewellerywale,2,0.05664117813650524,41
Jewellery,Jewelove,2,0.05664117813650524,41
Jewellery,Jewels Of Jaipur,2,0.05664117813650524,41
Jewellery,Jocalia,2,0.05664117813650524,41
Jewellery,Jpearls,2,0.05664117813650524,41
Jewellery,Just Women,2,0.05664117813650524,41
Jewellery,KuberBox,2,0.05664117813650524,41
Jewellery,Kundali,2,0.05664117813650524,41
Jewellery,MKJewellers,2,0.05664117813650524,41
Jewellery,Malabar Gold and Diamonds,2,0.05664117813650524,41
Jewellery,Meenaz,2,0.05664117813650524,41
Jewellery,Multiline Company,2,0.05664117813650524,41
Jewellery,NJ,2,0.05664117813650524,41
Jewellery,Opc,2,0.05664117813650524,41
Jewellery,Paul Chains,2,0.05664117813650524,41
Jewellery,Pout,2,0.05664117813650524,41
Jewellery,Ridhi Sidhi Collection,2,0.05664117813650524,41
Jewellery,Rubera,2,0.05664117813650524,41
Jewellery,Ruvee,2,0.05664117813650524,41
Jewellery,Sheetal Jewellery,2,0.05664117813650524,41
Jewellery,Shree Bhawani Art Jewellery,2,0.05664117813650524,41
Jewellery,Silver Shoppee,2,0.05664117813650524,41
Jewellery,Sindoora,2,0.05664117813650524,41
Jewellery,Svvelte,2,0.05664117813650524,41
Jewellery,Swaraj,2,0.05664117813650524,41
Jewellery,Tiara Gems,2,0.05664117813650524,41
Jewellery,URY,2,0.05664117813650524,41
Jewellery,Utkalika,2,0.05664117813650524,41
Jewellery,WI Retail,2,0.05664117813650524,41
Jewellery,Wecart,2,0.05664117813650524,41
Jewellery,Wi Retail,2,0.05664117813650524,41
Jewellery,Willmore,2,0.05664117813650524,41
Jewellery,iSweven,2,0.05664117813650524,41
Jewellery,A Bit of Me,1,0.02832058906825262,42
Jewellery,ALLURING,1,0.02832058906825262,42
Jewellery,AYESHA,1,0.02832058906825262,42
Jewellery,Aadi,1,0.02832058906825262,42
Jewellery,Aadyaa Collections,1,0.02832058906825262,42
Jewellery,Aarnaa,1,0.02832058906825262,42
Jewellery,Abhooshan,1,0.02832058906825262,42
Jewellery,Abhushan,1,0.02832058906825262,42
Jewellery,Abqa Hydrabadi Bangle,1,0.02832058906825262,42
Jewellery,Adiva,1,0.02832058906825262,42
Jewellery,Advika,1,0.02832058906825262,42
Jewellery,Adwitiya Collection,1,0.02832058906825262,42
Jewellery,Allure,1,0.02832058906825262,42
Jewellery,Alpha Man,1,0.02832058906825262,42
Jewellery,Amantran Jewels,1,0.02832058906825262,42
Jewellery,Antariksh,1,0.02832058906825262,42
Jewellery,Araanz by Tribhovandas Bhimji Zaveri Delhi,1,0.02832058906825262,42
Jewellery,Avsar,1,0.02832058906825262,42
Jewellery,Awari,1,0.02832058906825262,42
Jewellery,Ayesha,1,0.02832058906825262,42
Jewellery,B R TRADING,1,0.02832058906825262,42
Jewellery,B-Fashionable,1,0.02832058906825262,42
Jewellery,BAFNA GEMS & JEWELS,1,0.02832058906825262,42
Jewellery,Babes,1,0.02832058906825262,42
Jewellery,Beadworks,1,0.02832058906825262,42
Jewellery,Beautywear,1,0.02832058906825262,42
Jewellery,Bid4desire,1,0.02832058906825262,42
Jewellery,BijouVertex,1,0.02832058906825262,42
Jewellery,Blissdrizzle,1,0.02832058906825262,42
Jewellery,Blossom Berry,1,0.02832058906825262,42
Jewellery,Blush Collections,1,0.02832058906825262,42
Jewellery,Caratify,1,0.02832058906825262,42
Jewellery,Chandra Creations,1,0.02832058906825262,42
Jewellery,Chrishan,1,0.02832058906825262,42
Jewellery,Cinderella Collection By Shining Diva,1,0.02832058906825262,42
Jewellery,Classic Fashion Jewels,1,0.02832058906825262,42
Jewellery,Crazytowear,1,0.02832058906825262,42
Jewellery,DCA,1,0.02832058906825262,42
Jewellery,DSC,1,0.02832058906825262,42
Jewellery,Dancing Girl,1,0.02832058906825262,42
Jewellery,Deben & Hill,1,0.02832058906825262,42
Jewellery,Decron Jewels,1,0.02832058906825262,42
Jewellery,Demira Jewels,1,0.02832058906825262,42
Jewellery,DesiPanache,1,0.02832058906825262,42
Jewellery,Dev Jewellery,1,0.02832058906825262,42
Jewellery,Devina Jewels,1,0.02832058906825262,42
Jewellery,Ditya,1,0.02832058906825262,42
Jewellery,Dress Villa,1,0.02832058906825262,42
Jewellery,Eldora,1,0.02832058906825262,42
Jewellery,Eternz,1,0.02832058906825262,42
Jewellery,Eureka,1,0.02832058906825262,42
Jewellery,Exotic India,1,0.02832058906825262,42
Jewellery,Exotica,1,0.02832058906825262,42
Jewellery,Exxotic Jewelz,1,0.02832058906825262,42
Jewellery,Fashavi,1,0.02832058906825262,42
Jewellery,Fashion Fusion,1,0.02832058906825262,42
Jewellery,Fashionite,1,0.02832058906825262,42
Jewellery,Fashionography,1,0.02832058906825262,42
Jewellery,FemNmas,1,0.02832058906825262,42
Jewellery,Fida,1,0.02832058906825262,42
Jewellery,Foxy Trend,1,0.02832058906825262,42
Jewellery,Future Tech,1,0.02832058906825262,42
Jewellery,GCMR,1,0.02832058906825262,42
Jewellery,GUNJAN,1,0.02832058906825262,42
Jewellery,Gajraula Crafts,1,0.02832058906825262,42
Jewellery,Gehna,1,0.02832058906825262,42
Jewellery,Gi De Meo,1,0.02832058906825262,42
Jewellery,Glam Accessories,1,0.02832058906825262,42
Jewellery,Gliteri,1,0.02832058906825262,42
Jewellery,Golden Collections,1,0.02832058906825262,42
Jewellery,Gungun,1,0.02832058906825262,42
Jewellery,Gunjan Diamond,1,0.02832058906825262,42
Jewellery,Heena Jewellery,1,0.02832058906825262,42
Jewellery,His & Her,1,0.02832058906825262,42
Jewellery,Homeshopeez,1,0.02832058906825262,42
Jewellery,IDesign,1,0.02832058906825262,42
Jewellery,Image Fashion,1,0.02832058906825262,42
Jewellery,Imc Deals,1,0.02832058906825262,42
Jewellery,Impala,1,0.02832058906825262,42
Jewellery,Indian Fashion,1,0.02832058906825262,42
Jewellery,Indian Gems And Jewells,1,0.02832058906825262,42
Jewellery,Indian Swan,1,0.02832058906825262,42
Jewellery,Indigocart,1,0.02832058906825262,42
Jewellery,Invogue Art,1,0.02832058906825262,42
Jewellery,Itiha,1,0.02832058906825262,42
Jewellery,Itz About U,1,0.02832058906825262,42
Jewellery,JK Import,1,0.02832058906825262,42
Jewellery,JLT,1,0.02832058906825262,42
Jewellery,JOVIFashion,1,0.02832058906825262,42
Jewellery,JUHI CREATIONS,1,0.02832058906825262,42
Jewellery,Jaunty,1,0.02832058906825262,42
Jewellery,Jewbang,1,0.02832058906825262,42
Jewellery,JewelHub,1,0.02832058906825262,42
Jewellery,Jewelmantra,1,0.02832058906825262,42
Jewellery,Jewels Guru,1,0.02832058906825262,42
Jewellery,Jewels Mountain,1,0.02832058906825262,42
Jewellery,JewelsWonder,1,0.02832058906825262,42
Jewellery,Jewelsindia,1,0.02832058906825262,42
Jewellery,Jewelsnext,1,0.02832058906825262,42
Jewellery,Jewelz,1,0.02832058906825262,42
Jewellery,Jewlot,1,0.02832058906825262,42
Jewellery,Jovifashion,1,0.02832058906825262,42
Jewellery,KALYANI COVERING,1,0.02832058906825262,42
Jewellery,KUHUK,1,0.02832058906825262,42
Jewellery,Kaizer Jewelry,1,0.02832058906825262,42
Jewellery,Kalai,1,0.02832058906825262,42
Jewellery,Kalpaveda,1,0.02832058906825262,42
Jewellery,Kirati,1,0.02832058906825262,42
Jewellery,KooKoo Fashion,1,0.02832058906825262,42
Jewellery,Krishna Creation,1,0.02832058906825262,42
Jewellery,Krishna Pearls & Jewellers,1,0.02832058906825262,42
Jewellery,Kyra,1,0.02832058906825262,42
Jewellery,La Amber,1,0.02832058906825262,42
Jewellery,Lamika Creations,1,0.02832058906825262,42
Jewellery,Leppy,1,0.02832058906825262,42
Jewellery,Leshya,1,0.02832058906825262,42
Jewellery,MKB,1,0.02832058906825262,42
Jewellery,MPCI,1,0.02832058906825262,42
Jewellery,MUCHMORE,1,0.02832058906825262,42
Jewellery,Maayin,1,0.02832058906825262,42
Jewellery,Magnifico,1,0.02832058906825262,42
Jewellery,Mast & Harbour,1,0.02832058906825262,42
Jewellery,Men Style,1,0.02832058906825262,42
Jewellery,Merastore,1,0.02832058906825262,42
Jewellery,Mivera,1,0.02832058906825262,42
Jewellery,Mrignayaneei,1,0.02832058906825262,42
Jewellery,Myint,1,0.02832058906825262,42
Jewellery,Nakashi,1,0.02832058906825262,42
Jewellery,Nexessories,1,0.02832058906825262,42
Jewellery,Nirvana,1,0.02832058906825262,42
Jewellery,Nisa Pearls,1,0.02832058906825262,42
Jewellery,Ojasvi,1,0.02832058906825262,42
Jewellery,OnlinePearlShop,1,0.02832058906825262,42
Jewellery,PG Handicrafts,1,0.02832058906825262,42
Jewellery,PURAN,1,0.02832058906825262,42
Jewellery,Payalwala,1,0.02832058906825262,42
Jewellery,Pearls India,1,0.02832058906825262,42
Jewellery,Penny jewels,1,0.02832058906825262,42
Jewellery,Pretty Women,1,0.02832058906825262,42
Jewellery,Prisha,1,0.02832058906825262,42
Jewellery,Prisha Collections,1,0.02832058906825262,42
Jewellery,R S Jewels,1,0.02832058906825262,42
Jewellery,R18jewels-Fashion&U,1,0.02832058906825262,42
Jewellery,RIANZ,1,0.02832058906825262,42
Jewellery,RaSav Jewels,1,0.02832058906825262,42
Jewellery,Rasianve,1,0.02832058906825262,42
Jewellery,Ratnakar,1,0.02832058906825262,42
Jewellery,Ratnapriya Art,1,0.02832058906825262,42
Jewellery,Reet,1,0.02832058906825262,42
Jewellery,Remix,1,0.02832058906825262,42
Jewellery,Riana,1,0.02832058906825262,42
Jewellery,Roma Brothers,1,0.02832058906825262,42
Jewellery,Rootz,1,0.02832058906825262,42
Jewellery,Royal Diamond Jewellery,1,0.02832058906825262,42
Jewellery,Ruby,1,0.02832058906825262,42
Jewellery,SENECIO,1,0.02832058906825262,42
Jewellery,SG Creations,1,0.02832058906825262,42
Jewellery,SRSB,1,0.02832058906825262,42
Jewellery,Saashis Closet,1,0.02832058906825262,42
Jewellery,Saffron Craft,1,0.02832058906825262,42
Jewellery,Saga,1,0.02832058906825262,42
Jewellery,Sahej,1,0.02832058906825262,42
Jewellery,Sakshi Jewels,1,0.02832058906825262,42
Jewellery,Samaa,1,0.02832058906825262,42
Jewellery,Sanayacollection,1,0.02832058906825262,42
Jewellery,Sarah,1,0.02832058906825262,42
Jewellery,Scion,1,0.02832058906825262,42
Jewellery,Scrunchh,1,0.02832058906825262,42
Jewellery,Shagun,1,0.02832058906825262,42
Jewellery,Shagun Trends,1,0.02832058906825262,42
Jewellery,Shahi Handicraft,1,0.02832058906825262,42
Jewellery,Sharani,1,0.02832058906825262,42
Jewellery,Shihibas,1,0.02832058906825262,42
Jewellery,Shivam,1,0.02832058906825262,42
Jewellery,Shri Shyam Baba Jewellers,1,0.02832058906825262,42
Jewellery,Silver Arts,1,0.02832058906825262,42
Jewellery,Silver Prince,1,0.02832058906825262,42
Jewellery,Soulxpressions,1,0.02832058906825262,42
Jewellery,Spangel Fashion,1,0.02832058906825262,42
Jewellery,Sparkling Drop,1,0.02832058906825262,42
Jewellery,Sujit Bajaj Signature Jewellery,1,0.02832058906825262,42
Jewellery,Suranas Jewelove,1,0.02832058906825262,42
Jewellery,Surat Diamonds,1,0.02832058906825262,42
Jewellery,Suvarnadeep,1,0.02832058906825262,42
Jewellery,Suvini,1,0.02832058906825262,42
Jewellery,TSG Yuth,1,0.02832058906825262,42
Jewellery,Taraash,1,0.02832058906825262,42
Jewellery,Terracotta,1,0.02832058906825262,42
Jewellery,The Craftz,1,0.02832058906825262,42
Jewellery,The Museum Outlet,1,0.02832058906825262,42
Jewellery,Theme Jewels,1,0.02832058906825262,42
Jewellery,Tradeyard impex,1,0.02832058906825262,42
Jewellery,Treta,1,0.02832058906825262,42
Jewellery,Trinklets,1,0.02832058906825262,42
Jewellery,Tsquare,1,0.02832058906825262,42
Jewellery,Tuelip,1,0.02832058906825262,42
Jewellery,Udhayam,1,0.02832058906825262,42
Jewellery,Uma,1,0.02832058906825262,42
Jewellery,Uncommon Stuffs,1,0.02832058906825262,42
Jewellery,University Trendz,1,0.02832058906825262,42
Jewellery,Utsavi,1,0.02832058906825262,42
Jewellery,Utsokt,1,0.02832058906825262,42
Jewellery,V&V ART,1,0.02832058906825262,42
Jewellery,VASTUGHAR,1,0.02832058906825262,42
Jewellery,Velvetcase,1,0.02832058906825262,42
Jewellery,Via Mazzini,1,0.02832058906825262,42
Jewellery,Vision,1,0.02832058906825262,42
Jewellery,Vismay Creation,1,0.02832058906825262,42
Jewellery,Vivre Jewels,1,0.02832058906825262,42
Jewellery,Voril Fashion,1,0.02832058906825262,42
Jewellery,Vs International,1,0.02832058906825262,42
Jewellery,WOAP,1,0.02832058906825262,42
Jewellery,Waama Jewels,1,0.02832058906825262,42
Jewellery,Wise Pebble,1,0.02832058906825262,42
Jewellery,Wowww,1,0.02832058906825262,42
Jewellery,YELLOW CHIMES,1,0.02832058906825262,42
Jewellery,You,1,0.02832058906825262,42
Jewellery,Zeneme,1,0.02832058906825262,42
Jewellery,ZeroKaata,1,0.02832058906825262,42
Jewellery,bohocraft,1,0.02832058906825262,42
Jewellery,classyworld,1,0.02832058906825262,42
Jewellery,diwine jewels,1,0.02832058906825262,42
Jewellery,hbs saree pin,1,0.02832058906825262,42
Jewellery,imitzworld,1,0.02832058906825262,42
Jewellery,knp enterprise,1,0.02832058906825262,42
Jewellery,misshruts,1,0.02832058906825262,42
Jewellery,poonamcreation,1,0.02832058906825262,42
Jewellery,sharp n style,1,0.02832058906825262,42
Jewellery,womaniya,1,0.02832058906825262,42
"Joyra Heart Sterling Silver Swarovski Crystal, S...",Joyra,1,100.0,1
Just Wow Women Flats,Just Wow,1,100.0,1
K&P Dr.Ambedkar Large 04 Showpiece  -  19 cm (Po...,K&P,1,100.0,1
K&P Lord Ganesha Large 03 Showpiece  -  19 cm (P...,K&P,1,100.0,1
"Kalpaveda Copper Bowl (Gold, Pack of 1)",Kalpaveda,1,100.0,1
Kanvas Bellies,Kanvas,1,100.0,1
Kitchen & Dining,Unknown,282,43.585780525502315,1
Kitchen & Dining,AKUP,22,3.400309119010819,2
Kitchen & Dining,Ndura,7,1.0819165378670788,3
Kitchen & Dining,Go Hooked,6,0.9273570324574961,4
Kitchen & Dining,Kosher,6,0.9273570324574961,4
Kitchen & Dining,United,6,0.9273570324574961,4
Kitchen & Dining,StyleStuffs,5,0.7727975270479135,5
Kitchen & Dining,Suruchi,5,0.7727975270479135,5
Kitchen & Dining,BFT,4,0.6182380216383307,6
Kitchen & Dining,C.E Collection,4,0.6182380216383307,6
Kitchen & Dining,Metallino,4,0.6182380216383307,6
Kitchen & Dining,Pratha,4,0.6182380216383307,6
Kitchen & Dining,Prestige,4,0.6182380216383307,6
Kitchen & Dining,SKI,4,0.6182380216383307,6
Kitchen & Dining,Shopmania,4,0.6182380216383307,6
Kitchen & Dining,Tirupati,4,0.6182380216383307,6
Kitchen & Dining,giftsthatwow,4,0.6182380216383307,6
Kitchen & Dining,CookAid,3,0.46367851622874806,7
Kitchen & Dining,Dailyware,3,0.46367851622874806,7
Kitchen & Dining,Hawkins,3,0.46367851622874806,7
Kitchen & Dining,KB's,3,0.46367851622874806,7
Kitchen & Dining,NIRLON,3,0.46367851622874806,7
Kitchen & Dining,Ocean,3,0.46367851622874806,7
Kitchen & Dining,Pigeon,3,0.46367851622874806,7
Kitchen & Dining,Sumeet,3,0.46367851622874806,7
Kitchen & Dining,nayasa,3,0.46367851622874806,7
Kitchen & Dining,Aagam,2,0.3091190108191654,8
Kitchen & Dining,Alda,2,0.3091190108191654,8
Kitchen & Dining,Anupam,2,0.3091190108191654,8
Kitchen & Dining,Bhalaria,2,0.3091190108191654,8
Kitchen & Dining,Black Diamond,2,0.3091190108191654,8
Kitchen & Dining,Black Stallion,2,0.3091190108191654,8
Kitchen & Dining,Bright Home Appliances,2,0.3091190108191654,8
Kitchen & Dining,Buyer's Beach,2,0.3091190108191654,8
Kitchen & Dining,Dexas,2,0.3091190108191654,8
Kitchen & Dining,Dungri India Craft,2,0.3091190108191654,8
Kitchen & Dining,EON,2,0.3091190108191654,8
Kitchen & Dining,EZRA,2,0.3091190108191654,8
Kitchen & Dining,Elite Handicrafts,2,0.3091190108191654,8
Kitchen & Dining,Eurotex,2,0.3091190108191654,8
Kitchen & Dining,Galaxy,2,0.3091190108191654,8
Kitchen & Dining,IPP,2,0.3091190108191654,8
Kitchen & Dining,Indian Art Villa,2,0.3091190108191654,8
Kitchen & Dining,Kalash,2,0.3091190108191654,8
Kitchen & Dining,King Traders,2,0.3091190108191654,8
Kitchen & Dining,LUCINA,2,0.3091190108191654,8
Kitchen & Dining,MARVEL,2,0.3091190108191654,8
Kitchen & Dining,Milky Way,2,0.3091190108191654,8
Kitchen & Dining,Miracle,2,0.3091190108191654,8
Kitchen & Dining,Mooz,2,0.3091190108191654,8
Kitchen & Dining,NIKsales,2,0.3091190108191654,8
Kitchen & Dining,Needhi,2,0.3091190108191654,8
Kitchen & Dining,Nourish,2,0.3091190108191654,8
Kitchen & Dining,OK,2,0.3091190108191654,8
Kitchen & Dining,OTC,2,0.3091190108191654,8
Kitchen & Dining,Pasabahce,2,0.3091190108191654,8
Kitchen & Dining,Philips,2,0.3091190108191654,8
Kitchen & Dining,Raghav India,2,0.3091190108191654,8
Kitchen & Dining,Seven Seas,2,0.3091190108191654,8
Kitchen & Dining,Shubh,2,0.3091190108191654,8
Kitchen & Dining,Smart Choice Furniture,2,0.3091190108191654,8
Kitchen & Dining,Steel,2,0.3091190108191654,8
Kitchen & Dining,Sunvi,2,0.3091190108191654,8
Kitchen & Dining,Syska Led Lights,2,0.3091190108191654,8
Kitchen & Dining,Triston Home,2,0.3091190108191654,8
Kitchen & Dining,Trudeau,2,0.3091190108191654,8
Kitchen & Dining,VRCT,2,0.3091190108191654,8
Kitchen & Dining,ZEVA,2,0.3091190108191654,8
Kitchen & Dining,AM Creation,1,0.1545595054095827,9
Kitchen & Dining,AQUAPOLO,1,0.1545595054095827,9
Kitchen & Dining,Aasaan,1,0.1545595054095827,9
Kitchen & Dining,Abee,1,0.1545595054095827,9
Kitchen & Dining,Agromech,1,0.1545595054095827,9
Kitchen & Dining,Anjali,1,0.1545595054095827,9
Kitchen & Dining,Apex,1,0.1545595054095827,9
Kitchen & Dining,Art n Beyond,1,0.1545595054095827,9
Kitchen & Dining,Asavari world,1,0.1545595054095827,9
Kitchen & Dining,Avenue,1,0.1545595054095827,9
Kitchen & Dining,Baltra,1,0.1545595054095827,9
Kitchen & Dining,Bergner,1,0.1545595054095827,9
Kitchen & Dining,Bestech,1,0.1545595054095827,9
Kitchen & Dining,Bharat,1,0.1545595054095827,9
Kitchen & Dining,Big Balaji,1,0.1545595054095827,9
Kitchen & Dining,Black Butterfly,1,0.1545595054095827,9
Kitchen & Dining,Blue Birds USA Homeware,1,0.1545595054095827,9
Kitchen & Dining,Blue Birds Usa Homeware,1,0.1545595054095827,9
Kitchen & Dining,Blue Dot,1,0.1545595054095827,9
Kitchen & Dining,BrandTrendz,1,0.1545595054095827,9
Kitchen & Dining,CLASSY,1,0.1545595054095827,9
Kitchen & Dining,Caffeine,1,0.1545595054095827,9
Kitchen & Dining,Celebrity,1,0.1545595054095827,9
Kitchen & Dining,Checkered Chef,1,0.1545595054095827,9
Kitchen & Dining,Chefkraft,1,0.1545595054095827,9
Kitchen & Dining,Chefn,1,0.1545595054095827,9
Kitchen & Dining,Cookart,1,0.1545595054095827,9
Kitchen & Dining,CraftGhar,1,0.1545595054095827,9
Kitchen & Dining,DISNEY,1,0.1545595054095827,9
Kitchen & Dining,DakshCraft,1,0.1545595054095827,9
Kitchen & Dining,Deep,1,0.1545595054095827,9
Kitchen & Dining,Detak,1,0.1545595054095827,9
Kitchen & Dining,Elephant,1,0.1545595054095827,9
Kitchen & Dining,Elkoha,1,0.1545595054095827,9
Kitchen & Dining,Enerzy,1,0.1545595054095827,9
Kitchen & Dining,Eveready,1,0.1545595054095827,9
Kitchen & Dining,Excel,1,0.1545595054095827,9
Kitchen & Dining,Famous,1,0.1545595054095827,9
Kitchen & Dining,Femina,1,0.1545595054095827,9
Kitchen & Dining,Filtre,1,0.1545595054095827,9
Kitchen & Dining,Finolex,1,0.1545595054095827,9
Kitchen & Dining,Frazzer,1,0.1545595054095827,9
Kitchen & Dining,Futaba,1,0.1545595054095827,9
Kitchen & Dining,G&G,1,0.1545595054095827,9
Kitchen & Dining,GAYATRI CREATIONS,1,0.1545595054095827,9
Kitchen & Dining,Garnet,1,0.1545595054095827,9
Kitchen & Dining,Geol,1,0.1545595054095827,9
Kitchen & Dining,Giftmania,1,0.1545595054095827,9
Kitchen & Dining,Glamor,1,0.1545595054095827,9
Kitchen & Dining,Gran,1,0.1545595054095827,9
Kitchen & Dining,H D ENTERPRISE,1,0.1545595054095827,9
Kitchen & Dining,Happiness Is,1,0.1545595054095827,9
Kitchen & Dining,Hariom enterprises,1,0.1545595054095827,9
Kitchen & Dining,Hommate,1,0.1545595054095827,9
Kitchen & Dining,Hot Muggs,1,0.1545595054095827,9
Kitchen & Dining,Hunter,1,0.1545595054095827,9
Kitchen & Dining,HuppmeGift,1,0.1545595054095827,9
Kitchen & Dining,INDOART,1,0.1545595054095827,9
Kitchen & Dining,Imported,1,0.1545595054095827,9
Kitchen & Dining,Infiniti,1,0.1545595054095827,9
Kitchen & Dining,Instapower,1,0.1545595054095827,9
Kitchen & Dining,JSM,1,0.1545595054095827,9
Kitchen & Dining,Jaipan,1,0.1545595054095827,9
Kitchen & Dining,JayEnterprise,1,0.1545595054095827,9
Kitchen & Dining,Jaypee Kukeezi,1,0.1545595054095827,9
Kitchen & Dining,Jhondeal.com,1,0.1545595054095827,9
Kitchen & Dining,Jk Vallabhdas,1,0.1545595054095827,9
Kitchen & Dining,King International,1,0.1545595054095827,9
Kitchen & Dining,Knox,1,0.1545595054095827,9
Kitchen & Dining,Kraftnation,1,0.1545595054095827,9
Kitchen & Dining,Krishna Carpets,1,0.1545595054095827,9
Kitchen & Dining,Kumkum,1,0.1545595054095827,9
Kitchen & Dining,Leaftrend,1,0.1545595054095827,9
Kitchen & Dining,Lekue,1,0.1545595054095827,9
Kitchen & Dining,Leo Natura,1,0.1545595054095827,9
Kitchen & Dining,Lock&Lock,1,0.1545595054095827,9
Kitchen & Dining,Lodge,1,0.1545595054095827,9
Kitchen & Dining,Lovehome,1,0.1545595054095827,9
Kitchen & Dining,Luigi Bormioli,1,0.1545595054095827,9
Kitchen & Dining,MODWARE,1,0.1545595054095827,9
Kitchen & Dining,Mad(e) in India,1,0.1545595054095827,9
Kitchen & Dining,Made In China,1,0.1545595054095827,9
Kitchen & Dining,Maple,1,0.1545595054095827,9
Kitchen & Dining,Mom Italy,1,0.1545595054095827,9
Kitchen & Dining,NAVISHA,1,0.1545595054095827,9
Kitchen & Dining,Nanson,1,0.1545595054095827,9
Kitchen & Dining,Nirlon,1,0.1545595054095827,9
Kitchen & Dining,Noritake,1,0.1545595054095827,9
Kitchen & Dining,OXO,1,0.1545595054095827,9
Kitchen & Dining,OceaN,1,0.1545595054095827,9
Kitchen & Dining,Omic,1,0.1545595054095827,9
Kitchen & Dining,Orient,1,0.1545595054095827,9
Kitchen & Dining,Orkus,1,0.1545595054095827,9
Kitchen & Dining,Ornate,1,0.1545595054095827,9
Kitchen & Dining,Pakshal Premium,1,0.1545595054095827,9
Kitchen & Dining,Palakz,1,0.1545595054095827,9
Kitchen & Dining,Peach,1,0.1545595054095827,9
Kitchen & Dining,Peacock,1,0.1545595054095827,9
Kitchen & Dining,Pearl,1,0.1545595054095827,9
Kitchen & Dining,Pearl Berry,1,0.1545595054095827,9
Kitchen & Dining,Pebbleyard,1,0.1545595054095827,9
Kitchen & Dining,Pedrini,1,0.1545595054095827,9
Kitchen & Dining,Planet,1,0.1545595054095827,9
Kitchen & Dining,Platex,1,0.1545595054095827,9
Kitchen & Dining,Princeware,1,0.1545595054095827,9
Kitchen & Dining,Prisha India Craft,1,0.1545595054095827,9
Kitchen & Dining,Pristine,1,0.1545595054095827,9
Kitchen & Dining,Quirky,1,0.1545595054095827,9
Kitchen & Dining,Rainz Gold,1,0.1545595054095827,9
Kitchen & Dining,Rajrang,1,0.1545595054095827,9
Kitchen & Dining,Rashmi,1,0.1545595054095827,9
Kitchen & Dining,Rastogi Handicrafts,1,0.1545595054095827,9
Kitchen & Dining,Recon,1,0.1545595054095827,9
Kitchen & Dining,Regan,1,0.1545595054095827,9
Kitchen & Dining,Rhythem Listers,1,0.1545595054095827,9
Kitchen & Dining,Ruby,1,0.1545595054095827,9
Kitchen & Dining,SAG Technical Solutions,1,0.1545595054095827,9
Kitchen & Dining,SUNSHINE,1,0.1545595054095827,9
Kitchen & Dining,Sahara Q Shop,1,0.1545595054095827,9
Kitchen & Dining,Sam,1,0.1545595054095827,9
Kitchen & Dining,Sea Shell,1,0.1545595054095827,9
Kitchen & Dining,Shamrock,1,0.1545595054095827,9
Kitchen & Dining,Simoco,1,0.1545595054095827,9
Kitchen & Dining,Simran Handicrafts,1,0.1545595054095827,9
Kitchen & Dining,Smghut,1,0.1545595054095827,9
Kitchen & Dining,Smile2u Retailers,1,0.1545595054095827,9
Kitchen & Dining,Soy Impulse,1,0.1545595054095827,9
Kitchen & Dining,Stallion Barware,1,0.1545595054095827,9
Kitchen & Dining,Star Metal,1,0.1545595054095827,9
Kitchen & Dining,Step4deal,1,0.1545595054095827,9
Kitchen & Dining,Sterling,1,0.1545595054095827,9
Kitchen & Dining,Sukhson India,1,0.1545595054095827,9
Kitchen & Dining,Supreme Cookwares,1,0.1545595054095827,9
Kitchen & Dining,TREO,1,0.1545595054095827,9
Kitchen & Dining,Techware,1,0.1545595054095827,9
Kitchen & Dining,Tescoma,1,0.1545595054095827,9
Kitchen & Dining,Tosiba,1,0.1545595054095827,9
Kitchen & Dining,Trinity,1,0.1545595054095827,9
Kitchen & Dining,Ultra,1,0.1545595054095827,9
Kitchen & Dining,Vaartha,1,0.1545595054095827,9
Kitchen & Dining,Value Bay,1,0.1545595054095827,9
Kitchen & Dining,Vamtek,1,0.1545595054095827,9
Kitchen & Dining,Varmora,1,0.1545595054095827,9
Kitchen & Dining,Varun,1,0.1545595054095827,9
Kitchen & Dining,Vglit,1,0.1545595054095827,9
Kitchen & Dining,Victor,1,0.1545595054095827,9
Kitchen & Dining,Vizio,1,0.1545595054095827,9
Kitchen & Dining,Wingold,1,0.1545595054095827,9
Kitchen & Dining,Wipro,1,0.1545595054095827,9
Kitchen & Dining,WonderChef,1,0.1545595054095827,9
Kitchen & Dining,Wonderchef,1,0.1545595054095827,9
Kitchen & Dining,World-Star,1,0.1545595054095827,9
Kitchen & Dining,arnavs,1,0.1545595054095827,9
Kitchen & Dining,i-gadgets,1,0.1545595054095827,9
Kitchen & Dining,ocean,1,0.1545595054095827,9
Kitchen & Dining,overstockedkitchen,1,0.1545595054095827,9
Kitchen & Dining,oxford,1,0.1545595054095827,9
Kitchen & Dining,posterchacha,1,0.1545595054095827,9
Kitchen & Dining,tiwaritraders,1,0.1545595054095827,9
Kitchen & Dining,vatika,1,0.1545595054095827,9
Kitchen & Dining,youniqueshop,1,0.1545595054095827,9
Kittens Boys Flats,Kittens,1,100.0,1
Klaur Melbourne Bellies,Klaur Melbourne,1,100.0,1
"Knight Ace Kraasa Sports Running Shoes, Cycling ...",Knight Ace,1,100.0,1
Koie  Battery - For Samsung 7562 Premium Quality...,Koie,1,100.0,1
"Kombee Girl's Printed Red, Pink Top & Capri Set",Kombee,1,100.0,1
Kraft Seeds Dill Herb Seed (50 per packet),Kraft Seeds,1,100.0,1
Kraft Seeds Rosemary Herb (Pack Of 5) Seed (75 p...,Kraft Seeds,1,100.0,1
Kraft Seeds Thyme Herbs Seed (200 per packet),Kraft Seeds,1,100.0,1
LGRL Women's Leggings,LGRL,1,100.0,1
Laser X Checkered Men's Boxer (Pack of 4),Laser X,1,100.0,1
Leading lady Women's Camisole,Leading lady,1,100.0,1
Legmark Slim Fit Women's Blue Jeans,Legmark,1,100.0,1
Legmark Slim Fit Women's Light Blue Jeans,Legmark,1,100.0,1
Libas Printed Women's A-line Kurta,Libas,1,100.0,1
Libas Printed Women's Anarkali Kurta,Libas,1,100.0,1
Lilliput Top Baby Girl's  Combo,Lilliput,8,100.0,1
Linzina Fashions LIN-HOSS-1.5 Faucet Set,Linzina Fashions,1,100.0,1
Little Stars Girl's A-line Multicolor Dress,Little Stars,1,100.0,1
LondonHouze Printed Women's Round Neck Grey T-Shirt,LondonHouze,1,100.0,1
"Lucky Thailand GL/ LG30 Glass (300 ml, Clear, Pa...",Lucky Thailand,1,100.0,1
MASARA Solid Women's Straight Kurta,MASARA,5,100.0,1
Mast & Harbour Black Synthetic  Clutch,Mast & Harbour,2,100.0,1
Mast & Harbour Gold Synthetic  Clutch,Mast & Harbour,1,100.0,1
Miss Wow Slim Fit Women's Blue Jeans,Miss Wow,1,100.0,1
Mobiles & Accessories,TheLostPuppy,229,20.83712465878071,1
Mobiles & Accessories,DailyObjects,144,13.102820746132847,2
Mobiles & Accessories,Enthopia,101,9.1901728844404,3
Mobiles & Accessories,Theskinmantra,45,4.094631483166515,4
Mobiles & Accessories,Fuson,34,3.0937215650591448,5
Mobiles & Accessories,AdroitZ,28,2.5477707006369426,6
Mobiles & Accessories,BMS Lifestyle,26,2.3657870791628755,7
Mobiles & Accessories,Thelostpuppy,21,1.910828025477707,8
Mobiles & Accessories,Kanu,20,1.8198362147406733,9
Mobiles & Accessories,i-KitPit,19,1.7288444040036397,10
Mobiles & Accessories,kits kart,19,1.7288444040036397,10
Mobiles & Accessories,Furst,13,1.1828935395814377,11
Mobiles & Accessories,XEBAC,13,1.1828935395814377,11
Mobiles & Accessories,ortel,13,1.1828935395814377,11
Mobiles & Accessories,Generix,12,1.091901728844404,12
Mobiles & Accessories,Hoko,12,1.091901728844404,12
Mobiles & Accessories,Fastway,11,1.0009099181073704,13
Mobiles & Accessories,Rock,11,1.0009099181073704,13
Mobiles & Accessories,kasemantra,11,1.0009099181073704,13
Mobiles & Accessories,Kasemantra,10,0.9099181073703366,14
Mobiles & Accessories,Nillkin,10,0.9099181073703366,14
Mobiles & Accessories,Shortkut enterprises,10,0.9099181073703366,14
Mobiles & Accessories,APS,9,0.818926296633303,15
Mobiles & Accessories,D'clair,7,0.6369426751592356,16
Mobiles & Accessories,Icon,7,0.6369426751592356,16
Mobiles & Accessories,CASEDEAL,6,0.545950864422202,17
Mobiles & Accessories,DEBOCK,6,0.545950864422202,17
Mobiles & Accessories,Jojo,6,0.545950864422202,17
Mobiles & Accessories,MHK,6,0.545950864422202,17
Mobiles & Accessories,SNE,6,0.545950864422202,17
Mobiles & Accessories,TUP,6,0.545950864422202,17
Mobiles & Accessories,ACM,5,0.4549590536851683,18
Mobiles & Accessories,LAIBA,5,0.4549590536851683,18
Mobiles & Accessories,Lexel,5,0.4549590536851683,18
Mobiles & Accessories,Unique Designes,5,0.4549590536851683,18
Mobiles & Accessories,snjmart,5,0.4549590536851683,18
Mobiles & Accessories,AW,4,0.36396724294813465,19
Mobiles & Accessories,Aviiq,4,0.36396724294813465,19
Mobiles & Accessories,FliFit,4,0.36396724294813465,19
Mobiles & Accessories,Protector,4,0.36396724294813465,19
Mobiles & Accessories,AMZER,3,0.272975432211101,20
Mobiles & Accessories,BESTSUIT,3,0.272975432211101,20
Mobiles & Accessories,Buynow,3,0.272975432211101,20
Mobiles & Accessories,EDGE PLUS,3,0.272975432211101,20
Mobiles & Accessories,HOKO,3,0.272975432211101,20
Mobiles & Accessories,JLRS,3,0.272975432211101,20
Mobiles & Accessories,KolorFish,3,0.272975432211101,20
Mobiles & Accessories,LIFE LIKE,3,0.272975432211101,20
Mobiles & Accessories,Newgen Tech,3,0.272975432211101,20
Mobiles & Accessories,Sonanjali,3,0.272975432211101,20
Mobiles & Accessories,Ace,2,0.18198362147406733,21
Mobiles & Accessories,Ahha,2,0.18198362147406733,21
Mobiles & Accessories,Atc,2,0.18198362147406733,21
Mobiles & Accessories,BILLYS,2,0.18198362147406733,21
Mobiles & Accessories,Bracevor,2,0.18198362147406733,21
Mobiles & Accessories,Clear Shield,2,0.18198362147406733,21
Mobiles & Accessories,Empire,2,0.18198362147406733,21
Mobiles & Accessories,Gioiabazar,2,0.18198362147406733,21
Mobiles & Accessories,Gizmoz Customs,2,0.18198362147406733,21
Mobiles & Accessories,Karpine,2,0.18198362147406733,21
Mobiles & Accessories,LG,2,0.18198362147406733,21
Mobiles & Accessories,Newworld,2,0.18198362147406733,21
Mobiles & Accessories,OASIS,2,0.18198362147406733,21
Mobiles & Accessories,OutMad,2,0.18198362147406733,21
Mobiles & Accessories,Remax,2,0.18198362147406733,21
Mobiles & Accessories,Smart Power,2,0.18198362147406733,21
Mobiles & Accessories,Total Care,2,0.18198362147406733,21
Mobiles & Accessories,VES,2,0.18198362147406733,21
Mobiles & Accessories,casetech,2,0.18198362147406733,21
Mobiles & Accessories,mobiware,2,0.18198362147406733,21
Mobiles & Accessories,ATV,1,0.09099181073703366,22
Mobiles & Accessories,Acromax,1,0.09099181073703366,22
Mobiles & Accessories,Adiva,1,0.09099181073703366,22
Mobiles & Accessories,Airplus,1,0.09099181073703366,22
Mobiles & Accessories,Allora,1,0.09099181073703366,22
Mobiles & Accessories,Audeze,1,0.09099181073703366,22
Mobiles & Accessories,Avantree,1,0.09099181073703366,22
Mobiles & Accessories,BELL,1,0.09099181073703366,22
Mobiles & Accessories,BMS,1,0.09099181073703366,22
Mobiles & Accessories,Bajya,1,0.09099181073703366,22
Mobiles & Accessories,Bling,1,0.09099181073703366,22
Mobiles & Accessories,Bms Lifestyle,1,0.09099181073703366,22
Mobiles & Accessories,BnC,1,0.09099181073703366,22
Mobiles & Accessories,Bond Beatz,1,0.09099181073703366,22
Mobiles & Accessories,Bull's Eye,1,0.09099181073703366,22
Mobiles & Accessories,CDN,1,0.09099181073703366,22
Mobiles & Accessories,CONVENIENCE,1,0.09099181073703366,22
Mobiles & Accessories,CUBA,1,0.09099181073703366,22
Mobiles & Accessories,Capdase,1,0.09099181073703366,22
Mobiles & Accessories,Case Logic,1,0.09099181073703366,22
Mobiles & Accessories,Casotec,1,0.09099181073703366,22
Mobiles & Accessories,Cazcase,1,0.09099181073703366,22
Mobiles & Accessories,Chevron,1,0.09099181073703366,22
Mobiles & Accessories,Cotab,1,0.09099181073703366,22
Mobiles & Accessories,Dhhan,1,0.09099181073703366,22
Mobiles & Accessories,Dicapac,1,0.09099181073703366,22
Mobiles & Accessories,Digital Marketing,1,0.09099181073703366,22
Mobiles & Accessories,Dressmyphone,1,0.09099181073703366,22
Mobiles & Accessories,Dyna,1,0.09099181073703366,22
Mobiles & Accessories,Dynex,1,0.09099181073703366,22
Mobiles & Accessories,Futaba,1,0.09099181073703366,22
Mobiles & Accessories,G-MOS,1,0.09099181073703366,22
Mobiles & Accessories,GND,1,0.09099181073703366,22
Mobiles & Accessories,GOGLE SOURCING,1,0.09099181073703366,22
Mobiles & Accessories,GOLDEN GLOBE,1,0.09099181073703366,22
Mobiles & Accessories,Gadgetshieldz,1,0.09099181073703366,22
Mobiles & Accessories,Gaoyitech,1,0.09099181073703366,22
Mobiles & Accessories,Gold Dust,1,0.09099181073703366,22
Mobiles & Accessories,HMO India,1,0.09099181073703366,22
Mobiles & Accessories,Head Kik,1,0.09099181073703366,22
Mobiles & Accessories,IFROGZ,1,0.09099181073703366,22
Mobiles & Accessories,Instyles,1,0.09099181073703366,22
Mobiles & Accessories,JOY,1,0.09099181073703366,22
Mobiles & Accessories,Justanned,1,0.09099181073703366,22
Mobiles & Accessories,Kapa,1,0.09099181073703366,22
Mobiles & Accessories,Koie,1,0.09099181073703366,22
Mobiles & Accessories,Kolorfame,1,0.09099181073703366,22
Mobiles & Accessories,Logitech,1,0.09099181073703366,22
Mobiles & Accessories,Lujo,1,0.09099181073703366,22
Mobiles & Accessories,MAK,1,0.09099181073703366,22
Mobiles & Accessories,MOBILECOPS,1,0.09099181073703366,22
Mobiles & Accessories,Magnusdeal,1,0.09099181073703366,22
Mobiles & Accessories,Mahalaxmi,1,0.09099181073703366,22
Mobiles & Accessories,MannMohh,1,0.09099181073703366,22
Mobiles & Accessories,Micromax,1,0.09099181073703366,22
Mobiles & Accessories,Mobile Makeup,1,0.09099181073703366,22
Mobiles & Accessories,Mobilecops,1,0.09099181073703366,22
Mobiles & Accessories,Molife,1,0.09099181073703366,22
Mobiles & Accessories,Naxa Electronics,1,0.09099181073703366,22
Mobiles & Accessories,Neopack,1,0.09099181073703366,22
Mobiles & Accessories,Neutron,1,0.09099181073703366,22
Mobiles & Accessories,Newdort,1,0.09099181073703366,22
Mobiles & Accessories,OMS ZONE,1,0.09099181073703366,22
Mobiles & Accessories,Ortel,1,0.09099181073703366,22
Mobiles & Accessories,Pawtec,1,0.09099181073703366,22
Mobiles & Accessories,PrixCracker,1,0.09099181073703366,22
Mobiles & Accessories,RJ,1,0.09099181073703366,22
Mobiles & Accessories,Radius,1,0.09099181073703366,22
Mobiles & Accessories,Rang Rage,1,0.09099181073703366,22
Mobiles & Accessories,Raydenhy,1,0.09099181073703366,22
Mobiles & Accessories,Redwave,1,0.09099181073703366,22
Mobiles & Accessories,Robotel,1,0.09099181073703366,22
Mobiles & Accessories,STM,1,0.09099181073703366,22
Mobiles & Accessories,SYL,1,0.09099181073703366,22
Mobiles & Accessories,Saco,1,0.09099181073703366,22
Mobiles & Accessories,Samsung,1,0.09099181073703366,22
Mobiles & Accessories,Scratchgard,1,0.09099181073703366,22
Mobiles & Accessories,Shop Swipe,1,0.09099181073703366,22
Mobiles & Accessories,Silco,1,0.09099181073703366,22
Mobiles & Accessories,Smartpro,1,0.09099181073703366,22
Mobiles & Accessories,Sound Logic,1,0.09099181073703366,22
Mobiles & Accessories,Storite,1,0.09099181073703366,22
Mobiles & Accessories,Svype,1,0.09099181073703366,22
Mobiles & Accessories,Swiss Charger,1,0.09099181073703366,22
Mobiles & Accessories,TF Home Decor,1,0.09099181073703366,22
Mobiles & Accessories,TOP Q,1,0.09099181073703366,22
Mobiles & Accessories,TOPQ,1,0.09099181073703366,22
Mobiles & Accessories,TOTU DESIGN,1,0.09099181073703366,22
Mobiles & Accessories,TRINK,1,0.09099181073703366,22
Mobiles & Accessories,Targus,1,0.09099181073703366,22
Mobiles & Accessories,Techno TrendZ,1,0.09099181073703366,22
Mobiles & Accessories,Totta,1,0.09099181073703366,22
Mobiles & Accessories,Totu Design,1,0.09099181073703366,22
Mobiles & Accessories,Tucano,1,0.09099181073703366,22
Mobiles & Accessories,UAG,1,0.09099181073703366,22
Mobiles & Accessories,Usmas,1,0.09099181073703366,22
Mobiles & Accessories,V & B GALLERY,1,0.09099181073703366,22
Mobiles & Accessories,Vmax,1,0.09099181073703366,22
Mobiles & Accessories,Vps,1,0.09099181073703366,22
Mobiles & Accessories,Wayona,1,0.09099181073703366,22
Mobiles & Accessories,Wise Guys,1,0.09099181073703366,22
Mobiles & Accessories,Wow,1,0.09099181073703366,22
Mobiles & Accessories,X Doria,1,0.09099181073703366,22
Mobiles & Accessories,X-Doria,1,0.09099181073703366,22
Mobiles & Accessories,Xenio,1,0.09099181073703366,22
Mobiles & Accessories,Yuuup,1,0.09099181073703366,22
Mobiles & Accessories,Zebie,1,0.09099181073703366,22
Mobiles & Accessories,chetan,1,0.09099181073703366,22
Mobiles & Accessories,codio World,1,0.09099181073703366,22
Mobiles & Accessories,couponsmall,1,0.09099181073703366,22
Mobiles & Accessories,iAccy,1,0.09099181073703366,22
Mobiles & Accessories,iCare,1,0.09099181073703366,22
Mobiles & Accessories,keshar,1,0.09099181073703366,22
Mobiles & Accessories,k~style,1,0.09099181073703366,22
Mobiles & Accessories,mobiworld4u,1,0.09099181073703366,22
Mobiles & Accessories,signature,1,0.09099181073703366,22
Mobiles & Accessories,zaidis,1,0.09099181073703366,22
NEWGEN TECH EO-HS3303 179 Wired Headset (White),NEWGEN TECH,1,100.0,1
NEWGEN TECH EO-HS3303 218 Wired Headset (White),NEWGEN TECH,1,100.0,1
NEWGEN TECH EO-HS3303 58 Wired Headset (White),NEWGEN TECH,1,100.0,1
Naaz 2 in 1 Paper Quilling Board Game,Naaz,1,100.0,1
Naaz Dart game Board Game,Naaz,1,100.0,1
New Darling Women's Printed Top & Pyjama Set,New Darling,1,100.0,1
Nine Maternity Wear Women's Fit and Flare Dress,Nine Maternity Wear,1,100.0,1
Noor Embroidered Women's Straight Kurta,Noor,1,100.0,1
Nut Khut Embroidered Kurta & Churidar,Nut Khut,1,100.0,1
OEM 170774 Bike Side Stand,OEM,1,100.0,1
"Ocean GP/Pyramid Glass (300 ml, Clear, Pack of 12)",Ocean,1,100.0,1
Oddy RS 1.5 X 2 100 Sheets Self Stick Reposition...,Oddy,1,100.0,1
Olvin Aviator Sunglasses,Olvin,7,100.0,1
Olvin Oval Sunglasses,Olvin,3,100.0,1
Olvin Rectangular Sunglasses,Olvin,2,100.0,1
Olvin Wayfarer Sunglasses,Olvin,4,100.0,1
Oly Two Fit Fit Women's Black Jeans,Oly Two,1,100.0,1
Oly Two Fit Fit Women's Dark Blue Jeans,Oly Two,1,100.0,1
Pazel Slim Fit Men's Jeans,Pazel,1,100.0,1
Pens & Stationery,Unknown,139,44.40894568690096,1
Pens & Stationery,AMY,17,5.431309904153355,2
Pens & Stationery,Nourish,12,3.8338658146964857,3
Pens & Stationery,Pilot,12,3.8338658146964857,3
Pens & Stationery,SHOPMANIA,10,3.194888178913738,4
Pens & Stationery,Aaina Home Decor,7,2.236421725239617,5
Pens & Stationery,Platignum,7,2.236421725239617,5
Pens & Stationery,Dhiyaa Traders,6,1.9169329073482428,6
Pens & Stationery,Accore,3,0.9584664536741214,7
Pens & Stationery,Alicia Souza,3,0.9584664536741214,7
Pens & Stationery,Clairefontaine,3,0.9584664536741214,7
Pens & Stationery,Daycraft,3,0.9584664536741214,7
Pens & Stationery,NITGEN,3,0.9584664536741214,7
Pens & Stationery,Tucasa,3,0.9584664536741214,7
Pens & Stationery,C Kreul,2,0.6389776357827476,8
Pens & Stationery,Campap,2,0.6389776357827476,8
Pens & Stationery,Escoda,2,0.6389776357827476,8
Pens & Stationery,Hariom Enterprises,2,0.6389776357827476,8
Pens & Stationery,Imported,2,0.6389776357827476,8
Pens & Stationery,Lamy,2,0.6389776357827476,8
Pens & Stationery,Mad(e) in India,2,0.6389776357827476,8
Pens & Stationery,PROBOTT,2,0.6389776357827476,8
Pens & Stationery,Shopmania,2,0.6389776357827476,8
Pens & Stationery,Surprise Gifts,2,0.6389776357827476,8
Pens & Stationery,Tiedribbons,2,0.6389776357827476,8
Pens & Stationery,Uniball,2,0.6389776357827476,8
Pens & Stationery,ab posters,2,0.6389776357827476,8
Pens & Stationery,Ahuja,1,0.3194888178913738,9
Pens & Stationery,BRECKEN PAUL,1,0.3194888178913738,9
Pens & Stationery,Bemoree,1,0.3194888178913738,9
Pens & Stationery,Black,1,0.3194888178913738,9
Pens & Stationery,CALTRIX,1,0.3194888178913738,9
Pens & Stationery,Camt,1,0.3194888178913738,9
Pens & Stationery,Classmate,1,0.3194888178913738,9
Pens & Stationery,Com-Paint,1,0.3194888178913738,9
Pens & Stationery,Craftatoz,1,0.3194888178913738,9
Pens & Stationery,Crezy,1,0.3194888178913738,9
Pens & Stationery,DARPAN,1,0.3194888178913738,9
Pens & Stationery,DISNEY,1,0.3194888178913738,9
Pens & Stationery,Darvesh,1,0.3194888178913738,9
Pens & Stationery,Designwallas,1,0.3194888178913738,9
Pens & Stationery,Dloop,1,0.3194888178913738,9
Pens & Stationery,Dupli Color,1,0.3194888178913738,9
Pens & Stationery,Elan,1,0.3194888178913738,9
Pens & Stationery,Emagica,1,0.3194888178913738,9
Pens & Stationery,Fellowes,1,0.3194888178913738,9
Pens & Stationery,Filofax,1,0.3194888178913738,9
Pens & Stationery,Flair,1,0.3194888178913738,9
Pens & Stationery,Freelance,1,0.3194888178913738,9
Pens & Stationery,Gift Studio,1,0.3194888178913738,9
Pens & Stationery,Harshita,1,0.3194888178913738,9
Pens & Stationery,Hm International,1,0.3194888178913738,9
Pens & Stationery,InstaNote,1,0.3194888178913738,9
Pens & Stationery,Iwonder,1,0.3194888178913738,9
Pens & Stationery,Khanna Jupiter,1,0.3194888178913738,9
Pens & Stationery,LUXANTRA,1,0.3194888178913738,9
Pens & Stationery,MICROi,1,0.3194888178913738,9
Pens & Stationery,Maped,1,0.3194888178913738,9
Pens & Stationery,Matrikas,1,0.3194888178913738,9
Pens & Stationery,Nechams,1,0.3194888178913738,9
Pens & Stationery,Oriflame,1,0.3194888178913738,9
Pens & Stationery,Pack N Buy,1,0.3194888178913738,9
Pens & Stationery,Packman,1,0.3194888178913738,9
Pens & Stationery,PeepalComm,1,0.3194888178913738,9
Pens & Stationery,Piedpaper,1,0.3194888178913738,9
Pens & Stationery,Platinum,1,0.3194888178913738,9
Pens & Stationery,Probott,1,0.3194888178913738,9
Pens & Stationery,Rajrang,1,0.3194888178913738,9
Pens & Stationery,SANMARIO,1,0.3194888178913738,9
Pens & Stationery,Saamarth Impex,1,0.3194888178913738,9
Pens & Stationery,Sapphire Diaries,1,0.3194888178913738,9
Pens & Stationery,Shilpi,1,0.3194888178913738,9
Pens & Stationery,Shoperite,1,0.3194888178913738,9
Pens & Stationery,Solo,1,0.3194888178913738,9
Pens & Stationery,Store Indya,1,0.3194888178913738,9
Pens & Stationery,Synergy,1,0.3194888178913738,9
Pens & Stationery,Tarkan,1,0.3194888178913738,9
Pens & Stationery,Techpro,1,0.3194888178913738,9
Pens & Stationery,Tiara Diaries,1,0.3194888178913738,9
Pens & Stationery,Tootpado,1,0.3194888178913738,9
Pens & Stationery,Treasure Trunk,1,0.3194888178913738,9
Pens & Stationery,Vency creation,1,0.3194888178913738,9
Pens & Stationery,WRITEFLO,1,0.3194888178913738,9
Pens & Stationery,i-gadgets,1,0.3194888178913738,9
Pens & Stationery,umda,1,0.3194888178913738,9
Pens & Stationery,vinay,1,0.3194888178913738,9
Pet Supplies,Pawzone,15,50.0,1
Pet Supplies,Four Paws,3,10.0,2
Pet Supplies,Sicons,3,10.0,2
Pet Supplies,Creative Spinach,1,3.3333333333333335,3
Pet Supplies,Kennel,1,3.3333333333333335,3
Pet Supplies,Magideal,1,3.3333333333333335,3
Pet Supplies,Ocean Free,1,3.3333333333333335,3
Pet Supplies,Petto,1,3.3333333333333335,3
Pet Supplies,Royal Canin,1,3.3333333333333335,3
Pet Supplies,Rs Electrical,1,3.3333333333333335,3
Pet Supplies,Snug Hug,1,3.3333333333333335,3
Pet Supplies,Taino,1,3.3333333333333335,3
Pia International 10X70X70 WITH ZOOM SAKURA Bino...,Pia International,1,100.0,1
Planet Waves Woodstock Strap (Multicolor),Planet Waves,1,100.0,1
Pout Brass Bangle,Pout,3,100.0,1
Power Smart Quick Charging Pack For PAN CGR-D28 ...,Power Smart,1,100.0,1
Power Smart Quick Charging Pack For PAN CGR-DU-2...,Power Smart,1,100.0,1
"Prime Printed 8 Seater Table Cover (Multicolor, ...",Prime,1,100.0,1
PrivateLifes MasterPiece Women's Push-up Bra,PrivateLifes,1,100.0,1
Pu-Good Women Flats,Pu-Good,4,100.0,1
REMSON INDIA Women Flats,REMSON INDIA,1,100.0,1
RajeshFashion Women's Leggings,RajeshFashion,1,100.0,1
Rasav Jewels Yellow Gold Diamond 18 K Ring,Rasav Jewels,1,100.0,1
Remax Rm-10000 Remax Vanguard 10000mah 10000 mAh...,Remax,1,100.0,1
Royal Seal Creations 40 ST COLOR Silver Zircon N...,Royal Seal Creations,1,100.0,1
Ruhi's Creations Cotton Cartoon King sized Doubl...,Ruhi's Creations,1,100.0,1
Ruhi's Creations Cotton Floral King sized Double...,Ruhi's Creations,1,100.0,1
Ruhi's Creations Polyester Silk Blend Cartoon Ki...,Ruhi's Creations,3,100.0,1
"SAY Thread Wounded Candle 10"" Set of 4 pcs Solid...",SAY,1,100.0,1
"SAY UV Sterilizer Solid Filter Cartridge (0, Pac...",SAY,1,100.0,1
SHOPOJ Multicolor Paper Sky Lantern (80 cm X 34 ...,SHOPOJ,1,100.0,1
"SHOPOJ Purple Paper Sky Lantern (80 cm X 34 cm, ...",SHOPOJ,1,100.0,1
"SHOPOJ White Paper Sky Lantern (80 cm X 34 cm, P...",SHOPOJ,1,100.0,1
"SHOPOJ Yellow Paper Sky Lantern (80 cm X 34 cm, ...",SHOPOJ,1,100.0,1
"SJ Barstel 56m / 1000m Binoculars (30 mm, Black)",SJ,1,100.0,1
"SJ Bushnell 122/1000M Binoculars (36 mm, Black)",SJ,1,100.0,1
"SJ Comet Zoom DPSI Binoculars (30 mm, Black)",SJ,1,100.0,1
SMART DENIM Solid Women's White Denim Shorts,SMART DENIM,1,100.0,1
SMART TRADERS Girls Bellies,SMART TRADERS,1,100.0,1
SMART TRADERS Women Flats,SMART TRADERS,1,100.0,1
SMART TRADERS Women Wedges,SMART TRADERS,1,100.0,1
SRPC BAOER STARWALKER EXECUTIVE ROLLERBALL Pen G...,SRPC,1,100.0,1
SUPERMOD Men's Brief,SUPERMOD,1,100.0,1
"Samprada Modern art Tapestry (Black, Pink)",Samprada,1,100.0,1
Selfcare Women's Thong Panty (Pack of 3),Selfcare,1,100.0,1
Shonaya Printed Bhagalpuri Art Silk Sari,Shonaya,1,100.0,1
Shrih SH-0192 Wired USB Flexible Keyboard (Red),Shrih,1,100.0,1
Shrih Toe & Foot Protector Pain Relief Pad (Pack...,Shrih,1,100.0,1
Siemens 5SL Betagard 5SL MCB (1),Siemens,1,100.0,1
Sisel Printed Poly Cotton Women's Stole,Sisel,1,100.0,1
Siyas Collection Lac Cubic Zirconia Bangle Set (...,Siyas Collection,2,100.0,1
"Sj Bushnell 119M / 1000 Binoculars (36 mm, Black)",Sj,1,100.0,1
Skayvon SUBMERSIBBLE THREE PHASE PUMP CONTROLLER...,Skayvon,1,100.0,1
Skayvon SUMMERSIBLE SINGLE PHASE PUMP CONTROLLER...,Skayvon,1,100.0,1
Small Toes Bellies,Small Toes,1,100.0,1
Sonaxo Men Running Shoes,Sonaxo,1,100.0,1
Spa Culture Fit Fit Women's Black Jeans,Spa Culture,1,100.0,1
"Speedwav 186136 Manual Rear View Mirror (Right, ...",Speedwav,1,100.0,1
Speedwav 186879 Bajaj Pulsar 200 NS DTS-i LED In...,Speedwav,1,100.0,1
Speedwav 186926 Royal Enfield 350 Twin Spark LED...,Speedwav,1,100.0,1
"Speedwav 216456 Manual Rear View Mirror (Right, ...",Speedwav,1,100.0,1
"Speedwav 216510 Manual Rear View Mirror (Right, ...",Speedwav,1,100.0,1
"Speedwav 216552 Manual Rear View Mirror (Right, ...",Speedwav,1,100.0,1
Speedwav 240437 Sun Shade For Hyundai i10 (Dashb...,Speedwav,1,100.0,1
Sports & Fitness,Unknown,58,34.93975903614458,1
Sports & Fitness,Gravolite,10,6.024096385542169,2
Sports & Fitness,720 Armour,4,2.4096385542168677,3
Sports & Fitness,Amscan,4,2.4096385542168677,3
Sports & Fitness,HRS,4,2.4096385542168677,3
Sports & Fitness,Quoface,4,2.4096385542168677,3
Sports & Fitness,ezyPRNT,4,2.4096385542168677,3
Sports & Fitness,Auto Power Gold,3,1.8072289156626506,4
Sports & Fitness,SG,3,1.8072289156626506,4
Sports & Fitness,Senterlan,3,1.8072289156626506,4
Sports & Fitness,Anand's,2,1.2048192771084338,5
Sports & Fitness,Ezone,2,1.2048192771084338,5
Sports & Fitness,JASPO,2,1.2048192771084338,5
Sports & Fitness,JJ Jonex,2,1.2048192771084338,5
Sports & Fitness,Novicz,2,1.2048192771084338,5
Sports & Fitness,Puma,2,1.2048192771084338,5
Sports & Fitness,Total,2,1.2048192771084338,5
Sports & Fitness,Turbo,2,1.2048192771084338,5
Sports & Fitness,Wildcraft,2,1.2048192771084338,5
Sports & Fitness,Wolfer,2,1.2048192771084338,5
Sports & Fitness,Xerobic,2,1.2048192771084338,5
Sports & Fitness,APG,1,0.6024096385542169,6
Sports & Fitness,ASHAWAY,1,0.6024096385542169,6
Sports & Fitness,Adidas,1,0.6024096385542169,6
Sports & Fitness,Arcley,1,0.6024096385542169,6
Sports & Fitness,Artengo,1,0.6024096385542169,6
Sports & Fitness,Body Balance,1,0.6024096385542169,6
Sports & Fitness,Ceela,1,0.6024096385542169,6
Sports & Fitness,Coleman,1,0.6024096385542169,6
Sports & Fitness,Cosco,1,0.6024096385542169,6
Sports & Fitness,Estilo,1,0.6024096385542169,6
Sports & Fitness,Evana,1,0.6024096385542169,6
Sports & Fitness,Gee Power,1,0.6024096385542169,6
Sports & Fitness,Hiakan,1,0.6024096385542169,6
Sports & Fitness,JBB,1,0.6024096385542169,6
Sports & Fitness,JJ JONEX,1,0.6024096385542169,6
Sports & Fitness,Joola,1,0.6024096385542169,6
Sports & Fitness,Jutecentral,1,0.6024096385542169,6
Sports & Fitness,Kawachi,1,0.6024096385542169,6
Sports & Fitness,Krazy Fitness,1,0.6024096385542169,6
Sports & Fitness,Metro Sports,1,0.6024096385542169,6
Sports & Fitness,Mount Track,1,0.6024096385542169,6
Sports & Fitness,N Choice,1,0.6024096385542169,6
Sports & Fitness,Neo strike,1,0.6024096385542169,6
Sports & Fitness,Outgear,1,0.6024096385542169,6
Sports & Fitness,Pepup,1,0.6024096385542169,6
Sports & Fitness,Polyfibre,1,0.6024096385542169,6
Sports & Fitness,Quechua,1,0.6024096385542169,6
Sports & Fitness,SM,1,0.6024096385542169,6
Sports & Fitness,SS,1,0.6024096385542169,6
Sports & Fitness,ShopSince,1,0.6024096385542169,6
Sports & Fitness,Singh Xpress,1,0.6024096385542169,6
Sports & Fitness,Speedo,1,0.6024096385542169,6
Sports & Fitness,Stable Life,1,0.6024096385542169,6
Sports & Fitness,Stanford,1,0.6024096385542169,6
Sports & Fitness,Storm,1,0.6024096385542169,6
Sports & Fitness,Sun Band,1,0.6024096385542169,6
Sports & Fitness,Sun Sports,1,0.6024096385542169,6
Sports & Fitness,THREE WICKETS,1,0.6024096385542169,6
Sports & Fitness,Technix,1,0.6024096385542169,6
Sports & Fitness,Triumph,1,0.6024096385542169,6
Sports & Fitness,Tuelip,1,0.6024096385542169,6
Sports & Fitness,VECTOR-X,1,0.6024096385542169,6
Sports & Fitness,Vijayanti,1,0.6024096385542169,6
Sports & Fitness,Vinex,1,0.6024096385542169,6
Sports & Fitness,Yonex,1,0.6024096385542169,6
Sports & Fitness,Z-Support,1,0.6024096385542169,6
Sports & Fitness,reckonon,1,0.6024096385542169,6
Srajanaa sr114 Travel Shaving Kit (Black),Srajanaa,1,100.0,1
Starsy Printed Women's Round Neck Black T-Shirt,Starsy,1,100.0,1
Starsy Solid Women's Round Neck Green T-Shirt,Starsy,1,100.0,1
Style World Women Flats,Style World,1,100.0,1
"Sugandh Vatika 24 Natural Masala, Sandal Incense...",Sugandh Vatika,1,100.0,1
Sumo Baby Walker (Red),Sumo,1,100.0,1
Sunglasses,Olvin,8,20.0,1
Sunglasses,Unknown,5,12.5,2
Sunglasses,AAO+,3,7.5,3
Sunglasses,HH,3,7.5,3
Sunglasses,Damemoda,2,5.0,4
Sunglasses,EYE GLASS,2,5.0,4
Sunglasses,HERDY,2,5.0,4
Sunglasses,Pepe Jeans,2,5.0,4
Sunglasses,Redex,2,5.0,4
Sunglasses,Zyaden,2,5.0,4
Sunglasses,Aligatorr,1,2.5,5
Sunglasses,Dark Image,1,2.5,5
Sunglasses,Elligator,1,2.5,5
Sunglasses,Look-Kool,1,2.5,5
Sunglasses,Mikado,1,2.5,5
Sunglasses,Raees,1,2.5,5
Sunglasses,Silver Kartz,1,2.5,5
Sunglasses,VESPL,1,2.5,5
Sunglasses,barbarik,1,2.5,5
Synergy SFJB0105 Grocery Bag (Blue),Synergy,1,100.0,1
THERISE MD0005 Wired Headset (Pink),THERISE,1,100.0,1
TIMBERLAKE Slim Fit Fit Women's Blue Jeans,TIMBERLAKE,1,100.0,1
TIMBERLAKE Slim Fit Fit Women's Brown Jeans,TIMBERLAKE,2,100.0,1
TIMBERLAKE Slim Fit Fit Women's Red Jeans,TIMBERLAKE,2,100.0,1
TSG Breeze Printed Women's Round Neck Multicolor...,TSG Breeze,2,100.0,1
Taurus Black & white Lace Up,Taurus,1,100.0,1
The Cotton Company Solid Women's Polo Neck Pink ...,The Cotton Company,2,100.0,1
The Crazy Me 1 Compartments Eco-Friendly leather...,The Crazy Me,1,100.0,1
"Threads & Pals Full Sleeve Printed, Solid Men's ...",Threads & Pals,1,100.0,1
Threads & Pals Full Sleeve Self Design Men's Swe...,Threads & Pals,1,100.0,1
Tools & Hardware,Easy Gardening,59,15.089514066496164,1
Tools & Hardware,First Smart Deal,42,10.741687979539641,2
Tools & Hardware,Yuccabe Italia,27,6.90537084398977,3
Tools & Hardware,Green Girgit,22,5.626598465473146,4
Tools & Hardware,Blessed,15,3.836317135549872,5
Tools & Hardware,Minerva Naturals,15,3.836317135549872,5
Tools & Hardware,Rk,14,3.580562659846547,6
Tools & Hardware,Saviour,14,3.580562659846547,6
Tools & Hardware,ShellysTrends,14,3.580562659846547,6
Tools & Hardware,Super Drool,14,3.580562659846547,6
Tools & Hardware,Joy Living,12,3.0690537084398977,7
Tools & Hardware,VGreen,11,2.813299232736573,8
Tools & Hardware,Bosch,10,2.557544757033248,9
Tools & Hardware,Go Hooked,9,2.3017902813299234,10
Tools & Hardware,Color Palatte,8,2.0460358056265986,11
Tools & Hardware,Natures Plus,8,2.0460358056265986,11
Tools & Hardware,Atlantic,7,1.7902813299232736,12
Tools & Hardware,Pyramid Cocopeat,4,1.0230179028132993,13
Tools & Hardware,Real Seed,4,1.0230179028132993,13
Tools & Hardware,SMS,4,1.0230179028132993,13
Tools & Hardware,Shreewardhan Decor,4,1.0230179028132993,13
Tools & Hardware,Sutra Decor,4,1.0230179028132993,13
Tools & Hardware,Wonderland,4,1.0230179028132993,13
Tools & Hardware,Cambio,3,0.7672634271099744,14
Tools & Hardware,Deziworkz,3,0.7672634271099744,14
Tools & Hardware,FAB-FLASH,3,0.7672634271099744,14
Tools & Hardware,Inspired Livingg,3,0.7672634271099744,14
Tools & Hardware,Stanley,3,0.7672634271099744,14
Tools & Hardware,Suntree,3,0.7672634271099744,14
Tools & Hardware,Autopot,2,0.5115089514066496,15
Tools & Hardware,E-plant,2,0.5115089514066496,15
Tools & Hardware,Height Of Designs,2,0.5115089514066496,15
Tools & Hardware,IndianShelf,2,0.5115089514066496,15
Tools & Hardware,PHOCOS,2,0.5115089514066496,15
Tools & Hardware,Radongrow,2,0.5115089514066496,15
Tools & Hardware,Rapter,2,0.5115089514066496,15
Tools & Hardware,Toygully,2,0.5115089514066496,15
Tools & Hardware,Vgreen,2,0.5115089514066496,15
Tools & Hardware,eSms,2,0.5115089514066496,15
Tools & Hardware,BM BELMONTE,1,0.2557544757033248,16
Tools & Hardware,Concorde,1,0.2557544757033248,16
Tools & Hardware,Craftghar,1,0.2557544757033248,16
Tools & Hardware,Elephant Brand,1,0.2557544757033248,16
Tools & Hardware,Eplant,1,0.2557544757033248,16
Tools & Hardware,FURNXT,1,0.2557544757033248,16
Tools & Hardware,Futaba,1,0.2557544757033248,16
Tools & Hardware,Goldcave,1,0.2557544757033248,16
Tools & Hardware,Hkge,1,0.2557544757033248,16
Tools & Hardware,IaD,1,0.2557544757033248,16
Tools & Hardware,Imago,1,0.2557544757033248,16
Tools & Hardware,Importwala,1,0.2557544757033248,16
Tools & Hardware,KKD,1,0.2557544757033248,16
Tools & Hardware,Krupex,1,0.2557544757033248,16
Tools & Hardware,Martha,1,0.2557544757033248,16
Tools & Hardware,Mennenni Life Sciences,1,0.2557544757033248,16
Tools & Hardware,Minervanaturals,1,0.2557544757033248,16
Tools & Hardware,Nelesa Gardening,1,0.2557544757033248,16
Tools & Hardware,Oleanna,1,0.2557544757033248,16
Tools & Hardware,Onlineshoppee,1,0.2557544757033248,16
Tools & Hardware,PeepalComm,1,0.2557544757033248,16
Tools & Hardware,Rolson,1,0.2557544757033248,16
Tools & Hardware,Sheetal,1,0.2557544757033248,16
Tools & Hardware,Shopo,1,0.2557544757033248,16
Tools & Hardware,Skys&Ray,1,0.2557544757033248,16
Tools & Hardware,Smart Shophar,1,0.2557544757033248,16
Tools & Hardware,Tech Fit,1,0.2557544757033248,16
Tools & Hardware,The Yellow Door,1,0.2557544757033248,16
Toys & School Supplies,Unknown,227,68.78787878787878,1
Toys & School Supplies,Disney,5,1.5151515151515151,2
Toys & School Supplies,Naaz,4,1.2121212121212122,3
Toys & School Supplies,TOMAFO,4,1.2121212121212122,3
Toys & School Supplies,Bento,3,0.9090909090909091,4
Toys & School Supplies,Eaglemoss Publications,3,0.9090909090909091,4
Toys & School Supplies,Funcart,3,0.9090909090909091,4
Toys & School Supplies,Sentinel,3,0.9090909090909091,4
Toys & School Supplies,Finnexe,2,0.6060606060606061,5
Toys & School Supplies,Nendoroid,2,0.6060606060606061,5
Toys & School Supplies,Pink Rose,2,0.6060606060606061,5
Toys & School Supplies,Playhood,2,0.6060606060606061,5
Toys & School Supplies,Smart Picks,2,0.6060606060606061,5
Toys & School Supplies,Wild Republic,2,0.6060606060606061,5
Toys & School Supplies,Wishkey,2,0.6060606060606061,5
Toys & School Supplies,rainfun,2,0.6060606060606061,5
Toys & School Supplies,A R ENTERPRISES,1,0.30303030303030304,6
Toys & School Supplies,A-maze,1,0.30303030303030304,6
Toys & School Supplies,Aimedu Toy,1,0.30303030303030304,6
Toys & School Supplies,Airwind,1,0.30303030303030304,6
Toys & School Supplies,BURDY,1,0.30303030303030304,6
Toys & School Supplies,Babytintin,1,0.30303030303030304,6
Toys & School Supplies,Beyblade,1,0.30303030303030304,6
Toys & School Supplies,Blizzard Entertainment,1,0.30303030303030304,6
Toys & School Supplies,C Kreul,1,0.30303030303030304,6
Toys & School Supplies,Calico Critters,1,0.30303030303030304,6
Toys & School Supplies,DC Universe,1,0.30303030303030304,6
Toys & School Supplies,DIY,1,0.30303030303030304,6
Toys & School Supplies,Dinoimpex,1,0.30303030303030304,6
Toys & School Supplies,Discovery Toys,1,0.30303030303030304,6
Toys & School Supplies,Doctor Who,1,0.30303030303030304,6
Toys & School Supplies,Dupli Color,1,0.30303030303030304,6
Toys & School Supplies,Explore Embedded,1,0.30303030303030304,6
Toys & School Supplies,Fun Blox,1,0.30303030303030304,6
Toys & School Supplies,Fun Box,1,0.30303030303030304,6
Toys & School Supplies,GEMKOLABWELL,1,0.30303030303030304,6
Toys & School Supplies,GoMerryKids,1,0.30303030303030304,6
Toys & School Supplies,Great Eastern,1,0.30303030303030304,6
Toys & School Supplies,Hasbro,1,0.30303030303030304,6
Toys & School Supplies,I SQUARE ENTERPRISES,1,0.30303030303030304,6
Toys & School Supplies,Indidecor,1,0.30303030303030304,6
Toys & School Supplies,Intex,1,0.30303030303030304,6
Toys & School Supplies,Johhny Cash,1,0.30303030303030304,6
Toys & School Supplies,KHUSHI HANDICRAFTS,1,0.30303030303030304,6
Toys & School Supplies,Lotus,1,0.30303030303030304,6
Toys & School Supplies,Marami,1,0.30303030303030304,6
Toys & School Supplies,Moulin Roty,1,0.30303030303030304,6
Toys & School Supplies,Pandora,1,0.30303030303030304,6
Toys & School Supplies,Parth Collection,1,0.30303030303030304,6
Toys & School Supplies,Predator,1,0.30303030303030304,6
Toys & School Supplies,RKDEAL,1,0.30303030303030304,6
Toys & School Supplies,RREnterprizes,1,0.30303030303030304,6
Toys & School Supplies,Rainfun,1,0.30303030303030304,6
Toys & School Supplies,Riddhi Siddhi,1,0.30303030303030304,6
Toys & School Supplies,SIHRA,1,0.30303030303030304,6
Toys & School Supplies,SJ,1,0.30303030303030304,6
Toys & School Supplies,SKI,1,0.30303030303030304,6
Toys & School Supplies,Safari Ltd.,1,0.30303030303030304,6
Toys & School Supplies,Shop & Shoppee,1,0.30303030303030304,6
Toys & School Supplies,Shop4everything,1,0.30303030303030304,6
Toys & School Supplies,Sigmatech,1,0.30303030303030304,6
Toys & School Supplies,Spin Master,1,0.30303030303030304,6
Toys & School Supplies,Starmark,1,0.30303030303030304,6
Toys & School Supplies,Tabu,1,0.30303030303030304,6
Toys & School Supplies,The Loyal Subjects,1,0.30303030303030304,6
Toys & School Supplies,Tokidoki,1,0.30303030303030304,6
Toys & School Supplies,Tom and Jerry,1,0.30303030303030304,6
Toys & School Supplies,Tomafo,1,0.30303030303030304,6
Toys & School Supplies,Tootpado,1,0.30303030303030304,6
Toys & School Supplies,Tuelip,1,0.30303030303030304,6
Toys & School Supplies,Tupperware,1,0.30303030303030304,6
Toys & School Supplies,Twilight Creations,1,0.30303030303030304,6
Toys & School Supplies,X-Plus,1,0.30303030303030304,6
Toys & School Supplies,Yijun,1,0.30303030303030304,6
Toys & School Supplies,Zenescope Entertainment,1,0.30303030303030304,6
Toys & School Supplies,addee,1,0.30303030303030304,6
Toys & School Supplies,asa products,1,0.30303030303030304,6
Toys & School Supplies,happy deals,1,0.30303030303030304,6
Treppe Bellies,Treppe,3,100.0,1
UFO Full Sleeve Solid Girl's Jacket,UFO,1,100.0,1
UFO Self Design Round Neck Casual Girl's Sweater,UFO,1,100.0,1
United Colors of Benetton Girl's Trousers,United Colors of Benetton,1,100.0,1
Urban Girl Foundation Brush (Pack of 10),Urban Girl,2,100.0,1
Urban Girl Foundation Brush (Pack of 12),Urban Girl,1,100.0,1
Urban Girl Foundation Brush (Pack of 7),Urban Girl,1,100.0,1
V&G Professional HD-37 Hair Dryer (Red),V&G Professional,1,100.0,1
Vinenzia Printed Winter Men's Gloves,Vinenzia,1,100.0,1
Viral Girl Women's Full Coverage Bra,Viral Girl,1,100.0,1
Vishudh Printed Women's Anarkali Kurta,Vishudh,1,100.0,1
Vishudh Printed Women's Straight Kurta,Vishudh,8,100.0,1
Vitamins Solid Baby Girl's Basic Shorts,Vitamins,1,100.0,1
Walkline Slippers,Walkline,1,100.0,1
Watches,Unknown,482,90.94339622641509,1
Watches,Italian Fashion,7,1.320754716981132,2
Watches,ESIDON,4,0.7547169811320755,3
Watches,palito,4,0.7547169811320755,3
Watches,Carlos,3,0.5660377358490566,4
Watches,Desire,3,0.5660377358490566,4
Watches,Sitaram,3,0.5660377358490566,4
Watches,DICE,2,0.37735849056603776,5
Watches,Sakhi Styles,2,0.37735849056603776,5
Watches,Wisdom,2,0.37735849056603776,5
Watches,Adino,1,0.18867924528301888,6
Watches,Anno Dominii,1,0.18867924528301888,6
Watches,Britex,1,0.18867924528301888,6
Watches,Crazy Deal,1,0.18867924528301888,6
Watches,Curren Nx,1,0.18867924528301888,6
Watches,FNB,1,0.18867924528301888,6
Watches,Fimex,1,0.18867924528301888,6
Watches,Invaders,1,0.18867924528301888,6
Watches,Like,1,0.18867924528301888,6
Watches,Merchant eshop,1,0.18867924528301888,6
Watches,Omen,1,0.18867924528301888,6
Watches,PIEXIM,1,0.18867924528301888,6
Watches,Pittsburgh Polo Club,1,0.18867924528301888,6
Watches,Sushito,1,0.18867924528301888,6
Watches,Texus,1,0.18867924528301888,6
Watches,V-Luma,1,0.18867924528301888,6
Watches,V9,1,0.18867924528301888,6
Watches,Yves Bertelin,1,0.18867924528301888,6
Wearable Smart Devices,Besto,1,50.0,1
Wearable Smart Devices,Quartz,1,50.0,1
Wella Elements Leight Weight Renewing Conditione...,Wella,1,100.0,1
Wellon Fittings set (16 pieces) for RO Water Pur...,Wellon,1,100.0,1
Yo Baby Girl's Trousers,Yo Baby,1,100.0,1
Zevrr Sterling Silver Swarovski Zirconia Platinu...,Zevrr,1,100.0,1
Zikrak Exim Women Wedges,Zikrak Exim,1,100.0,1
"Zixtro Bug (Black, Backpack)",Zixtro,1,100.0,1
classyworld Brass Cufflink (Grey-02),classyworld,1,100.0,1
classyworld Brass Cufflink (Silver-01),classyworld,1,100.0,1
clickforsign Avoid Contanimation Wash your Hands...,clickforsign,1,100.0,1
clickforsign Sound horn Before entering Emergenc...,clickforsign,1,100.0,1
e-Fresh Baby Boy's Brief (Pack of 10),e-Fresh,1,100.0,1
e-Fresh Boy's Brief (Pack of 5),e-Fresh,1,100.0,1
eBooks,Unknown,15,100.0,1
fourgee Slim Fit Boy's Black Jeans,fourgee,1,100.0,1
fourgee Slim Fit Women's Blue Jeans,fourgee,2,100.0,1
kem Flow Gold skinny Fit Baby Girl's Blue Jeans,kem Flow Gold,1,100.0,1
killys Men's Solid No Show Socks,killys,2,100.0,1
piftif Women's Sports Bra,piftif,1,100.0,1
run of luck Solid Women's Round Neck Dark Blue T...,run of luck,1,100.0,1
soie Fashion Women's Full Coverage Bra,soie,1,100.0,1
soie Fashion Women's Sports Bra,soie,1,100.0,1
"tadd Men's, Women's Ankle Length Socks",tadd,1,100.0,1
xy decor Cotton Sofa Cover (white Pack of 6),xy decor,1,100.0,1
