listing_id,pid,product_name,product_url,crawled_at,category,brand,retail_price,selling_price,rating,valid_price,valid_discount,discount_pct,category_n,q1,q3,lower_fence,upper_fence,iqr_distance_above_q3,flag
329c5f4d7aced63e1ce3e88f41d5e7e6,WATE9DX9E4YSRJSY,"Breitling AB011010/BB08 131S Chronomat 44 Analog Watch  - For Boys, Men",http://www.flipkart.com/breitling-ab011010-bb08-131s-chronomat-44-analog-watch-boys-men/p/itme9dx97f7emjyr?pid=WATE9DX9E4YSRJSY,2015-12-04 07:25:36+00:00,Watches,Unknown,571230.0,571230.0,,True,True,0.0,528,550.0,950.0,0.0,1550.0,1425.7,High
08452abdadb3db1e686b94a9c52fc7b6,WATEAK8SE2RUK7GM,"Cartier W6701005 Analog Watch  - For Boys, Men",http://www.flipkart.com/cartier-w6701005-analog-watch-boys-men/p/itmeak8svbtvm5hp?pid=WATEAK8SE2RUK7GM,2015-12-04 07:25:36+00:00,Watches,Unknown,201000.0,201000.0,,True,True,0.0,528,550.0,950.0,0.0,1550.0,500.125,High
710ed5f2393a4b9e8823aa0029f71f93,WATEA6UGFGKZKDJC,"TAG Heuer CAU1116.BA0858 Formula 1 Analog Watch  - For Boys, Men",http://www.flipkart.com/tag-heuer-cau1116-ba0858-formula-1-analog-watch-boys-men/p/itmea6ug29cnhkdh?pid=WATEA6UGFGKZKDJC,2015-12-04 07:25:36+00:00,Watches,Unknown,107750.0,107750.0,,True,True,0.0,528,550.0,950.0,0.0,1550.0,267.0,High
a1fb13ead0d648acd61e600531421a34,BMDEGVYDBZ7NHRZH,"NITGEN eNBioAccess T5-HID Time & Attendance, Access Control, Door Locks",http://www.flipkart.com/nitgen-enbioaccess-t5-hid-time-attendance-access-control-door-locks/p/itmegvydwzcqkahz?pid=BMDEGVYDBZ7NHRZH,2016-03-20 11:28:01+00:00,Pens & Stationery,NITGEN,71687.0,44804.0,,True,True,37.500523107397434,313,225.0,550.0,0.0,1037.5,136.16615384615383,High
022a7f08d051e2cfca917ef0a6d3a19a,JCKEAEA7REDBGJVY,The Curve Full Sleeve Solid Men's Quilted Jacket,http://www.flipkart.com/curve-full-sleeve-solid-men-s-quilted-jacket/p/itmeaea733jjxfrg?pid=JCKEAEA7REDBGJVY,2016-01-07 00:54:41+00:00,Clothing,Unknown,69999.0,48999.0,,True,True,30.00042857755111,6171,374.0,799.0,0.0,1436.5,113.41176470588235,High
6bdbfcd8a37c9302fea53891aaad7426,BMDEGVYEE6HXZJCK,"NITGEN Fingkey Access Plus-HID Time & Attendance, Access Control, Door Locks",http://www.flipkart.com/nitgen-fingkey-access-plus-hid-time-attendance-control-door-locks/p/itmegvyejxfsx6fr?pid=BMDEGVYEE6HXZJCK,2016-03-20 11:28:01+00:00,Pens & Stationery,NITGEN,58520.0,36575.0,,True,True,37.5,313,225.0,550.0,0.0,1037.5,110.84615384615384,High
c4b045288524a8770c760ed2bbca2ed5,ACCEEV5UV5NV4PKZ,"Audeze Lcd2 In Bamboo, High Quality Planar Magnetic Headphone Headphones",http://www.flipkart.com/audeze-lcd2-bamboo-high-quality-planar-magnetic-headphone-headphones/p/itmeev5uqecsf5fz?pid=ACCEEV5UV5NV4PKZ,2016-03-11 11:26:55+00:00,Mobiles & Accessories,Audeze,116292.0,116292.0,,True,True,0.0,1097,449.0,1499.0,0.0,3074.0,109.32666666666667,High
b6c339777814451815fe7950fd4c8536,BDDEH93ZEEZY7CHM,HomeEdge Solid Wood King Bed,http://www.flipkart.com/homeedge-solid-wood-king-bed/p/itmeh93zruggswf6?pid=BDDEH93ZEEZY7CHM,2016-06-16 08:51:06+00:00,Beauty and Personal Care,HomeEdge,25499.0,18799.0,,True,True,26.275540217263423,709,299.0,479.0,29.0,749.0,101.77777777777777,High
640fd08bb3ba538d67a5c0c2c61a5c4c,ELTEJXM48D3HAUFB,SOS COMPUTRISED LCD INTRFERENTIAL UNIT-125PROG. MUSCLE SPASM Electrotherapy Device,http://www.flipkart.com/sos-computrised-lcd-intrferential-unit-125prog-muscle-spasm-electrotherapy-device/p/itmejxm5x3xz63te?pid=ELTEJXM48D3HAUFB,2016-06-24 16:03:26+00:00,Beauty and Personal Care,SOS,19500.0,17550.0,,True,True,10.0,709,299.0,479.0,29.0,749.0,94.83888888888889,High
aef6257f55a51967c9e4a52f36d5c906,SHKEHCGRHFFCFYKK,Smart Choice Furniture Wooden Standard Shoe Rack,http://www.flipkart.com/smart-choice-furniture-wooden-standard-shoe-rack/p/itmehcgrugrnwmpg?pid=SHKEHCGRHFFCFYKK,2016-04-25 19:45:35+00:00,Kitchen & Dining,Smart Choice Furniture,34168.0,25499.0,,True,True,25.371692811987824,645,199.0,582.0,0.0,1156.5,65.0574412532637,High
893aa5ed55f7cff2eccea7758d7a86bd,WATEAYAHJ8CUCAYM,Maserati Time R8851116001 Analog Watch  - For Boys,http://www.flipkart.com/maserati-time-r8851116001-analog-watch-boys/p/itmeayahfma4r9kp?pid=WATEAYAHJ8CUCAYM,2015-12-04 07:25:36+00:00,Watches,Unknown,24400.0,24400.0,,True,True,0.0,528,550.0,950.0,0.0,1550.0,58.625,High
5c1554cd45f9d538c2c6947dbdd59c75,LEHEGGEHYN4G2RPW,"Ambika Lahenga Embroidered Lehenga, Choli and Dupatta Set",http://www.flipkart.com/ambika-lahenga-embroidered-lehenga-choli-dupatta-set/p/itmeggehqgggjktw?pid=LEHEGGEHYN4G2RPW,2016-03-05 12:31:04+00:00,Clothing,Ambika Lahenga,39992.0,24995.0,,True,True,37.5,6171,374.0,799.0,0.0,1436.5,56.93176470588235,High
bd59f01525ff2fd65f81e0d6e8eb714e,SHIEBBWHAJKSZDTG,Diviniti DG Royal Ornamental Size 4.5 Murgan Ji religious wall hanging Showpiece  -  30.5 cm,http://www.flipkart.com/diviniti-dg-royal-ornamental-size-4-5-murgan-ji-religious-wall-hanging-showpiece-30-5-cm/p/itmebbwhb84zwgny?pid=SHIEBBWHAJKSZDTG,2016-01-04 00:20:04+00:00,Home Decor & Festive Needs,Diviniti,47620.0,47620.0,,True,True,0.0,927,426.5,1250.0,0.0,2485.25,56.30843958712811,High
73ca38a471fa9178ec1de3c7b30ccb1e,RNGE3HSTTP6C9ASW,Ratnam Gold Diamond 18 K Ring,http://www.flipkart.com/ratnam-gold-diamond-18-k-ring/p/itme3hstcjwnwgny?pid=RNGE3HSTTP6C9ASW,2016-01-01 19:37:22+00:00,Jewellery,Ratnam,49999.0,44000.0,5.0,True,True,11.998239964799296,3522,310.0,1076.75,0.0,2226.875,55.980762960547764,High
9fc3e82001dbb96991d0a195e83b6094,RNGE3JRMHKFGFEXH,Ratnam Gold Diamond 18 K Ring,http://www.flipkart.com/ratnam-gold-diamond-18-k-ring/p/itme3jrmccsgjtce?pid=RNGE3JRMHKFGFEXH,2016-01-01 19:37:22+00:00,Jewellery,Ratnam,49999.0,43950.0,5.0,True,True,12.098241964839296,3522,310.0,1076.75,0.0,2226.875,55.91555265731986,High
2b6001cd6095592db167fca5c58d3072,RNGE88FRGZCXNKUG,Karatcraft Duilla Ruby Gold Diamond 18 K Ring,http://www.flipkart.com/karatcraft-duilla-ruby-gold-diamond-18-k-ring/p/itme88frt3kbhk9j?pid=RNGE88FRGZCXNKUG,2016-01-06 18:20:45+00:00,Jewellery,Karatcraft,48029.0,43663.0,,True,True,9.090341252160153,3522,310.0,1076.75,0.0,2226.875,55.541245516791655,High
3c23537bc31513e24840c8f2da787906,RNGEDNFEZJCFGG86,WhiteGems Mia Band Gold Diamond 18 K Ring,http://www.flipkart.com/whitegems-mia-band-gold-diamond-18-k-ring/p/itmednfegfjkj7k2?pid=RNGEDNFEZJCFGG86,2016-01-01 19:37:22+00:00,Jewellery,WhiteGems,49999.0,42996.0,,True,True,14.006280125602512,3522,310.0,1076.75,0.0,2226.875,54.671340071731336,High
368d081ac9efc6d56255fb88cfe185ca,RNGE87FCBK6ZAZYZ,Karatcraft Duilla Ruby Gold Diamond 18 K Ring,http://www.flipkart.com/karatcraft-duilla-ruby-gold-diamond-18-k-ring/p/itme87fc9mqsf4bn?pid=RNGE87FCBK6ZAZYZ,2016-01-06 18:20:45+00:00,Jewellery,Karatcraft,49999.0,42262.0,,True,True,15.474309486189723,3522,310.0,1076.75,0.0,2226.875,53.714052820345614,High
b684985bb1edd33d059e21bcea1a9606,RNGEE966KMPRKXPC,Reet Hot Selling Yellow Gold Diamond 18 K Ring,http://www.flipkart.com/reet-hot-selling-yellow-gold-diamond-18-k-ring/p/itmee966c8v8k26z?pid=RNGEE966KMPRKXPC,2016-01-01 19:37:22+00:00,Jewellery,Reet,49999.0,41499.0,,True,True,17.000340006800137,3522,310.0,1076.75,0.0,2226.875,52.71894359308771,High
e88a1e9359a32286f3001fb4798e3a72,RNGE2GH3SSCQ3DSP,"Theme Jewels Casual LR-0050, Certified Real Diamond & 18Kt Hallmarked Yellow Gold Diamond 18 K Ring",http://www.flipkart.com/theme-jewels-casual-lr-0050-certified-real-diamond-18kt-hallmarked-yellow-gold-18-k-ring/p/itme2gh2fqhj5xcn?pid=RNGE2GH3SSCQ3DSP,2016-01-01 19:37:22+00:00,Jewellery,Theme Jewels,49178.0,40818.0,,True,True,16.999471308308593,3522,310.0,1076.75,0.0,2226.875,51.830779263123574,High
f62d5fe1b987747340716bc0159c98fd,RNGE864HDMGUH2FG,Karatcraft Journa Gold Diamond 18 K Ring,http://www.flipkart.com/karatcraft-journa-gold-diamond-18-k-ring/p/itme7t8fg7ftejzm?pid=RNGE864HDMGUH2FG,2016-01-06 18:20:45+00:00,Jewellery,Karatcraft,48214.0,40178.0,,True,True,16.667358028788318,3522,310.0,1076.75,0.0,2226.875,50.996087381806326,High
aae08c4dfc686a2896edc3783fc6ba29,RNGEBB94WYJB94F2,Suranas Jewelove Price Point Bands Sj Pto 234 Platinum Ring Set,http://www.flipkart.com/suranas-jewelove-price-point-bands-sj-pto-234-platinum-ring-set/p/itmebb94jz4dzgbq?pid=RNGEBB94WYJB94F2,2016-01-01 19:37:22+00:00,Jewellery,Suranas Jewelove,49999.0,40000.0,,True,True,19.99839996799936,3522,310.0,1076.75,0.0,2226.875,50.76393870231497,High
c21a847752c832abcafe96051cd54f6a,RNGE82XZXZCUHK9Y,Rakam Gold Diamond 18 K Ring,http://www.flipkart.com/rakam-gold-diamond-18-k-ring/p/itme82xpkgfg7gwc?pid=RNGE82XZXZCUHK9Y,2016-01-01 19:37:22+00:00,Jewellery,Rakam,45999.0,39999.0,,True,True,13.04376182090915,3522,310.0,1076.75,0.0,2226.875,50.762634496250406,High
80f81155f425fed308df8787d254aff3,RNGEAHG8GKFRK38B,Kundali Pukhraj Stone Weight - 3.8 Carat / 4.47 Ratti Gold Sapphire 18 K Ring,http://www.flipkart.com/kundali-pukhraj-stone-weight-3-8-carat-4-47-ratti-gold-sapphire-18-k-ring/p/itmeahgxefvkvpyw?pid=RNGEAHG8GKFRK38B,2016-01-06 18:20:45+00:00,Jewellery,Kundali,45856.0,39875.0,,True,True,13.043004187020237,3522,310.0,1076.75,0.0,2226.875,50.60091294424519,High
2a0b10e71fcc07248824ded4469e73b8,RNGEDAPUZPVUVSCU,Radiant Bay Pretty Me White Gold Diamond 18 K Ring,http://www.flipkart.com/radiant-bay-pretty-me-white-gold-diamond-18-k-ring/p/itmedaputpj7vsgc?pid=RNGEDAPUZPVUVSCU,2016-01-01 19:37:22+00:00,Jewellery,Radiant Bay,49519.0,39615.0,,True,True,20.00040388537733,3522,310.0,1076.75,0.0,2226.875,50.261819367460056,High
514f7783b049e34ae82aed3cae19dab3,RNGEDAKAZHDHCV36,Radiant Bay Drizzle Yellow Gold Diamond 18 K Ring,http://www.flipkart.com/radiant-bay-drizzle-yellow-gold-diamond-18-k-ring/p/itmedakahazschdg?pid=RNGEDAKAZHDHCV36,2016-01-01 19:37:22+00:00,Jewellery,Radiant Bay,49019.0,39215.0,,True,True,20.000408005059263,3522,310.0,1076.75,0.0,2226.875,49.74013694163678,High
d92de71fff3aca1e23465bef0bd6bedd,RNGEDAKAZYPJN8GU,Radiant Bay Two Together Solitaire White Gold Diamond 18 K Ring,http://www.flipkart.com/radiant-bay-two-together-solitaire-white-gold-diamond-18-k-ring/p/itmedak9txru9ykz?pid=RNGEDAKAZYPJN8GU,2016-01-01 19:37:22+00:00,Jewellery,Radiant Bay,49010.0,39208.0,,True,True,20.0,3522,310.0,1076.75,0.0,2226.875,49.73100749918487,High
36ed2bf7475bd61889417cdca93e3f66,RNGE2FAFYTYTZXZX,"Rakam Gold Ruby, Diamond 18K White Gold 18 K Ring",http://www.flipkart.com/rakam-gold-ruby-diamond-18k-white-18-k-ring/p/itme2fafdcf5rrgv?pid=RNGE2FAFYTYTZXZX,2016-01-01 19:37:22+00:00,Jewellery,Rakam,46125.0,39206.0,,True,True,15.000542005420055,3522,310.0,1076.75,0.0,2226.875,49.728399087055756,High
5bd45b61af15e6fefe7b5bd2592a0a13,RNGE9HEFT7GZZJYB,"BlueStone The Yorsh White Gold Aquamarine, Diamond 14 K Ring",http://www.flipkart.com/bluestone-yorsh-white-gold-aquamarine-diamond-14-k-ring/p/itme9hefwazh2ffz?pid=RNGE9HEFT7GZZJYB,2016-01-01 19:37:22+00:00,Jewellery,BlueStone,49736.0,39204.0,,True,True,21.17580826765321,3522,310.0,1076.75,0.0,2226.875,49.725790674926635,High
4fdb85a24c9c71cc135af267c83d817b,RNGECQWJZYXCVTM9,Jisha The Promise Gold Diamond 18 K Ring,http://www.flipkart.com/jisha-promise-gold-diamond-18-k-ring/p/itmecqwjtyezc8xu?pid=RNGECQWJZYXCVTM9,2016-01-01 19:37:22+00:00,Jewellery,Jisha,49999.0,39050.0,,True,True,21.898437968759374,3522,310.0,1076.75,0.0,2226.875,49.52494294098467,High
f7222ee360602c96227022af161fe5ec,RNGE88Q9HE9RQYEM,Karatcraft Clariz Gold Diamond 18 K Ring,http://www.flipkart.com/karatcraft-clariz-gold-diamond-18-k-ring/p/itme88q9rtfkes6j?pid=RNGE88Q9HE9RQYEM,2016-01-06 18:20:45+00:00,Jewellery,Karatcraft,42860.0,38964.0,,True,True,9.090060662622491,3522,310.0,1076.75,0.0,2226.875,49.412781219432674,High
5d04df2b54014f5c793523f5f4d57fd4,RNGE88QAP8FMFVWU,Karatcraft Raciel Gold Diamond 18 K Ring,http://www.flipkart.com/karatcraft-raciel-gold-diamond-18-k-ring/p/itme88q9nb3jftgw?pid=RNGE88QAP8FMFVWU,2016-01-06 18:20:45+00:00,Jewellery,Karatcraft,42689.0,38808.0,,True,True,9.091335004333668,3522,310.0,1076.75,0.0,2226.875,49.20932507336159,High
fb3070a9f36c41448de15d75122acb4b,RNGDX7UXJHMHWFKS,Shashvat Jewels Yellow Gold Diamond 14 K Ring,http://www.flipkart.com/shashvat-jewels-yellow-gold-diamond-14-k-ring/p/itmdx7ux9hp2fbar?pid=RNGDX7UXJHMHWFKS,2016-01-01 19:37:22+00:00,Jewellery,Shashvat Jewels,49115.0,38801.0,,True,True,20.999694594319454,3522,310.0,1076.75,0.0,2226.875,49.20019563090968,High
dab0fd529262971a3fd3cab8786cbf23,RNGEBQZQWMTAKVGU,"BlueStone Sylvan Lattice Yellow Gold Diamond, Pearl 18 K Ring",http://www.flipkart.com/bluestone-sylvan-lattice-yellow-gold-diamond-pearl-18-k-ring/p/itmebqzqyfzk9xpc?pid=RNGEBQZQWMTAKVGU,2016-01-01 19:37:22+00:00,Jewellery,BlueStone,49344.0,38647.0,,True,True,21.678420881971466,3522,310.0,1076.75,0.0,2226.875,48.99934789696772,High
64b5906235f52e3648756d392588fd8f,RNGEDAPFZGJG5H8Q,Radiant Bay Knuckle Delight White Gold Diamond 14 K Ring,http://www.flipkart.com/radiant-bay-knuckle-delight-white-gold-diamond-14-k-ring/p/itmedapfhabekftw?pid=RNGEDAPFZGJG5H8Q,2016-01-01 19:37:22+00:00,Jewellery,Radiant Bay,47936.0,38349.0,,True,True,19.999582777036046,3522,310.0,1076.75,0.0,2226.875,48.610694489729376,High
750472fb7cb720837d9ec9eedc518cfb,RNGEDAPWVUQXZYCZ,Radiant Bay Ripples Yellow Gold Diamond 18 K Ring,http://www.flipkart.com/radiant-bay-ripples-yellow-gold-diamond-18-k-ring/p/itmedapw8ekyuvww?pid=RNGEDAPWVUQXZYCZ,2016-01-01 19:37:22+00:00,Jewellery,Radiant Bay,47894.0,38315.0,,True,True,20.000417588842026,3522,310.0,1076.75,0.0,2226.875,48.5663514835344,High
950cd74ffe8265c5d63d16ba2cd38f8f,RNGEDF5HZG9DVQTS,Karatcraft Paltini Gold Diamond 18 K Ring,http://www.flipkart.com/karatcraft-paltini-gold-diamond-18-k-ring/p/itmedf5hezybzmw7?pid=RNGEDF5HZG9DVQTS,2016-01-01 19:37:22+00:00,Jewellery,Karatcraft,49999.0,38287.0,,True,True,23.424468489369787,3522,310.0,1076.75,0.0,2226.875,48.52983371372677,High
daffb9cd67cd889f774084ee31770af4,RNGE2FAGANHFJF2W,Rakam Gold Diamond Yellow Gold 18 K Ring,http://www.flipkart.com/rakam-gold-diamond-yellow-18-k-ring/p/itme2faff48fhzeh?pid=RNGE2FAGANHFJF2W,2016-01-01 19:37:22+00:00,Jewellery,Rakam,44875.0,38143.0,,True,True,15.0016713091922,3522,310.0,1076.75,0.0,2226.875,48.342028040430385,High
efdb79b4890792fa2b6f65d50ff7191d,RNGDX7RNUB4FSBEA,Shashvat Jewels Yellow Gold Diamond 14 K Ring,http://www.flipkart.com/shashvat-jewels-yellow-gold-diamond-14-k-ring/p/itmdx7rnfn9dby72?pid=RNGDX7RNUB4FSBEA,2016-01-01 19:37:22+00:00,Jewellery,Shashvat Jewels,48225.0,38098.0,,True,True,20.99948159668222,3522,310.0,1076.75,0.0,2226.875,48.28333876752527,High
ef502e19fec76ca6073d4b73ce13fa21,RNGDXXB6ZE8YVFY6,Caratcents Gold Diamond Yellow Gold 18 K Ring,http://www.flipkart.com/caratcents-gold-diamond-yellow-18-k-ring/p/itmdxxb6cxzzzbrj?pid=RNGDXXB6ZE8YVFY6,2016-01-01 19:37:22+00:00,Jewellery,Caratcents,49986.0,38089.0,,True,True,23.80066418597207,3522,310.0,1076.75,0.0,2226.875,48.271600912944244,High
3842aae9a67205c7428f786225fd9e30,RNGEDAPYZZGZR8E2,Radiant Bay Astonishing Yellow Gold Diamond 14 K Ring,http://www.flipkart.com/radiant-bay-astonishing-yellow-gold-diamond-14-k-ring/p/itmedapydzsunpcf?pid=RNGEDAPYZZGZR8E2,2016-01-01 19:37:22+00:00,Jewellery,Radiant Bay,47504.0,38003.0,,True,True,20.0004210171775,3522,310.0,1076.75,0.0,2226.875,48.15943919139224,High
6b7a3f687cc0d2286db10b53a9f21c26,RNGEDAPVYR2JU4QV,Radiant Bay Charismatic White Gold Diamond 18 K Ring,http://www.flipkart.com/radiant-bay-charismatic-white-gold-diamond-18-k-ring/p/itmedapvtzthdx4w?pid=RNGEDAPVYR2JU4QV,2016-01-01 19:37:22+00:00,Jewellery,Radiant Bay,47464.0,37971.0,,True,True,20.00042137198719,3522,310.0,1076.75,0.0,2226.875,48.11770459732638,High
a811c8b49333c89cd0a3b21fe22016e2,RNGEDAPWZF2CQWGN,Radiant Bay Ripples Yellow Gold Diamond 14 K Ring,http://www.flipkart.com/radiant-bay-ripples-yellow-gold-diamond-14-k-ring/p/itmedapwq2h9bqxk?pid=RNGEDAPWZF2CQWGN,2016-01-01 19:37:22+00:00,Jewellery,Radiant Bay,47438.0,37950.0,,True,True,20.000843205868712,3522,310.0,1076.75,0.0,2226.875,48.09031626997066,High
e698627a87d584134c46f64022f746be,RNGEDAPWYKJJRSZY,Radiant Bay Breathtaking Black and White Yellow Gold Diamond 14 K Ring,http://www.flipkart.com/radiant-bay-breathtaking-black-white-yellow-gold-diamond-14-k-ring/p/itmedapwygdgh2f4?pid=RNGEDAPWYKJJRSZY,2016-01-01 19:37:22+00:00,Jewellery,Radiant Bay,47390.0,37912.0,,True,True,20.0,3522,310.0,1076.75,0.0,2226.875,48.040756439517445,High
43a5ab7e3d9dcba5d55f84a5c2aa8f5c,RNGE88Q9A7UHUHZQ,Karatcraft Citra Engagement Gold Diamond 18 K Ring,http://www.flipkart.com/karatcraft-citra-engagement-gold-diamond-18-k-ring/p/itme88q9wd2htwsp?pid=RNGE88Q9A7UHUHZQ,2016-01-06 18:20:45+00:00,Jewellery,Karatcraft,49999.0,37905.0,,True,True,24.188483769675393,3522,310.0,1076.75,0.0,2226.875,48.03162699706554,High
d5d59c6ad5fb548a2bcd5bb903ecabb8,RNGDX7QHSYSH5FGT,Shashvat Jewels Yellow Gold Diamond 18 K Ring,http://www.flipkart.com/shashvat-jewels-yellow-gold-diamond-18-k-ring/p/itmdx7qhzne6kfhm?pid=RNGDX7QHSYSH5FGT,2016-01-01 19:37:22+00:00,Jewellery,Shashvat Jewels,47845.0,37798.0,,True,True,20.999059462848784,3522,310.0,1076.75,0.0,2226.875,47.89207694815781,High
126a2b4e185c2f7a4908f628c8cb8472,RNGE88FRJEJZ5GSD,Karatcraft Journa Gold Diamond 18 K Ring,http://www.flipkart.com/karatcraft-journa-gold-diamond-18-k-ring/p/itme88frhjzyxd6n?pid=RNGE88FRJEJZ5GSD,2016-01-06 18:20:45+00:00,Jewellery,Karatcraft,45345.0,37787.0,,True,True,16.66776932407101,3522,310.0,1076.75,0.0,2226.875,47.877730681447666,High
4f477df0a20f857fd2e1ed4760134813,RNGE9HDHZ35VJRWZ,"BlueStone The Quentao Yellow Gold Topaz, Diamond 18 K Ring",http://www.flipkart.com/bluestone-quentao-yellow-gold-topaz-diamond-18-k-ring/p/itme9hdhczegmuhy?pid=RNGE9HDHZ35VJRWZ,2016-01-01 19:37:22+00:00,Jewellery,BlueStone,48337.0,37689.0,,True,True,22.02867368682376,3522,310.0,1076.75,0.0,2226.875,47.749918487120965,High
fa5121a02863fd34fc1151732279df87,RNGEFJHJHKNX5DKD,Caratcents Gold 18 K Ring,http://www.flipkart.com/caratcents-gold-18-k-ring/p/itmefjhjz8h96gef?pid=RNGEFJHJHKNX5DKD,2016-01-01 19:37:22+00:00,Jewellery,Caratcents,49999.0,37652.0,,True,True,24.694493889877798,3522,310.0,1076.75,0.0,2226.875,47.70166286273231,High
db182a9fc9657146adb45e26e49ff390,RNGE53GCZDR54FAA,Jisha Rhythm Of Love Gold Diamond 14 K Ring,http://www.flipkart.com/jisha-rhythm-love-gold-diamond-14-k-ring/p/itme53gcfskxzfhz?pid=RNGE53GCZDR54FAA,2016-01-01 19:37:22+00:00,Jewellery,Jisha,49970.0,37551.0,,True,True,24.85291174704823,3522,310.0,1076.75,0.0,2226.875,47.56993805021193,High
860c0a2b0d1f73d30a5e2804c7180a3b,RNGEDAK7ZQMRWNZX,Radiant Bay Sparkling Bloom White Gold Diamond 18 K Ring,http://www.flipkart.com/radiant-bay-sparkling-bloom-white-gold-diamond-18-k-ring/p/itmedak7btajdckm?pid=RNGEDAK7ZQMRWNZX,2016-01-01 19:37:22+00:00,Jewellery,Radiant Bay,46671.0,37337.0,,True,True,19.99957146836365,3522,310.0,1076.75,0.0,2226.875,47.29083795239648,High
f93070716ac9f86b95a4569a477e74c4,RNGEDAK7Y5HNBHJH,Radiant Bay Sparkling Bloom Yellow Gold Diamond 18 K Ring,http://www.flipkart.com/radiant-bay-sparkling-bloom-yellow-gold-diamond-18-k-ring/p/itmedak7gutrhztr?pid=RNGEDAK7Y5HNBHJH,2016-01-01 19:37:22+00:00,Jewellery,Radiant Bay,46671.0,37337.0,,True,True,19.99957146836365,3522,310.0,1076.75,0.0,2226.875,47.29083795239648,High
2521c4551b9d075f73855519dd420456,RNGEDAK7YKSSFVHH,Radiant Bay Sparkling Bloom White Gold Diamond 14 K Ring,http://www.flipkart.com/radiant-bay-sparkling-bloom-white-gold-diamond-14-k-ring/p/itmedak7rvwuagcm?pid=RNGEDAK7YKSSFVHH,2016-01-01 19:37:22+00:00,Jewellery,Radiant Bay,46453.0,37162.0,,True,True,20.000861085398146,3522,310.0,1076.75,0.0,2226.875,47.062601891098794,High
2b8362aa1b77e9e315d6e683a320c674,SHKEHCGRNFGTNGNZ,Smart Choice Furniture Wooden Standard Shoe Rack,http://www.flipkart.com/smart-choice-furniture-wooden-standard-shoe-rack/p/itmehcgrhunmayjc?pid=SHKEHCGRNFGTNGNZ,2016-04-25 19:45:35+00:00,Kitchen & Dining,Smart Choice Furniture,24922.0,18599.0,,True,True,25.37115801300056,645,199.0,582.0,0.0,1156.5,47.04177545691906,High
fa57eeb461d539426544d713ceb96699,RNGEFJFFZXKGQVGH,Rakam Gold Diamond 18K White Gold 18 K Ring,http://www.flipkart.com/rakam-gold-diamond-18k-white-18-k-ring/p/itmefjfftfrvymq6?pid=RNGEFJFFZXKGQVGH,2016-01-01 19:37:22+00:00,Jewellery,Rakam,43625.0,37081.0,,True,True,15.000573065902579,3522,310.0,1076.75,0.0,2226.875,46.95696119986958,High
bc6de56e36487f25eb9899e0ead952c0,RNGE86J7VJNYBSHZ,Karatcraft Risena Gold Diamond 18 K Ring,http://www.flipkart.com/karatcraft-risena-gold-diamond-18-k-ring/p/itme7t8ffacgy3hc?pid=RNGE86J7VJNYBSHZ,2016-01-06 18:20:45+00:00,Jewellery,Karatcraft,44470.0,37058.0,,True,True,16.667416235664493,3522,310.0,1076.75,0.0,2226.875,46.92696446038474,High
c38670458b0dd49eae5d8c7ee7a7407f,RNGE9HDAS6JR3G32,BlueStone The Apolonius Yellow Gold Diamond 18 K Ring,http://www.flipkart.com/bluestone-apolonius-yellow-gold-diamond-18-k-ring/p/itme9hda4jwfftcg?pid=RNGE9HDAS6JR3G32,2016-01-01 19:37:22+00:00,Jewellery,BlueStone,49377.0,37014.0,,True,True,25.03797314539158,3522,310.0,1076.75,0.0,2226.875,46.86957939354418,High
b4495b813c48688b62888794fd1b6efc,RNGE9HDBZBRM5ZKG,"BlueStone The Amerouge White Gold Citrine, Diamond 18 K Ring",http://www.flipkart.com/bluestone-amerouge-white-gold-citrine-diamond-18-k-ring/p/itme9hdbapuxgu67?pid=RNGE9HDBZBRM5ZKG,2016-01-01 19:37:22+00:00,Jewellery,BlueStone,48346.0,36987.0,,True,True,23.495221941835933,3522,310.0,1076.75,0.0,2226.875,46.83436582980111,High
5968cf0162c4154f8793e358b14e6e53,RNGEDAKBYWZVHMTN,Radiant Bay Best of Halo for women White Gold Diamond 14 K Ring,http://www.flipkart.com/radiant-bay-best-halo-women-white-gold-diamond-14-k-ring/p/itmedakbfadhcyvq?pid=RNGEDAKBYWZVHMTN,2016-01-01 19:37:22+00:00,Jewellery,Radiant Bay,46177.0,36942.0,,True,True,19.999133767893106,3522,310.0,1076.75,0.0,2226.875,46.77567655689599,High
bb485c582a26a9903d613f8e516ba305,RNGE9HCYYSVGDJ4R,BlueStone The Masterstroke White Gold Diamond 18 K Ring,http://www.flipkart.com/bluestone-masterstroke-white-gold-diamond-18-k-ring/p/itme9hcxe5qfk6xh?pid=RNGE9HCYYSVGDJ4R,2016-01-01 19:37:22+00:00,Jewellery,BlueStone,49443.0,36931.0,,True,True,25.305907813037233,3522,310.0,1076.75,0.0,2226.875,46.761330290185846,High
a9f51dd36051a802049a54fac5ccccab,RNGEAM4NZRSBMUFB,P.N.Gadgil Jewellers Gold Diamond 18K Yellow Gold 18 K Ring,http://www.flipkart.com/p-n-gadgil-jewellers-gold-diamond-18k-yellow-18-k-ring/p/itmeam4ngkqghjry?pid=RNGEAM4NZRSBMUFB,2016-01-01 19:37:22+00:00,Jewellery,P.N.Gadgil Jewellers,49998.0,36882.0,,True,True,26.233049321972878,3522,310.0,1076.75,0.0,2226.875,46.6974241930225,High
ddd03678e70bb07350606c8983df35d4,RNGE87FCDWVPDTKV,Karatcraft Om Gold Diamond 18 K Ring,http://www.flipkart.com/karatcraft-om-gold-diamond-18-k-ring/p/itme87fc6gadwq3q?pid=RNGE87FCDWVPDTKV,2016-01-06 18:20:45+00:00,Jewellery,Karatcraft,44247.0,36872.0,,True,True,16.667796686781024,3522,310.0,1076.75,0.0,2226.875,46.68438213237692,High
52a1b7539965984c0521bf7bfc18ce9c,RNGDX7RYGFGZCUNX,Shashvat Jewels White Gold Diamond 14 K Ring,http://www.flipkart.com/shashvat-jewels-white-gold-diamond-14-k-ring/p/itmdx7rymph6rwqp?pid=RNGDX7RYGFGZCUNX,2016-01-01 19:37:22+00:00,Jewellery,Shashvat Jewels,46407.0,36662.0,,True,True,20.99898722175534,3522,310.0,1076.75,0.0,2226.875,46.41049885881969,High
5922062cc4b5b5c150cf55255507ab5c,RNGEDAKBURUKYYAU,Radiant Bay Vogue Twist White Gold Diamond 18 K Ring,http://www.flipkart.com/radiant-bay-vogue-twist-white-gold-diamond-18-k-ring/p/itmedakax5grqvhb?pid=RNGEDAKBURUKYYAU,2016-01-01 19:37:22+00:00,Jewellery,Radiant Bay,45813.0,36650.0,,True,True,20.00087311461812,3522,310.0,1076.75,0.0,2226.875,46.394848386045,High
fe526045c45f700093e00279be4d35b7,RNGEA9ZXYKAZPEGD,BlueStone The Morning Glory Band White Gold Diamond 18 K Ring,http://www.flipkart.com/bluestone-morning-glory-band-white-gold-diamond-18-k-ring/p/itmea9zwj7qfdse4?pid=RNGEA9ZXYKAZPEGD,2016-01-01 19:37:22+00:00,Jewellery,BlueStone,49421.0,36576.0,,True,True,25.990975496246534,3522,310.0,1076.75,0.0,2226.875,46.29833713726769,High
7cc268d93bf20c5e238c8799ff55ed1e,RNGE4EZ4RDWRWC4N,Diti Jewellery Gold 18 K Ring,http://www.flipkart.com/diti-jewellery-gold-18-k-ring/p/itme4ez4js56fwha?pid=RNGE4EZ4RDWRWC4N,2016-01-01 19:37:22+00:00,Jewellery,Diti Jewellery,48600.0,36450.0,,True,True,25.0,3522,310.0,1076.75,0.0,2226.875,46.134007173133355,High
578fe37b3a38b68f3fbbe9980f6bcc4e,RNGEDAPFZV5BM43Y,Radiant Bay Knuckle Delight White Gold Diamond 18 K Ring,http://www.flipkart.com/radiant-bay-knuckle-delight-white-gold-diamond-18-k-ring/p/itmedapfz4zghmze?pid=RNGEDAPFZV5BM43Y,2016-01-01 19:37:22+00:00,Jewellery,Radiant Bay,45543.0,36434.0,,True,True,20.000878290846014,3522,310.0,1076.75,0.0,2226.875,46.113139876100426,High
898f65ddda25b381a050b432b1924a06,RNGDX7UXPY96DH4G,Shashvat Jewels Yellow Gold Diamond 14 K Ring,http://www.flipkart.com/shashvat-jewels-yellow-gold-diamond-14-k-ring/p/itmdx7uxrtdnnptc?pid=RNGDX7UXPY96DH4G,2016-01-01 19:37:22+00:00,Jewellery,Shashvat Jewels,46029.0,36363.0,,True,True,20.99980447109431,3522,310.0,1076.75,0.0,2226.875,46.02054124551679,High
ba3ea7e910666b5c108367909ac51216,RNGEDSCUZJUAGXCS,Love Bright Jewelry Sterling Silver Cubic Zirconia Rose Gold Ring,http://www.flipkart.com/love-bright-jewelry-sterling-silver-cubic-zirconia-rose-gold-ring/p/itmedscurk7hvhyz?pid=RNGEDSCUZJUAGXCS,2016-01-01 19:37:22+00:00,Jewellery,Love Bright Jewelry,49999.0,36356.0,,True,True,27.286545730914618,3522,310.0,1076.75,0.0,2226.875,46.01141180306488,High
bb3896a689823b0ec844360b323a2d1f,BBAEDUQZTHS9EUDF,"Love Bright Jewelry Sterling Silver Cubic Zirconia, Sapphire Rhodium Bracelet",http://www.flipkart.com/love-bright-jewelry-sterling-silver-cubic-zirconia-sapphire-rhodium-bracelet/p/itmeduqzw8pnk5qy?pid=BBAEDUQZTHS9EUDF,2015-12-29 05:07:38+00:00,Jewellery,Love Bright Jewelry,49999.0,36356.0,,True,True,27.286545730914618,3522,310.0,1076.75,0.0,2226.875,46.01141180306488,High
c80aafcb50e7024294dea44da51b24c8,RNGEDSCUZDMWHVB2,Love Bright Jewelry Sterling Silver Cubic Zirconia Rose Gold Ring,http://www.flipkart.com/love-bright-jewelry-sterling-silver-cubic-zirconia-rose-gold-ring/p/itmedscuuhz8kwbg?pid=RNGEDSCUZDMWHVB2,2016-01-01 19:37:22+00:00,Jewellery,Love Bright Jewelry,49999.0,36356.0,,True,True,27.286545730914618,3522,310.0,1076.75,0.0,2226.875,46.01141180306488,High
f327eec8775c6cc26182a95c34dedbaa,RNGE8HPEZZNZQHGF,Jewels5 Ganesha Gold Diamond Rhodium 14 K Ring,http://www.flipkart.com/jewels5-ganesha-gold-diamond-rhodium-14-k-ring/p/itme8hpeqvrv8huc?pid=RNGE8HPEZZNZQHGF,2016-01-01 19:37:22+00:00,Jewellery,Jewels5,49999.0,36341.0,,True,True,27.31654633092662,3522,310.0,1076.75,0.0,2226.875,45.99184871209651,High
d95c2685a866eefa4342c3b87996d582,RNGEAM4HZWFRZZZU,P.N.Gadgil Jewellers Gold Diamond 18K Yellow Gold 18 K Ring,http://www.flipkart.com/p-n-gadgil-jewellers-gold-diamond-18k-yellow-18-k-ring/p/itmeam4huwbfc5fh?pid=RNGEAM4HZWFRZZZU,2016-01-01 19:37:22+00:00,Jewellery,P.N.Gadgil Jewellers,49998.0,36246.0,,True,True,27.505100204008162,3522,310.0,1076.75,0.0,2226.875,45.867949135963485,High
75e63996bb7901fe2f5422c909c83149,RNGE88FQ5SDTSFY7,Karatcraft Robini Emerald Gold Diamond 18 K Ring,http://www.flipkart.com/karatcraft-robini-emerald-gold-diamond-18-k-ring/p/itme88fqhhgcegh9?pid=RNGE88FQ5SDTSFY7,2016-01-06 18:20:45+00:00,Jewellery,Karatcraft,43481.0,36234.0,,True,True,16.667049975851523,3522,310.0,1076.75,0.0,2226.875,45.85229866318878,High
88df24eac70e2b11645215e843cadad6,RNGEDAK8ZSUHWFU6,Radiant Bay Deluxe Solitaire White Gold Diamond 18 K Ring,http://www.flipkart.com/radiant-bay-deluxe-solitaire-white-gold-diamond-18-k-ring/p/itmedak8rhhkyurs?pid=RNGEDAK8ZSUHWFU6,2016-01-01 19:37:22+00:00,Jewellery,Radiant Bay,45254.0,36203.0,,True,True,20.000441949882884,3522,310.0,1076.75,0.0,2226.875,45.81186827518748,High
0668aafb46a5eec926760a61dbc3d289,RNGE9HDZZMRTSGWR,BlueStone The Reverent Luxury White Gold Diamond 18 K Ring,http://www.flipkart.com/bluestone-reverent-luxury-white-gold-diamond-18-k-ring/p/itme9hdzkgkwvb3j?pid=RNGE9HDZZMRTSGWR,2016-01-01 19:37:22+00:00,Jewellery,BlueStone,47406.0,36054.0,,True,True,23.946335906847235,3522,310.0,1076.75,0.0,2226.875,45.61754157156831,High
9fdfdb126f83fcb1d3ca56e7ef44ce56,RNGE88Q9VZYCC8VT,Karatcraft Trimaya Eternity Gold Diamond 18 K Ring,http://www.flipkart.com/karatcraft-trimaya-eternity-gold-diamond-18-k-ring/p/itme88q9ngpzgwnm?pid=RNGE88Q9VZYCC8VT,2016-01-01 19:37:22+00:00,Jewellery,Karatcraft,49999.0,35995.0,,True,True,28.008560171203424,3522,310.0,1076.75,0.0,2226.875,45.540593413759375,High
838754c839b75141e412f60b164b9daa,RNGE864HZTFFKAAB,Karatcraft Donna Gold Diamond 18 K Ring,http://www.flipkart.com/karatcraft-donna-gold-diamond-18-k-ring/p/itme7t8fjsggrqbm?pid=RNGE864HZTFFKAAB,2016-01-01 19:37:22+00:00,Jewellery,Karatcraft,49999.0,35965.0,,True,True,28.068561371227425,3522,310.0,1076.75,0.0,2226.875,45.50146723182263,High
b1def5f3c12473292ff287727fa974e3,RNGE3JRMX6YUMJVG,"Ratnam Gold Ruby, Diamond 14 K Ring",http://www.flipkart.com/ratnam-gold-ruby-diamond-14-k-ring/p/itme3jrmcj3duvz4?pid=RNGE3JRMX6YUMJVG,2016-01-01 19:37:22+00:00,Jewellery,Ratnam,43000.0,35850.0,,True,True,16.627906976744185,3522,310.0,1076.75,0.0,2226.875,45.35148353439843,High
3bd69d2d746d4fd413585c23f8679b70,RNGEDAPWZ4YEEZHT,Radiant Bay Black Bejewel Yellow Gold Diamond 18 K Ring,http://www.flipkart.com/radiant-bay-black-bejewel-yellow-gold-diamond-18-k-ring/p/itmedapwre2zz5sq?pid=RNGEDAPWZ4YEEZHT,2016-01-01 19:37:22+00:00,Jewellery,Radiant Bay,44632.0,35706.0,,True,True,19.999103782039793,3522,310.0,1076.75,0.0,2226.875,45.16367786110205,High
3e400027ddcac20b1183f128b1cfc0d4,RNGE86J7FRTSQWCR,Karatcraft Sima Gold Diamond 18 K Ring,http://www.flipkart.com/karatcraft-sima-gold-diamond-18-k-ring/p/itme7t8fh9bzrbmm?pid=RNGE86J7FRTSQWCR,2016-01-06 18:20:45+00:00,Jewellery,Karatcraft,49999.0,35698.0,,True,True,28.60257205144103,3522,310.0,1076.75,0.0,2226.875,45.15324421258559,High
bbb508ae9c22c59ab7ffadb32d2269ee,RNGDQSVDUZFH8J5P,"BlueStone The Bougainvillea White Gold Sapphire, Diamond 18 K Ring",http://www.flipkart.com/bluestone-bougainvillea-white-gold-sapphire-diamond-18-k-ring/p/itmdqsvdvagr6cjz?pid=RNGDQSVDUZFH8J5P,2016-01-01 19:37:22+00:00,Jewellery,BlueStone,44504.0,35529.0,,True,True,20.16672658637426,3522,310.0,1076.75,0.0,2226.875,44.93283338767525,High
4b1cb66be5bed6d08b2916dc765dd0d7,RNGDQSVDZNZSHQWW,BlueStone The Mokya White Gold Diamond 18 K Ring,http://www.flipkart.com/bluestone-mokya-white-gold-diamond-18-k-ring/p/itmdqsveywgqjzpg?pid=RNGDQSVDZNZSHQWW,2016-01-01 19:37:22+00:00,Jewellery,BlueStone,49613.0,35465.0,,True,True,28.51671940821962,3522,310.0,1076.75,0.0,2226.875,44.84936419954353,High
b2648a96981b54312350c38513be23ab,RNGDX7QYT8YF7NE3,Shashvat Jewels Yellow Gold Diamond 14 K Ring,http://www.flipkart.com/shashvat-jewels-yellow-gold-diamond-14-k-ring/p/itmdx7qygw3hp76k?pid=RNGDX7QYT8YF7NE3,2016-01-01 19:37:22+00:00,Jewellery,Shashvat Jewels,44770.0,35369.0,,True,True,20.998436452981906,3522,310.0,1076.75,0.0,2226.875,44.72416041734594,High
b7575403e9a2770f4e47963da58fb278,RNGEDAKAYYUNYW9P,Radiant Bay Drizzle White Gold Diamond 14 K Ring,http://www.flipkart.com/radiant-bay-drizzle-white-gold-diamond-14-k-ring/p/itmedakarjyhcysz?pid=RNGEDAKAYYUNYW9P,2016-01-01 19:37:22+00:00,Jewellery,Radiant Bay,44187.0,35350.0,,True,True,19.99909475637631,3522,310.0,1076.75,0.0,2226.875,44.69938050211933,High
9db77d1a51316d154c6fccc5e91bf6ac,RNGE3ZDGYRHXPB7B,Ratnam Desire Forever Gold Diamond Yellow Gold 18 K Ring,http://www.flipkart.com/ratnam-desire-forever-gold-diamond-yellow-18-k-ring/p/itme3zdgvufm5bgh?pid=RNGE3ZDGYRHXPB7B,2016-01-01 19:37:22+00:00,Jewellery,Ratnam,42300.0,35300.0,,True,True,16.548463356973997,3522,310.0,1076.75,0.0,2226.875,44.634170198891425,High
d6f935498e3466f7c18c114f1f2dc73b,RNGDX7QKWZGJMZFG,Shashvat Jewels Yellow Gold Diamond 14 K Ring,http://www.flipkart.com/shashvat-jewels-yellow-gold-diamond-14-k-ring/p/itmdx7qkcjac8hmx?pid=RNGDX7QKWZGJMZFG,2016-01-01 19:37:22+00:00,Jewellery,Shashvat Jewels,44551.0,35196.0,,True,True,20.99840632084577,3522,310.0,1076.75,0.0,2226.875,44.49853276817737,High
23362e93d30039a390bcedca7f7cc279,RNGE8VY8UJCGNCCW,Sakshi Jewels Tenera Gold Diamond Yellow Gold 18 K Ring,http://www.flipkart.com/sakshi-jewels-tenera-gold-diamond-yellow-18-k-ring/p/itme6w34p4xgwbhz?pid=RNGE8VY8UJCGNCCW,2016-01-01 19:37:22+00:00,Jewellery,Sakshi Jewels,39346.0,35180.0,,True,True,10.588115691556956,3522,310.0,1076.75,0.0,2226.875,44.47766547114444,High
7d56bc14b5f86b991e75837d8a755019,RNGEDAPYZTBSDZWH,Radiant Bay Square Weave White Gold Diamond 18 K Ring,http://www.flipkart.com/radiant-bay-square-weave-white-gold-diamond-18-k-ring/p/itmedapyq9eyahut?pid=RNGEDAPYZTBSDZWH,2016-01-01 19:37:22+00:00,Jewellery,Radiant Bay,43938.0,35150.0,,True,True,20.000910373708408,3522,310.0,1076.75,0.0,2226.875,44.4385392892077,High
7a182c5c116db5b4276361b3402d7dc8,RNGE87FCHF9VVZPN,Karatcraft Om Gold Diamond 18 K Ring,http://www.flipkart.com/karatcraft-om-gold-diamond-18-k-ring/p/itme87fc6gadwq3q?pid=RNGE87FCHF9VVZPN,2016-01-06 18:20:45+00:00,Jewellery,Karatcraft,42068.0,35056.0,,True,True,16.668251402491205,3522,310.0,1076.75,0.0,2226.875,44.31594391913922,High
c7d61ca4612cf25967ef11387b4348b1,RNGE87FCSVHHR2SQ,Karatcraft Trilic Gold Diamond 18 K Ring,http://www.flipkart.com/karatcraft-trilic-gold-diamond-18-k-ring/p/itme87fcfefhrq5a?pid=RNGE87FCSVHHR2SQ,2016-01-01 19:37:22+00:00,Jewellery,Karatcraft,49999.0,34949.0,,True,True,30.10060201204024,3522,310.0,1076.75,0.0,2226.875,44.17639387023149,High
e89578fae9f23227f9e122ca8b076597,RNGE9HDFY49RXJSZ,"BlueStone The Epitome Luxuriate Yellow Gold Diamond, Emerald 18 K Ring",http://www.flipkart.com/bluestone-epitome-luxuriate-yellow-gold-diamond-emerald-18-k-ring/p/itme9hdfjnhgn86h?pid=RNGE9HDFY49RXJSZ,2016-01-01 19:37:22+00:00,Jewellery,BlueStone,49466.0,34900.0,,True,True,29.446488497149556,3522,310.0,1076.75,0.0,2226.875,44.112487773068146,High
0b25129f3bbc6d72a298f5875fbe0add,RNGEE967PKGJTK9R,LinkedInLove White Gold Diamond White Gold 18 K Ring,http://www.flipkart.com/linkedinlove-white-gold-diamond-18-k-ring/p/itmee967rc8mtqy3?pid=RNGEE967PKGJTK9R,2016-01-01 19:37:22+00:00,Jewellery,LinkedInLove,49845.0,34891.0,,True,True,30.001003109639882,3522,310.0,1076.75,0.0,2226.875,44.10074991848712,High
961e51f41052ad102817b7cc4733d7c7,RNGE864H577QBP3D,Karatcraft Trimaya Eternity Gold Diamond 18 K Ring,http://www.flipkart.com/karatcraft-trimaya-eternity-gold-diamond-18-k-ring/p/itme7t8fvdzjhfsy?pid=RNGE864H577QBP3D,2016-01-01 19:37:22+00:00,Jewellery,Karatcraft,49999.0,34859.0,,True,True,30.280605612112243,3522,310.0,1076.75,0.0,2226.875,44.05901532442126,High
4b3420256b31fe7aaa8c61e8eedd8578,RNGE9HDZZTEBFGG6,"BlueStone The Emperor Yellow Gold Diamond, Ruby 18 K Ring",http://www.flipkart.com/bluestone-emperor-yellow-gold-diamond-ruby-18-k-ring/p/itme9hdz92tzu5fm?pid=RNGE9HDZZTEBFGG6,2016-01-01 19:37:22+00:00,Jewellery,BlueStone,44659.0,34835.0,,True,True,21.997805593497393,3522,310.0,1076.75,0.0,2226.875,44.02771437887186,High
092e7fcbda939af8c952b8021dff06c4,RNGE88FRT2HSPKEC,Karatcraft Trilic Gold Diamond 18 K Ring,http://www.flipkart.com/karatcraft-trilic-gold-diamond-18-k-ring/p/itme88frabbzv9a4?pid=RNGE88FRT2HSPKEC,2016-01-01 19:37:22+00:00,Jewellery,Karatcraft,49999.0,34817.0,,True,True,30.36460729214584,3522,310.0,1076.75,0.0,2226.875,44.004238669709814,High
03bfa8808ea158d15feee260422e809e,RNGE82XPT3HRHBA2,"Rakam Gold Emerald, Diamond 18 K Ring",http://www.flipkart.com/rakam-gold-emerald-diamond-18-k-ring/p/itme82xpxp5cuvev?pid=RNGE82XPT3HRHBA2,2016-01-01 19:37:22+00:00,Jewellery,Rakam,40999.0,34799.0,,True,True,15.122320056586746,3522,310.0,1076.75,0.0,2226.875,43.980762960547764,High
31d85f3202b57c9aaa9c9ddb309f9879,RNGDW2PZZXFUTYHW,Shashvat Jewels The Stripe Solitaire Gold Diamond 18 K Ring,http://www.flipkart.com/shashvat-jewels-stripe-solitaire-gold-diamond-18-k-ring/p/itmdw2pzbtvafztp?pid=RNGDW2PZZXFUTYHW,2016-01-01 19:37:22+00:00,Jewellery,Shashvat Jewels,43996.0,34757.0,,True,True,20.999636330575505,3522,310.0,1076.75,0.0,2226.875,43.925986305836325,High
df24d7425e730c2218b2d46ed03eb0c7,RNGDQSVDYHVBTPCY,BlueStone The Diva White Gold Diamond 18 K Ring,http://www.flipkart.com/bluestone-diva-white-gold-diamond-18-k-ring/p/itmdqsvdshfmgguy?pid=RNGDQSVDYHVBTPCY,2016-01-01 19:37:22+00:00,Jewellery,BlueStone,46555.0,34715.0,,True,True,25.432284394801847,3522,310.0,1076.75,0.0,2226.875,43.87120965112488,High
b73a7851ecee7d9ba734422d432391e9,RNGE88Q9TECBEFMV,Karatcraft Triniya Promise Gold Diamond 18 K Ring,http://www.flipkart.com/karatcraft-triniya-promise-gold-diamond-18-k-ring/p/itme88q9ugcjpyav?pid=RNGE88Q9TECBEFMV,2016-01-01 19:37:22+00:00,Jewellery,Karatcraft,48550.0,34661.0,,True,True,28.607621009268794,3522,310.0,1076.75,0.0,2226.875,43.80078252363874,High
97cd382446457868c16bcd0d0464998b,RNGEDAPTYHEUYHGH,Radiant Bay Solitaire Charmer Yellow Gold Diamond 18 K Ring,http://www.flipkart.com/radiant-bay-solitaire-charmer-yellow-gold-diamond-18-k-ring/p/itmedapszphbntgc?pid=RNGEDAPTYHEUYHGH,2016-01-01 19:37:22+00:00,Jewellery,Radiant Bay,43321.0,34657.0,,True,True,19.999538330140116,3522,310.0,1076.75,0.0,2226.875,43.795565699380504,High
4e45f6b29fecf1e4f8c07fad3b574be8,RNGE9HCZUV6JYUFH,"BlueStone The Excellence Yellow Gold Sapphire, Diamond 18 K Ring",http://www.flipkart.com/bluestone-excellence-yellow-gold-sapphire-diamond-18-k-ring/p/itme9hcy8ngwfyzv?pid=RNGE9HCZUV6JYUFH,2016-01-01 19:37:22+00:00,Jewellery,BlueStone,46670.0,34536.0,,True,True,25.999571459181485,3522,310.0,1076.75,0.0,2226.875,43.63775676556896,High
d12d2dbbf6e035900608fe4a884b066a,RNGEFKBYME7B3AVK,Caratcents White Gold 14 K Ring,http://www.flipkart.com/caratcents-white-gold-14-k-ring/p/itmefkby4stz6fh5?pid=RNGEFKBYME7B3AVK,2016-01-01 19:37:22+00:00,Jewellery,Caratcents,46036.0,34527.0,,True,True,25.0,3522,310.0,1076.75,0.0,2226.875,43.62601891098794,High
5fdd3391ae81b6d53f97c2c0a4e99810,RNGDXXB6JWHTECV2,Caratcents Gold Diamond Yellow Gold 18 K Ring,http://www.flipkart.com/caratcents-gold-diamond-yellow-18-k-ring/p/itmdxxb6jpmkzgwm?pid=RNGDXXB6JWHTECV2,2016-01-01 19:37:22+00:00,Jewellery,Caratcents,49930.0,34452.0,,True,True,30.999399158822353,3522,310.0,1076.75,0.0,2226.875,43.52820345614607,High
0b8a9e45839e651c7af37af6a70f0829,RNGEDAPVY3KEGBXN,Radiant Bay Charismatic White Gold Diamond 14 K Ring,http://www.flipkart.com/radiant-bay-charismatic-white-gold-diamond-14-k-ring/p/itmedapvnrq6h9fk?pid=RNGEDAPVY3KEGBXN,2016-01-01 19:37:22+00:00,Jewellery,Radiant Bay,42928.0,34342.0,,True,True,20.00093179276929,3522,310.0,1076.75,0.0,2226.875,43.38474078904467,High
c52f7cb1ab6b5d01895e1f01b859a15f,RNGEDAPVYPD89ZHW,Radiant Bay Charismatic Yellow Gold Diamond 14 K Ring,http://www.flipkart.com/radiant-bay-charismatic-yellow-gold-diamond-14-k-ring/p/itmedapvjmjsywvn?pid=RNGEDAPVYPD89ZHW,2016-01-01 19:37:22+00:00,Jewellery,Radiant Bay,42928.0,34342.0,,True,True,20.00093179276929,3522,310.0,1076.75,0.0,2226.875,43.38474078904467,High
b9a753abc32e2eb9252507174b01de27,RNGE864HRSHWNANE,Karatcraft Triniya Promise Gold Diamond 18 K Ring,http://www.flipkart.com/karatcraft-triniya-promise-gold-diamond-18-k-ring/p/itme7t8fegkapukv?pid=RNGE864HRSHWNANE,2016-01-06 18:20:45+00:00,Jewellery,Karatcraft,49999.0,34221.0,,True,True,31.556631132622652,3522,310.0,1076.75,0.0,2226.875,43.226931855233126,High
aba6e9b407cabc228022360bd9ce0626,RNGE8NX4ZYPPBSFH,Jewels5 Petra Gold Diamond 18 K Ring,http://www.flipkart.com/jewels5-petra-gold-diamond-18-k-ring/p/itme8nx38tan6jhg?pid=RNGE8NX4ZYPPBSFH,2016-01-01 19:37:22+00:00,Jewellery,Jewels5,48557.0,34166.0,,True,True,29.637333443169883,3522,310.0,1076.75,0.0,2226.875,43.155200521682424,High
2e155d006171092d4ce22aeb280e5d4b,RNGE8TFNT6ZKTGT4,Jewels5 Jaelyn Yellow Gold Diamond 18 K Ring,http://www.flipkart.com/jewels5-jaelyn-yellow-gold-diamond-18-k-ring/p/itme8tfng5pzusj7?pid=RNGE8TFNT6ZKTGT4,2016-01-01 19:37:22+00:00,Jewellery,Jewels5,48494.0,34124.0,,True,True,29.632531859611497,3522,310.0,1076.75,0.0,2226.875,43.100423866970985,High
d267f7af81aadac6d1c0d6d39feb5a01,RNGE864HHVXYHTCS,Karatcraft Donna Gold Diamond 18 K Ring,http://www.flipkart.com/karatcraft-donna-gold-diamond-18-k-ring/p/itme7t8fjsggrqbm?pid=RNGE864HHVXYHTCS,2016-01-06 18:20:45+00:00,Jewellery,Karatcraft,49542.0,34110.0,,True,True,31.14932784304227,3522,310.0,1076.75,0.0,2226.875,43.08216498206717,High
0cbb6eaaff67a5bad1c318cf07e08b33,RNGEBQZRZFGBJAQM,BlueStone Heavenly Sunflower Yellow Gold Diamond 18 K Ring,http://www.flipkart.com/bluestone-heavenly-sunflower-yellow-gold-diamond-18-k-ring/p/itmebqzqvbahvpc6?pid=RNGEBQZRZFGBJAQM,2016-01-01 19:37:22+00:00,Jewellery,BlueStone,43694.0,34083.0,,True,True,21.99615507850048,3522,310.0,1076.75,0.0,2226.875,43.04695141832409,High
8f4a3deb4707bb5075afe3fda6e9aeeb,RNGEDAPSZVD6ESQH,Radiant Bay Sublime Stunner White Gold Diamond 18 K Ring,http://www.flipkart.com/radiant-bay-sublime-stunner-white-gold-diamond-18-k-ring/p/itmedapsgcz4xqfe?pid=RNGEDAPSZVD6ESQH,2016-01-01 19:37:22+00:00,Jewellery,Radiant Bay,42541.0,34033.0,,True,True,19.99952986530641,3522,310.0,1076.75,0.0,2226.875,42.981741115096185,High
d2c4c4e0e19e1e9c6252536ff887035b,RNGEBTJCXWHKHXUY,WhiteGems Appealing Damtshaa Gold Diamond 18 K Ring,http://www.flipkart.com/whitegems-appealing-damtshaa-gold-diamond-18-k-ring/p/itmebtjb6bagfj6g?pid=RNGEBTJCXWHKHXUY,2016-01-01 19:37:22+00:00,Jewellery,WhiteGems,40360.0,33966.0,,True,True,15.842418235877107,3522,310.0,1076.75,0.0,2226.875,42.89435930877079,High
ca4d585f342930a1af670b1dbc7743ca,RNGEC8PZ84N2VVMV,Fullcutdiamond FCDR2455R Yellow Gold Diamond 18K Yellow Gold 18 K Ring,http://www.flipkart.com/fullcutdiamond-fcdr2455r-yellow-gold-diamond-18k-18-k-ring/p/itmec8pmrmuh9ysq?pid=RNGEC8PZ84N2VVMV,2016-01-01 19:37:22+00:00,Jewellery,Fullcutdiamond,48512.0,33959.0,,True,True,29.998763192612138,3522,310.0,1076.75,0.0,2226.875,42.88522986631888,High
61e46b31d700b03ab54d96280c8f867b,AFGEFJSNF4QCGMXZ,Sentinel Mak Furige Model 07,http://www.flipkart.com/sentinel-mak-furige-model-07/p/itmefjsntcpfgztg?pid=AFGEFJSNF4QCGMXZ,2016-03-03 06:06:42+00:00,Toys & School Supplies,Sentinel,19345.0,16443.0,,True,True,15.001292323597829,329,179.0,550.0,0.0,1106.5,42.83827493261455,High
f6fd22343fd54e63300f2e75de761465,RNGEDAK9ZHDQPFAZ,Radiant Bay Five Stone White Gold Diamond 18 K Ring,http://www.flipkart.com/radiant-bay-five-stone-white-gold-diamond-18-k-ring/p/itmedak9wk5jfara?pid=RNGEDAK9ZHDQPFAZ,2016-01-01 19:37:22+00:00,Jewellery,Radiant Bay,42400.0,33920.0,,True,True,20.0,3522,310.0,1076.75,0.0,2226.875,42.83436582980111,High
4e9f5af8fb2f688095dce93e1a38d2d4,RNGE2FAFY5B8ZUUA,"Rakam Gold Ruby, Diamond Yellow Gold 18 K Ring",http://www.flipkart.com/rakam-gold-ruby-diamond-yellow-18-k-ring/p/itme2faeh8kfruhf?pid=RNGE2FAFY5B8ZUUA,2016-01-01 19:37:22+00:00,Jewellery,Rakam,39875.0,33893.0,,True,True,15.001880877742947,3522,310.0,1076.75,0.0,2226.875,42.79915226605804,High
c13ef7492469893eb8261b7cdff74b99,RNGEC8PZSUGEEFUM,Fullcutdiamond FCDR7166R Yellow Gold Diamond 18K Yellow Gold 18 K Ring,http://www.flipkart.com/fullcutdiamond-fcdr7166r-yellow-gold-diamond-18k-18-k-ring/p/itmec8pmv4cvzc8v?pid=RNGEC8PZSUGEEFUM,2016-01-01 19:37:22+00:00,Jewellery,Fullcutdiamond,48375.0,33863.0,,True,True,29.998966408268736,3522,310.0,1076.75,0.0,2226.875,42.76002608412129,High
65fa2e4b22f082aa758cfc7c70001d43,RNGDQSVDZBS5XTYZ,"BlueStone The Andante White Gold Diamond, Amethyst 18 K Ring",http://www.flipkart.com/bluestone-andante-white-gold-diamond-amethyst-18-k-ring/p/itmdqsvedh9ekgyy?pid=RNGDQSVDZBS5XTYZ,2016-01-01 19:37:22+00:00,Jewellery,BlueStone,45835.0,33852.0,,True,True,26.143776589942185,3522,310.0,1076.75,0.0,2226.875,42.74567981741115,High
0cf35c5ea5c965bb574a9ed9b6856e41,RNGE9HEYZZVS5CMP,BlueStone The Masterstroke White Gold Diamond 14 K Ring,http://www.flipkart.com/bluestone-masterstroke-white-gold-diamond-14-k-ring/p/itme9heypq6aerpc?pid=RNGE9HEYZZVS5CMP,2016-01-01 19:37:22+00:00,Jewellery,BlueStone,45563.0,33763.0,,True,True,25.898206878388166,3522,310.0,1076.75,0.0,2226.875,42.62960547766547,High
9d9bd8488bf09dc468ecf58f7caeeaf0,RNGE88FRA9DMA4UZ,Karatcraft Trilic Gold Diamond 18 K Ring,http://www.flipkart.com/karatcraft-trilic-gold-diamond-18-k-ring/p/itme88frabbzv9a4?pid=RNGE88FRA9DMA4UZ,2016-01-06 18:20:45+00:00,Jewellery,Karatcraft,49999.0,33761.0,,True,True,32.47664953299066,3522,310.0,1076.75,0.0,2226.875,42.62699706553636,High
14541dd2c572103ba7a8f1b6a45a9917,SHIEBZY34GZUFZQX,Diviniti MDF Color religious wall hanging Size 4.5 Mahaveer Showpiece  -  62.5 cm,http://www.flipkart.com/diviniti-mdf-color-religious-wall-hanging-size-4-5-mahaveer-showpiece-62-5-cm/p/itmebzy3pphmjqwh?pid=SHIEBZY34GZUFZQX,2016-01-04 00:20:04+00:00,Home Decor & Festive Needs,Diviniti,36320.0,36320.0,,True,True,0.0,927,426.5,1250.0,0.0,2485.25,42.58652094717669,High
61f38a08e8d1affb22245cdaa5c6cad0,RNGE89MS7RHQBHJA,Karatcraft Ailey Band Gold Diamond 18 K Ring,http://www.flipkart.com/karatcraft-ailey-band-gold-diamond-18-k-ring/p/itme89msvp96gnzc?pid=RNGE89MS7RHQBHJA,2016-01-06 18:20:45+00:00,Jewellery,Karatcraft,47049.0,33702.0,,True,True,28.36829688197411,3522,310.0,1076.75,0.0,2226.875,42.55004890772742,High
ec03c741b671699360292af03321a58f,RNGEC8PZZJWYDH6F,Fullcutdiamond FCDR5376R Yellow Gold Diamond 18K Yellow Gold 18 K Ring,http://www.flipkart.com/fullcutdiamond-fcdr5376r-yellow-gold-diamond-18k-18-k-ring/p/itmec8pm4xhggcjp?pid=RNGEC8PZZJWYDH6F,2016-01-01 19:37:22+00:00,Jewellery,Fullcutdiamond,48069.0,33649.0,,True,True,29.99854376001165,3522,310.0,1076.75,0.0,2226.875,42.480925986305834,High
9292d758951e0050b410bb51b03e721a,RNGE87FCF5VXWTKH,Karatcraft Robini Emerald Gold Diamond 18 K Ring,http://www.flipkart.com/karatcraft-robini-emerald-gold-diamond-18-k-ring/p/itme87fchz3hbhzz?pid=RNGE87FCF5VXWTKH,2016-01-06 18:20:45+00:00,Jewellery,Karatcraft,49999.0,33607.0,,True,True,32.78465569311386,3522,310.0,1076.75,0.0,2226.875,42.426149331594395,High
9b0d810f09ac335158d44ebb85c56a24,RNGE9HD9ZWPNFZGS,BlueStone The Ishaan Yellow Gold Diamond 18 K Ring,http://www.flipkart.com/bluestone-ishaan-yellow-gold-diamond-18-k-ring/p/itme9hd9jw7grph4?pid=RNGE9HD9ZWPNFZGS,2016-01-01 19:37:22+00:00,Jewellery,BlueStone,47372.0,33575.0,,True,True,29.124799459596385,3522,310.0,1076.75,0.0,2226.875,42.38441473752853,High
01638233a797575d55c23fc4300ac076,RNGEDAPVZZFRZH2W,Radiant Bay Three Layer White Gold Diamond 18 K Ring,http://www.flipkart.com/radiant-bay-three-layer-white-gold-diamond-18-k-ring/p/itmedapvyvryghzt?pid=RNGEDAPVZZFRZH2W,2016-01-01 19:37:22+00:00,Jewellery,Radiant Bay,41947.0,33558.0,,True,True,19.999046415715068,3522,310.0,1076.75,0.0,2226.875,42.36224323443104,High
50a2a5bc65052476c7ef9a2203b7da37,RNGEDAKFUNSZQXS3,Radiant Bay Flawless Five White Gold Diamond 14 K Ring,http://www.flipkart.com/radiant-bay-flawless-five-white-gold-diamond-14-k-ring/p/itmedakehbbj7e6q?pid=RNGEDAKFUNSZQXS3,2016-01-01 19:37:22+00:00,Jewellery,Radiant Bay,41945.0,33556.0,,True,True,20.0,3522,310.0,1076.75,0.0,2226.875,42.35963482230192,High
6ae1c64b28ae8298bb155068232b3c12,RNGE87FCKGMNGHXP,Karatcraft Klytie Gold Diamond 18 K Ring,http://www.flipkart.com/karatcraft-klytie-gold-diamond-18-k-ring/p/itme87fca9ahazbs?pid=RNGE87FCKGMNGHXP,2016-01-06 18:20:45+00:00,Jewellery,Karatcraft,49999.0,33519.0,,True,True,32.960659213184265,3522,310.0,1076.75,0.0,2226.875,42.31137919791327,High
e34ac22fde889576b51c7898ec843567,RNGEBQZRSFJHG9UA,BlueStone Break Free Yellow Gold Diamond 18 K Ring,http://www.flipkart.com/bluestone-break-free-yellow-gold-diamond-18-k-ring/p/itmebqzq5gnuhafh?pid=RNGEBQZRSFJHG9UA,2016-01-01 19:37:22+00:00,Jewellery,BlueStone,44297.0,33441.0,,True,True,24.50730297762828,3522,310.0,1076.75,0.0,2226.875,42.20965112487773,High
d87883be693ccb5360c8aa2d43dfea93,RNGDQSVDYXGDEXMH,BlueStone The Isabel White Gold Diamond 18 K Ring,http://www.flipkart.com/bluestone-isabel-white-gold-diamond-18-k-ring/p/itmdqsverwjufzyt?pid=RNGDQSVDYXGDEXMH,2016-01-01 19:37:22+00:00,Jewellery,BlueStone,47261.0,33409.0,,True,True,29.30957872241383,3522,310.0,1076.75,0.0,2226.875,42.167916530811866,High
50b8ee80d2fa2bab09b3d620f39fcb37,RNGEYCJTKYZWR4GK,Caratcents Gold Yellow Gold 14 K Ring,http://www.flipkart.com/caratcents-gold-yellow-14-k-ring/p/itmeycjtztejabnq?pid=RNGEYCJTKYZWR4GK,2016-01-01 19:37:22+00:00,Jewellery,Caratcents,48413.0,33405.0,,True,True,30.999938033172906,3522,310.0,1076.75,0.0,2226.875,42.16269970655364,High
f19d40c972097cd5a1b7bd489ca09edc,RNGEC8PZT4QTX8HF,Fullcutdiamond FCDR8261R Yellow Gold Diamond 18K Yellow Gold 18 K Ring,http://www.flipkart.com/fullcutdiamond-fcdr8261r-yellow-gold-diamond-18k-18-k-ring/p/itmec8pmjznvrjv7?pid=RNGEC8PZT4QTX8HF,2016-01-01 19:37:22+00:00,Jewellery,Fullcutdiamond,47704.0,33393.0,,True,True,29.999580747945664,3522,310.0,1076.75,0.0,2226.875,42.14704923377894,High
55f8b781897da84500b3836954841f93,RNGE4EZ4ZZVZMKNU,Diti Jewellery Platinum Ring,http://www.flipkart.com/diti-jewellery-platinum-ring/p/itme4ez4d5vhqfgg?pid=RNGE4EZ4ZZVZMKNU,2016-01-01 19:37:22+00:00,Jewellery,Diti Jewellery,44500.0,33375.0,,True,True,25.0,3522,310.0,1076.75,0.0,2226.875,42.12357352461689,High
788692d013c9c4eeb6a68ac204dfd7c2,RNGEC8PZH2YPMMAJ,Fullcutdiamond FCDR806R White Gold Diamond 18K White Gold 18 K Ring,http://www.flipkart.com/fullcutdiamond-fcdr806r-white-gold-diamond-18k-18-k-ring/p/itmec8pmyzfb7dzr?pid=RNGEC8PZH2YPMMAJ,2016-01-01 19:37:22+00:00,Jewellery,Fullcutdiamond,47673.0,33372.0,,True,True,29.998112138946574,3522,310.0,1076.75,0.0,2226.875,42.11966090642321,High
3aef5345e56c9a9543242b0af9c6eeae,RNGEC8PNXPRY8GKR,Fullcutdiamond FCDR6801R Yellow Gold Diamond 18K Yellow Gold 18 K Ring,http://www.flipkart.com/fullcutdiamond-fcdr6801r-yellow-gold-diamond-18k-18-k-ring/p/itmec8pmxpzzeyth?pid=RNGEC8PNXPRY8GKR,2016-01-01 19:37:22+00:00,Jewellery,Fullcutdiamond,47645.0,33352.0,,True,True,29.998950571938295,3522,310.0,1076.75,0.0,2226.875,42.09357678513205,High
8789f97a5a7fb9b68b0035af6521c22e,RNGEDAKAXZ9YJJGC,Radiant Bay Vogue Twist White Gold Diamond 14 K Ring,http://www.flipkart.com/radiant-bay-vogue-twist-white-gold-diamond-14-k-ring/p/itmedaka3etzappn?pid=RNGEDAKAXZ9YJJGC,2016-01-01 19:37:22+00:00,Jewellery,Radiant Bay,41673.0,33338.0,,True,True,20.000959854102177,3522,310.0,1076.75,0.0,2226.875,42.075317900228235,High
9b54a3ceb6e05a2147bc62b4f6ae005d,RNGE88Q9JGCHZRAZ,Karatcraft Citra Engagement Gold Diamond 18 K Ring,http://www.flipkart.com/karatcraft-citra-engagement-gold-diamond-18-k-ring/p/itme88q9wd2htwsp?pid=RNGE88Q9JGCHZRAZ,2016-01-06 18:20:45+00:00,Jewellery,Karatcraft,46772.0,33298.0,,True,True,28.80783374668605,3522,310.0,1076.75,0.0,2226.875,42.02314965764591,High
268b579de32142849447bd448d13319a,BBAEDUQN27S2S8KW,"Love Bright Jewelry Sterling Silver Cubic Zirconia, Sapphire Rhodium Bracelet",http://www.flipkart.com/love-bright-jewelry-sterling-silver-cubic-zirconia-sapphire-rhodium-bracelet/p/itmeduqnrwhgsf4q?pid=BBAEDUQN27S2S8KW,2015-12-29 05:07:38+00:00,Jewellery,Love Bright Jewelry,49999.0,33284.0,,True,True,33.43066861337227,3522,310.0,1076.75,0.0,2226.875,42.004890772742094,High
e690a1ebc6d27671ae1b11bb6e9d8144,RNGE5SPMSKUXBJBH,Voylla Precious Plain Yellow Gold Diamond Yellow Gold 14 K Ring,http://www.flipkart.com/voylla-precious-plain-yellow-gold-diamond-14-k-ring/p/itme5spm8xcvmad8?pid=RNGE5SPMSKUXBJBH,2016-01-01 19:37:22+00:00,Jewellery,Voylla,41899.0,33259.0,,True,True,20.621017208047924,3522,310.0,1076.75,0.0,2226.875,41.97228562112814,High
543226ea351b966a4156c94b79b71534,RNGDQ5GGZ3RXUZHN,BlueStone The Cyprian Trinity Gold Diamond 18 K Ring,http://www.flipkart.com/bluestone-cyprian-trinity-gold-diamond-18-k-ring/p/itmdq5gggjayehxe?pid=RNGDQ5GGZ3RXUZHN,2016-01-01 19:37:22+00:00,Jewellery,BlueStone,46536.0,33151.0,,True,True,28.762678356541173,3522,310.0,1076.75,0.0,2226.875,41.831431366155854,High
62cf9b2882b4a5bfc045de7e268a953b,RNGE88Q9YGUFFQCF,Karatcraft Clariz Gold Diamond 18 K Ring,http://www.flipkart.com/karatcraft-clariz-gold-diamond-18-k-ring/p/itme88q9rtfkes6j?pid=RNGE88Q9YGUFFQCF,2016-01-01 19:37:22+00:00,Jewellery,Karatcraft,46452.0,33106.0,,True,True,28.730732799448894,3522,310.0,1076.75,0.0,2226.875,41.772742093250734,High
21c7c572c40a81dd2326faf4d2b582c3,RNGEDAPVYYKEC48G,Radiant Bay Charismatic White Gold Diamond 18 K Ring,http://www.flipkart.com/radiant-bay-charismatic-white-gold-diamond-18-k-ring/p/itmedapvndvgubgz?pid=RNGEDAPVYYKEC48G,2016-01-01 19:37:22+00:00,Jewellery,Radiant Bay,41347.0,33078.0,,True,True,19.99903257793794,3522,310.0,1076.75,0.0,2226.875,41.7362243234431,High
9b23640d8c6566803b4ecf09df6f8f32,RNGEDAPWZBXEHHFV,Radiant Bay Ripples White Gold Diamond 14 K Ring,http://www.flipkart.com/radiant-bay-ripples-white-gold-diamond-14-k-ring/p/itmedapwqzufy5fg?pid=RNGEDAPWZBXEHHFV,2016-01-01 19:37:22+00:00,Jewellery,Radiant Bay,41336.0,33069.0,,True,True,19.999516160247726,3522,310.0,1076.75,0.0,2226.875,41.72448646886208,High
1893542381bcda0b4f7739163c777f6d,RNGEA9ZXYUGC2ZHM,BlueStone The Myrah Yellow Gold Diamond 18 K Ring,http://www.flipkart.com/bluestone-myrah-yellow-gold-diamond-18-k-ring/p/itmea9zxycgrgqcj?pid=RNGEA9ZXYUGC2ZHM,2016-01-01 19:37:22+00:00,Jewellery,BlueStone,47536.0,33024.0,,True,True,30.528441602154157,3522,310.0,1076.75,0.0,2226.875,41.66579719595696,High
26b987f1c8db331ca54f11285f0e77de,RNGEDAKEKEPKF5WA,Radiant Bay Ribbon Ripples White Gold Diamond 18 K Ring,http://www.flipkart.com/radiant-bay-ribbon-ripples-white-gold-diamond-18-k-ring/p/itmedakdffccq9z9?pid=RNGEDAKEKEPKF5WA,2016-01-01 19:37:22+00:00,Jewellery,Radiant Bay,41259.0,33007.0,,True,True,20.0004847427228,3522,310.0,1076.75,0.0,2226.875,41.64362569285947,High
134d302b01c8a51ddac1f025bf7e743e,RNGEDAQ3YZH3WJHW,Radiant Bay Modish Yellow Gold Diamond 14 K Ring,http://www.flipkart.com/radiant-bay-modish-yellow-gold-diamond-14-k-ring/p/itmedaq3qgfjezhu?pid=RNGEDAQ3YZH3WJHW,2016-01-01 19:37:22+00:00,Jewellery,Radiant Bay,41224.0,32979.0,,True,True,20.000485154279062,3522,310.0,1076.75,0.0,2226.875,41.60710792305184,High
f3f092f640f006da8346819a4423e67d,RNGE864HPZG96WNH,Karatcraft Triniya Promise Gold Diamond 18 K Ring,http://www.flipkart.com/karatcraft-triniya-promise-gold-diamond-18-k-ring/p/itme7t8fegkapukv?pid=RNGE864HPZG96WNH,2016-01-06 18:20:45+00:00,Jewellery,Karatcraft,47822.0,32973.0,,True,True,31.05056250261386,3522,310.0,1076.75,0.0,2226.875,41.599282686664495,High
82797fe286fe898b52edabfa6d0711ee,RNGE2FAFQQ5WPRTH,"Rakam Gold Emerald, Diamond Yellow Gold 14 K Ring",http://www.flipkart.com/rakam-gold-emerald-diamond-yellow-14-k-ring/p/itme2faex9h8dtph?pid=RNGE2FAFQQ5WPRTH,2016-01-01 19:37:22+00:00,Jewellery,Rakam,38625.0,32831.0,,True,True,15.000647249190939,3522,310.0,1076.75,0.0,2226.875,41.41408542549723,High
f1b930765fec9b7807c08490f2c7e775,RNGE2FAFXEKNRDRH,Rakam Gold Diamond 18K White Gold 18 K Ring,http://www.flipkart.com/rakam-gold-diamond-18k-white-18-k-ring/p/itme2fae6bqcdhxm?pid=RNGE2FAFXEKNRDRH,2016-01-01 19:37:22+00:00,Jewellery,Rakam,38625.0,32831.0,,True,True,15.000647249190939,3522,310.0,1076.75,0.0,2226.875,41.41408542549723,High
16394fddb774342356b511a956dfa427,RNGE9HDCZQUDWGSK,BlueStone The Boulevard Yellow Gold Diamond 18 K Ring,http://www.flipkart.com/bluestone-boulevard-yellow-gold-diamond-18-k-ring/p/itme9hdbcq6euxfj?pid=RNGE9HDCZQUDWGSK,2016-01-01 19:37:22+00:00,Jewellery,BlueStone,45903.0,32812.0,,True,True,28.518833191730387,3522,310.0,1076.75,0.0,2226.875,41.389305510270624,High
0b9f9a432dc7aefbe70f3570d9275a44,RNGEDAPXZ89H9ZTR,Radiant Bay Studded Square White Gold Diamond 18 K Ring,http://www.flipkart.com/radiant-bay-studded-square-white-gold-diamond-18-k-ring/p/itmedapxwpvqym34?pid=RNGEDAPXZ89H9ZTR,2016-01-01 19:37:22+00:00,Jewellery,Radiant Bay,40983.0,32786.0,,True,True,20.000976014445015,3522,310.0,1076.75,0.0,2226.875,41.35539615259211,High
20ed50af927b08f5b0fb88d3611a08b8,RNGEC8PZGBCFQPKD,Fullcutdiamond FCDR1889R Yellow Gold Diamond 18K Yellow Gold 18 K Ring,http://www.flipkart.com/fullcutdiamond-fcdr1889r-yellow-gold-diamond-18k-18-k-ring/p/itmec8pmdg9s54w4?pid=RNGEC8PZGBCFQPKD,2016-01-01 19:37:22+00:00,Jewellery,Fullcutdiamond,46837.0,32786.0,,True,True,29.999786493584132,3522,310.0,1076.75,0.0,2226.875,41.35539615259211,High
e8da7ed51864437de84e5786899a11b1,RNGE9HEJZQCSMFFH,BlueStone The Adora White Gold Diamond 14 K Ring,http://www.flipkart.com/bluestone-adora-white-gold-diamond-14-k-ring/p/itme9hejzbpb92zq?pid=RNGE9HEJZQCSMFFH,2016-01-01 19:37:22+00:00,Jewellery,BlueStone,46956.0,32717.0,,True,True,30.324133231109975,3522,310.0,1076.75,0.0,2226.875,41.2654059341376,High
94a974b16723bf54dfae443cfafcf52f,RNGEC8PNXPFVNXFE,Fullcutdiamond FCDR8280R Yellow Gold Diamond 18K Yellow Gold 18 K Ring,http://www.flipkart.com/fullcutdiamond-fcdr8280r-yellow-gold-diamond-18k-18-k-ring/p/itmec8pmvwb5bzun?pid=RNGEC8PNXPFVNXFE,2016-01-01 19:37:22+00:00,Jewellery,Fullcutdiamond,46630.0,32641.0,,True,True,30.0,3522,310.0,1076.75,0.0,2226.875,41.16628627323117,High
e7f326b6b70cdc1584f2acc2014229eb,RNGEDF5HYMYZBJAG,Karatcraft Lilac Gold Diamond 18 K Ring,http://www.flipkart.com/karatcraft-lilac-gold-diamond-18-k-ring/p/itmedf5h9yg2cyq6?pid=RNGEDF5HYMYZBJAG,2016-01-01 19:37:22+00:00,Jewellery,Karatcraft,45696.0,32640.0,,True,True,28.571428571428573,3522,310.0,1076.75,0.0,2226.875,41.16498206716661,High
81101f9282bb59bb813db8908e411dd8,RNGEC8PZRKPETAAH,Fullcutdiamond FCDR7836R Yellow Gold Diamond 18K Yellow Gold 18 K Ring,http://www.flipkart.com/fullcutdiamond-fcdr7836r-yellow-gold-diamond-18k-18-k-ring/p/itmec8pzzqbhgxtq?pid=RNGEC8PZRKPETAAH,2016-01-01 19:37:22+00:00,Jewellery,Fullcutdiamond,46505.0,32554.0,,True,True,29.99892484679067,3522,310.0,1076.75,0.0,2226.875,41.052820345614606,High
c4deead2ba066229c5224b990cca5a28,RNGEYRXFZYKVWFGX,"Diti Jewellery Platinum, Gold 18 K Ring",http://www.flipkart.com/diti-jewellery-platinum-gold-18-k-ring/p/itme4udsf7wwhbzu?pid=RNGEYRXFZYKVWFGX,2016-01-01 19:37:22+00:00,Jewellery,Diti Jewellery,43400.0,32550.0,,True,True,25.0,3522,310.0,1076.75,0.0,2226.875,41.04760352135637,High
48141ffe7fd9a8c43a57a0b96768e75a,RNGE7M92DGUZZNZA,Karatcraft Petunia Set Yellow Gold Diamond 18 K Ring,http://www.flipkart.com/karatcraft-petunia-set-yellow-gold-diamond-18-k-ring/p/itme7m923fdymrxz?pid=RNGE7M92DGUZZNZA,2016-01-01 19:37:22+00:00,Jewellery,Karatcraft,42755.0,32400.0,,True,True,24.219389545082446,3522,310.0,1076.75,0.0,2226.875,40.85197261167264,High
de3d403f16cce22bb069bf8deda66b39,RNGE8NA4ZFHPQQEY,Jewels5 Helma Gold Diamond 18 K Ring,http://www.flipkart.com/jewels5-helma-gold-diamond-18-k-ring/p/itme8na4zfbzhnms?pid=RNGE8NA4ZFHPQQEY,2016-01-01 19:37:22+00:00,Jewellery,Jewels5,45896.0,32349.0,,True,True,29.516733484399513,3522,310.0,1076.75,0.0,2226.875,40.785458102380176,High
14a95d5f78d54d9481fc42c715a73046,RNGEBQZQGQVJZEHC,"BlueStone Sylvan Lattice Yellow Gold Diamond, Pearl 18 K Ring",http://www.flipkart.com/bluestone-sylvan-lattice-yellow-gold-diamond-pearl-18-k-ring/p/itmebqzqphhqsh4a?pid=RNGEBQZQGQVJZEHC,2016-01-06 18:20:45+00:00,Jewellery,BlueStone,38992.0,32255.0,,True,True,17.277903159622486,3522,310.0,1076.75,0.0,2226.875,40.66286273231171,High
195cd9ad18aded492b58555ae9946e85,RNGEDAK7ZJC7UEYZ,Radiant Bay Sparkling Bloom White Gold Diamond 14 K Ring,http://www.flipkart.com/radiant-bay-sparkling-bloom-white-gold-diamond-14-k-ring/p/itmedak7c2xc4bds?pid=RNGEDAK7ZJC7UEYZ,2016-01-01 19:37:22+00:00,Jewellery,Radiant Bay,40299.0,32239.0,,True,True,20.000496290230526,3522,310.0,1076.75,0.0,2226.875,40.64199543527877,High
e52492a2e7414d6929267740c0256c44,RNGEDF5GY2JGQHJP,Karatcraft Rikka Gold Diamond 18 K Ring,http://www.flipkart.com/karatcraft-rikka-gold-diamond-18-k-ring/p/itmedf5gfr6njgtz?pid=RNGEDF5GY2JGQHJP,2016-01-01 19:37:22+00:00,Jewellery,Karatcraft,45131.0,32236.0,,True,True,28.57237818794177,3522,310.0,1076.75,0.0,2226.875,40.6380828170851,High
4589507d42b4329f024e487cc85bf83b,RNGEDAK9ZT3JUERN,Radiant Bay Statusque Yellow Gold Diamond 18 K Ring,http://www.flipkart.com/radiant-bay-statusque-yellow-gold-diamond-18-k-ring/p/itmedak8hh42hmck?pid=RNGEDAK9ZT3JUERN,2016-01-01 19:37:22+00:00,Jewellery,Radiant Bay,40285.0,32228.0,,True,True,20.0,3522,310.0,1076.75,0.0,2226.875,40.62764916856863,High
2d3ef688c115d064fec8f84949a76b52,RNGEC9RHPFCGF43U,"BlueStone Priyala Ring Yellow Gold Diamond, Ruby 18 K Ring",http://www.flipkart.com/bluestone-priyala-ring-yellow-gold-diamond-ruby-18-k/p/itmec9reuxvfzhtm?pid=RNGEC9RHPFCGF43U,2016-01-01 19:37:22+00:00,Jewellery,BlueStone,41863.0,32225.0,,True,True,23.02271695769534,3522,310.0,1076.75,0.0,2226.875,40.62373655037496,High
dfb47df41acbbf9dd823648db2799256,RNGE9HDGZRVGZ9KW,BlueStone The Grand Master Yellow Gold Diamond 18 K Ring,http://www.flipkart.com/bluestone-grand-master-yellow-gold-diamond-18-k-ring/p/itme9hdgfemcgpxa?pid=RNGE9HDGZRVGZ9KW,2016-01-01 19:37:22+00:00,Jewellery,BlueStone,40234.0,32158.0,,True,True,20.07257543371278,3522,310.0,1076.75,0.0,2226.875,40.53635474404956,High
10bfdd805b42a689000362879785341a,RNGEC8PZZSVJF59G,Fullcutdiamond FCDR7203R Yellow Gold Diamond 18K Yellow Gold 18 K Ring,http://www.flipkart.com/fullcutdiamond-fcdr7203r-yellow-gold-diamond-18k-18-k-ring/p/itmec8pm5neqgjb2?pid=RNGEC8PZZSVJF59G,2016-01-01 19:37:22+00:00,Jewellery,Fullcutdiamond,45910.0,32137.0,,True,True,30.0,3522,310.0,1076.75,0.0,2226.875,40.50896641669384,High
834c57e3bb76608526039ee5a56e0b61,RNGE7M92ZXVXV2MG,Karatcraft Scalaria Yellow Gold Diamond 18 K Ring,http://www.flipkart.com/karatcraft-scalaria-yellow-gold-diamond-18-k-ring/p/itme7m92gqjysnhk?pid=RNGE7M92ZXVXV2MG,2016-01-01 19:37:22+00:00,Jewellery,Karatcraft,42601.0,32069.0,,True,True,24.72242435623577,3522,310.0,1076.75,0.0,2226.875,40.42028040430388,High
98319f750c7a6202300071dc4ca73fc6,RNGE7M92HHFJZZZM,Karatcraft Platzi Yellow Gold Diamond 18 K Ring,http://www.flipkart.com/karatcraft-platzi-yellow-gold-diamond-18-k-ring/p/itme7m92aq4vsvhe?pid=RNGE7M92HHFJZZZM,2016-01-01 19:37:22+00:00,Jewellery,Karatcraft,42271.0,32048.0,,True,True,24.18442904118663,3522,310.0,1076.75,0.0,2226.875,40.39289207694816,High
ae85d0f5ae7533b58911ff87d845a210,RNGEA9ZWUESYHZWU,BlueStone The Ema Yellow Gold Diamond 18 K Ring,http://www.flipkart.com/bluestone-ema-yellow-gold-diamond-18-k-ring/p/itmea9zwxy5hefac?pid=RNGEA9ZWUESYHZWU,2016-01-07 00:54:41+00:00,Jewellery,BlueStone,36004.0,32044.0,,True,True,10.99877791356516,3522,310.0,1076.75,0.0,2226.875,40.387675252689924,High
095bbc1a19b614751176a90ac95178c5,RNGEDAKBYRSHQZ7R,Radiant Bay Best of Halo for women White Gold Diamond 14 K Ring,http://www.flipkart.com/radiant-bay-best-halo-women-white-gold-diamond-14-k-ring/p/itmedakbdvccng8u?pid=RNGEDAKBYRSHQZ7R,2016-01-01 19:37:22+00:00,Jewellery,Radiant Bay,40022.0,32018.0,,True,True,19.999000549697666,3522,310.0,1076.75,0.0,2226.875,40.35376589501141,High
9b17715260f91aac0639d178fbd92149,RNGEDAKBWRX9KNCS,Radiant Bay Best of Halo for women Yellow Gold Diamond 14 K Ring,http://www.flipkart.com/radiant-bay-best-halo-women-yellow-gold-diamond-14-k-ring/p/itmedakbmqy499bh?pid=RNGEDAKBWRX9KNCS,2016-01-01 19:37:22+00:00,Jewellery,Radiant Bay,40022.0,32018.0,,True,True,19.999000549697666,3522,310.0,1076.75,0.0,2226.875,40.35376589501141,High
4df5b9cdffeb6fa8a3d835d1393632c5,RNGE8TQ9ZEJC2V8X,Jewels5 Shawnita Yellow Gold Diamond 18 K Ring,http://www.flipkart.com/jewels5-shawnita-yellow-gold-diamond-18-k-ring/p/itme8tq9emjgvwzs?pid=RNGE8TQ9ZEJC2V8X,2016-01-01 19:37:22+00:00,Jewellery,Jewels5,45288.0,31934.0,,True,True,29.48683978095743,3522,310.0,1076.75,0.0,2226.875,40.24421258558852,High
4ad224ea8bfd5a3544c57f70578469b4,RNGEDAKBYP2TW8ZH,Radiant Bay Plenteous White Gold Diamond 14 K Ring,http://www.flipkart.com/radiant-bay-plenteous-white-gold-diamond-14-k-ring/p/itmedakagguyqybz?pid=RNGEDAKBYP2TW8ZH,2016-01-01 19:37:22+00:00,Jewellery,Radiant Bay,39902.0,31922.0,,True,True,19.998997543982757,3522,310.0,1076.75,0.0,2226.875,40.228562112813826,High
3ab86f0ab20e20c77aaf2073ae8edc41,RNGE4VA2XMFE9HUG,Demira Jewels Special Diva Yellow Gold Diamond 14 K Ring,http://www.flipkart.com/demira-jewels-special-diva-yellow-gold-diamond-14-k-ring/p/itme4va2yqg5hjhs?pid=RNGE4VA2XMFE9HUG,2016-01-01 19:37:22+00:00,Jewellery,Demira Jewels,42554.0,31916.0,,True,True,24.998825022324574,3522,310.0,1076.75,0.0,2226.875,40.22073687642648,High
3090d31e0518900960763f27bdd6b4ac,RNGDQ5GGZMTFWKVH,BlueStone The Aureus Gold Diamond 18 K Ring,http://www.flipkart.com/bluestone-aureus-gold-diamond-18-k-ring/p/itmdq5ggy2pypsev?pid=RNGDQ5GGZMTFWKVH,2016-01-01 19:37:22+00:00,Jewellery,BlueStone,41039.0,31838.0,,True,True,22.420136942907966,3522,310.0,1076.75,0.0,2226.875,40.11900880339093,High
c145b296274b4d01bfe4fea62ae835fd,RNGEDAQ3ZF8FDFZF,Radiant Bay Modish Yellow Gold Diamond 14 K Ring,http://www.flipkart.com/radiant-bay-modish-yellow-gold-diamond-14-k-ring/p/itmedaq3deezcvy6?pid=RNGEDAQ3ZF8FDFZF,2016-01-01 19:37:22+00:00,Jewellery,Radiant Bay,39725.0,31780.0,,True,True,20.0,3522,310.0,1076.75,0.0,2226.875,40.04336485164656,High
c617ddb0072530194099acba75d6e47d,RNGEFJFFZMWTVUK2,Rakam Gold Diamond 18K White Gold 18 K Ring,http://www.flipkart.com/rakam-gold-diamond-18k-white-18-k-ring/p/itmefjffsqvwubvy?pid=RNGEFJFFZMWTVUK2,2016-01-01 19:37:22+00:00,Jewellery,Rakam,37375.0,31768.0,,True,True,15.002006688963212,3522,310.0,1076.75,0.0,2226.875,40.02771437887186,High
dfd51b543d8a54f5cf1984b4e84027d6,RNGEFKMJZV5FJ2EN,"Rakam Gold Ruby, Diamond Yellow Gold 18 K Ring",http://www.flipkart.com/rakam-gold-ruby-diamond-yellow-18-k-ring/p/itmefkmjgkxfpje2?pid=RNGEFKMJZV5FJ2EN,2016-01-01 19:37:22+00:00,Jewellery,Rakam,37375.0,31768.0,,True,True,15.002006688963212,3522,310.0,1076.75,0.0,2226.875,40.02771437887186,High
3016d7c81892e97184e1613cc15690b5,RNGE7M92TW2KUSEY,Karatcraft Cadena Yellow Gold Diamond 18 K Ring,http://www.flipkart.com/karatcraft-cadena-yellow-gold-diamond-18-k-ring/p/itme7m92hzxthfff?pid=RNGE7M92TW2KUSEY,2016-01-01 19:37:22+00:00,Jewellery,Karatcraft,41874.0,31760.0,,True,True,24.153412618808808,3522,310.0,1076.75,0.0,2226.875,40.017280730355395,High
b7eea98ef0391888fb3cd6c439aebcf6,RNGE8TZ6ZQHYF6HD,Jewels5 Karasel Yellow Gold Diamond 18 K Ring,http://www.flipkart.com/jewels5-karasel-yellow-gold-diamond-18-k-ring/p/itme8tz6cwnsd4wf?pid=RNGE8TZ6ZQHYF6HD,2016-01-01 19:37:22+00:00,Jewellery,Jewels5,44976.0,31720.0,,True,True,29.473496976165066,3522,310.0,1076.75,0.0,2226.875,39.96511248777307,High
344ff5b9f6ae8f820810ae9c8db4fa3a,RNGEYFH68YRGQUWT,WearYourShine by PCJ The Radelle Diamond Gold Diamond Yellow Gold 18 K Ring,http://www.flipkart.com/wearyourshine-pcj-radelle-diamond-gold-yellow-18-k-ring/p/itmeyfh6p8n3uujf?pid=RNGEYFH68YRGQUWT,2016-01-06 18:20:45+00:00,Jewellery,WearYourShine by PCJ,31673.0,31673.0,,True,True,0.0,3522,310.0,1076.75,0.0,2226.875,39.903814802738836,High
15bba5aa62ee932c45c47edb8a3f846c,RNGE8Z3HSVHBMXCC,WearYourShine by PCJ The Helaine Gold Diamond 18 K Ring,http://www.flipkart.com/wearyourshine-pcj-helaine-gold-diamond-18-k-ring/p/itme8z3hkzpyy46p?pid=RNGE8Z3HSVHBMXCC,2016-01-06 18:20:45+00:00,Jewellery,WearYourShine by PCJ,31663.0,31663.0,,True,True,0.0,3522,310.0,1076.75,0.0,2226.875,39.89077274209325,High
be807bb6e6b865828242b677c82b1b82,RNGE8NA4ZNFZZ2QZ,Jewels5 Aphrodite Gold Diamond 18 K Ring,http://www.flipkart.com/jewels5-aphrodite-gold-diamond-18-k-ring/p/itme8na46jvvhcpv?pid=RNGE8NA4ZNFZZ2QZ,2016-01-01 19:37:22+00:00,Jewellery,Jewels5,44851.0,31636.0,,True,True,29.46422599273149,3522,310.0,1076.75,0.0,2226.875,39.85555917835018,High
5abc5b24851dba1e89250e1cfb2eb0db,RNGE7M92FA6QNGCA,Karatcraft Petunia Set Yellow Gold Diamond 18 K Ring,http://www.flipkart.com/karatcraft-petunia-set-yellow-gold-diamond-18-k-ring/p/itme7m925zb3zvx5?pid=RNGE7M92FA6QNGCA,2016-01-01 19:37:22+00:00,Jewellery,Karatcraft,42404.0,31600.0,,True,True,25.478728421846995,3522,310.0,1076.75,0.0,2226.875,39.808607760026085,High
4a33593f4f65f32ea6d1a5092c81ecf9,RNGEDAKFZMYFVZQH,Radiant Bay Brilliant Knot White Gold Diamond 18 K Ring,http://www.flipkart.com/radiant-bay-brilliant-knot-white-gold-diamond-18-k-ring/p/itmedakfyxczh3bd?pid=RNGEDAKFZMYFVZQH,2016-01-01 19:37:22+00:00,Jewellery,Radiant Bay,39475.0,31580.0,,True,True,20.0,3522,310.0,1076.75,0.0,2226.875,39.78252363873492,High
f613c3def10b365b8b54654637f5165f,RNGEDAPFZBMMBXWB,Radiant Bay Knuckle Delight Yellow Gold Diamond 18 K Ring,http://www.flipkart.com/radiant-bay-knuckle-delight-yellow-gold-diamond-18-k-ring/p/itmedapfhjqxpyay?pid=RNGEDAPFZBMMBXWB,2016-01-01 19:37:22+00:00,Jewellery,Radiant Bay,39389.0,31511.0,,True,True,20.000507755972478,3522,310.0,1076.75,0.0,2226.875,39.692533420280405,High
2edcb829fb3f0702615e8d4270235deb,RNGE87FCDRS5ZFGG,Karatcraft Klytie Gold Diamond 18 K Ring,http://www.flipkart.com/karatcraft-klytie-gold-diamond-18-k-ring/p/itme87fca9ahazbs?pid=RNGE87FCDRS5ZFGG,2016-01-06 18:20:45+00:00,Jewellery,Karatcraft,48043.0,31471.0,,True,True,34.49409903628,3522,310.0,1076.75,0.0,2226.875,39.64036517769808,High
b2841e22ec467aad7c7d5a9746ab090d,RNGE7M92N5M2PFUK,Karatcraft Platzi Yellow Gold Diamond 18 K Ring,http://www.flipkart.com/karatcraft-platzi-yellow-gold-diamond-18-k-ring/p/itme7m92u3skwbna?pid=RNGE7M92N5M2PFUK,2016-01-01 19:37:22+00:00,Jewellery,Karatcraft,41939.0,31280.0,,True,True,25.41548439400081,3522,310.0,1076.75,0.0,2226.875,39.39126181936746,High
7530822ff7d159f507737e1dc241e188,RNGEBQZRYYGGEQYX,BlueStone Helix Lattice Yellow Gold Diamond 18 K Ring,http://www.flipkart.com/bluestone-helix-lattice-yellow-gold-diamond-18-k-ring/p/itmebqzqczy2wv36?pid=RNGEBQZRYYGGEQYX,2016-01-01 19:37:22+00:00,Jewellery,BlueStone,43667.0,31279.0,,True,True,28.369249089701604,3522,310.0,1076.75,0.0,2226.875,39.389957613302904,High
46af2c0ccbae894a936cbd09137ee43e,RNGEDAPYZRNRVHHE,Radiant Bay Astonishing Yellow Gold Diamond 18 K Ring,http://www.flipkart.com/radiant-bay-astonishing-yellow-gold-diamond-18-k-ring/p/itmedapy7agajfkr?pid=RNGEDAPYZRNRVHHE,2016-01-01 19:37:22+00:00,Jewellery,Radiant Bay,39002.0,31202.0,,True,True,19.99897441156864,3522,310.0,1076.75,0.0,2226.875,39.28953374633192,High
5d92e4248836d2b5cca31b617846465f,RNGEDAPSXHZRZQPX,Radiant Bay Sublime Stunner Yellow Gold Diamond 14 K Ring,http://www.flipkart.com/radiant-bay-sublime-stunner-yellow-gold-diamond-14-k-ring/p/itmedapseeffcbev?pid=RNGEDAPSXHZRZQPX,2016-01-01 19:37:22+00:00,Jewellery,Radiant Bay,38999.0,31199.0,,True,True,20.000512833662402,3522,310.0,1076.75,0.0,2226.875,39.285621128138246,High
c9dce0336769c73342915057df928cb4,RNGE65FGK2TMUC2A,CaratLane Swish Ray White Gold Diamond 18 K Ring,http://www.flipkart.com/caratlane-swish-ray-white-gold-diamond-18-k-ring/p/itme65fgfvngzbp9?pid=RNGE65FGK2TMUC2A,2016-01-06 18:20:45+00:00,Jewellery,CaratLane,31062.0,31062.0,,True,True,0.0,3522,310.0,1076.75,0.0,2226.875,39.10694489729377,High
4eafd1ff8e359955d61f06e9165e0187,RNGEDF5HHWM7UERM,Karatcraft Merro Gold Diamond 18 K Ring,http://www.flipkart.com/karatcraft-merro-gold-diamond-18-k-ring/p/itmedf5hvgmzezfb?pid=RNGEDF5HHWM7UERM,2016-01-01 19:37:22+00:00,Jewellery,Karatcraft,43469.0,31049.0,,True,True,28.572085854286964,3522,310.0,1076.75,0.0,2226.875,39.08999021845452,High
f53e7a8aaa0889f82c7465fe725eea1e,RNGE65FHHH3BDRDQ,CaratLane Fantasia Band White Gold Diamond 18 K Ring,http://www.flipkart.com/caratlane-fantasia-band-white-gold-diamond-18-k-ring/p/itme65fhprvhvh2g?pid=RNGE65FHHH3BDRDQ,2016-01-06 18:20:45+00:00,Jewellery,CaratLane,31033.0,31033.0,,True,True,0.0,3522,310.0,1076.75,0.0,2226.875,39.06912292142159,High
858eeb28b1228603b5e55303b9d0a730,RNGE82XZSUTZS7F6,"Rakam Gold Emerald, Diamond 18 K Ring",http://www.flipkart.com/rakam-gold-emerald-diamond-18-k-ring/p/itme82xzajm5hvwp?pid=RNGE82XZSUTZS7F6,2016-01-01 19:37:22+00:00,Jewellery,Rakam,36499.0,30999.0,,True,True,15.068905997424586,3522,310.0,1076.75,0.0,2226.875,39.0247799152266,High
3b4df313d2294616dd4c2c4da189a8e9,RNGE9HEA2SSEK9ZD,BlueStone The Aru White Gold Diamond 14 K Ring,http://www.flipkart.com/bluestone-aru-white-gold-diamond-14-k-ring/p/itme9heatpm6tzvx?pid=RNGE9HEA2SSEK9ZD,2016-01-07 00:54:41+00:00,Jewellery,BlueStone,39903.0,30950.0,,True,True,22.43690950555096,3522,310.0,1076.75,0.0,2226.875,38.960873818063256,High
57fb01c552c05d750578ea9f470e469f,RNGE7M92XZZTFNS7,Karatcraft Vina Yellow Gold Diamond 18 K Ring,http://www.flipkart.com/karatcraft-vina-yellow-gold-diamond-18-k-ring/p/itme7m92fh7k9mzx?pid=RNGE7M92XZZTFNS7,2016-01-01 19:37:22+00:00,Jewellery,Karatcraft,41427.0,30928.0,,True,True,25.343375093538032,3522,310.0,1076.75,0.0,2226.875,38.93218128464297,High
b0fde353a4897127cf40007870c4844d,RNGE7M92TPBJPMEW,Karatcraft Ravishing Embrace Yellow Gold Diamond 18 K Ring,http://www.flipkart.com/karatcraft-ravishing-embrace-yellow-gold-diamond-18-k-ring/p/itme7m92uvkwyvq4?pid=RNGE7M92TPBJPMEW,2016-01-01 19:37:22+00:00,Jewellery,Karatcraft,41427.0,30928.0,,True,True,25.343375093538032,3522,310.0,1076.75,0.0,2226.875,38.93218128464297,High
bfe7e9c1751dd2facd00b2017c4bd288,RNGE44J6ZYHHWBQY,Jewels5 Antoine Yellow Gold Diamond 18 K Ring,http://www.flipkart.com/jewels5-antoine-yellow-gold-diamond-18-k-ring/p/itme44j6djhr6dk6?pid=RNGE44J6ZYHHWBQY,2016-01-01 19:37:22+00:00,Jewellery,Jewels5,43769.0,30896.0,,True,True,29.41122712422034,3522,310.0,1076.75,0.0,2226.875,38.890446690577114,High
9f21b59f34c363313920f44163ec5b61,RNGE9HEYZARVV2BZ,"BlueStone The Forever Rose White Gold Diamond, Pearl 14 K Ring",http://www.flipkart.com/bluestone-forever-rose-white-gold-diamond-pearl-14-k-ring/p/itme9hdz3bfppaye?pid=RNGE9HEYZARVV2BZ,2016-01-01 19:37:22+00:00,Jewellery,BlueStone,42255.0,30855.0,,True,True,26.979055733049343,3522,310.0,1076.75,0.0,2226.875,38.83697424193023,High
414dbab0cbd9e5ad5b6ea860686cc6e1,RNGE7M92FWMWGPHD,Karatcraft Zetra Yellow Gold Diamond 18 K Ring,http://www.flipkart.com/karatcraft-zetra-yellow-gold-diamond-18-k-ring/p/itme7m92nnjzqh6g?pid=RNGE7M92FWMWGPHD,2016-01-01 19:37:22+00:00,Jewellery,Karatcraft,40871.0,30842.0,,True,True,24.538181106407965,3522,310.0,1076.75,0.0,2226.875,38.820019563090966,High
c84048f4b73f0c01ecd4808a78585c28,RNGEC8PZMJ66B4MH,Fullcutdiamond FCDR7821R Yellow Gold Diamond 18K Yellow Gold 18 K Ring,http://www.flipkart.com/fullcutdiamond-fcdr7821r-yellow-gold-diamond-18k-18-k-ring/p/itmec8pntqa8dhxr?pid=RNGEC8PZMJ66B4MH,2016-01-01 19:37:22+00:00,Jewellery,Fullcutdiamond,44049.0,30835.0,,True,True,29.99841086063248,3522,310.0,1076.75,0.0,2226.875,38.81089012063906,High
b53b8ce6e1b8ed403799d7d69231a2fd,RNGE88QAJHBEZFVG,Karatcraft Wania Gold Diamond 18 K Ring,http://www.flipkart.com/karatcraft-wania-gold-diamond-18-k-ring/p/itme88q93rhtffex?pid=RNGE88QAJHBEZFVG,2016-01-01 19:37:22+00:00,Jewellery,Karatcraft,43462.0,30829.0,,True,True,29.066770972343658,3522,310.0,1076.75,0.0,2226.875,38.80306488425171,High
be42df7c45ea5505cb27c71e981010a3,RNGE88FRQJ9ZENJG,Karatcraft Trilic Gold Diamond 18 K Ring,http://www.flipkart.com/karatcraft-trilic-gold-diamond-18-k-ring/p/itme88frabbzv9a4?pid=RNGE88FRQJ9ZENJG,2016-01-06 18:20:45+00:00,Jewellery,Karatcraft,48596.0,30817.0,,True,True,36.585315663840646,3522,310.0,1076.75,0.0,2226.875,38.787414411477016,High
9a60c40398d34a535ea389d9fc27d7ba,RNGDX7QKXEYUY6M6,Shashvat Jewels Yellow Gold Diamond 14 K Ring,http://www.flipkart.com/shashvat-jewels-yellow-gold-diamond-14-k-ring/p/itmdx7qkngpf7gnz?pid=RNGDX7QKXEYUY6M6,2016-01-01 19:37:22+00:00,Jewellery,Shashvat Jewels,38965.0,30783.0,,True,True,20.998331836263315,3522,310.0,1076.75,0.0,2226.875,38.74307140528204,High
85a0d960fa6c9ffbb1c3153e42fc158a,RNGEDAPTVZVHEWHZ,Radiant Bay Classic Solitaire White Gold Diamond 14 K Ring,http://www.flipkart.com/radiant-bay-classic-solitaire-white-gold-diamond-14-k-ring/p/itmedaps4athnnu6?pid=RNGEDAPTVZVHEWHZ,2016-01-01 19:37:22+00:00,Jewellery,Radiant Bay,38455.0,30764.0,,True,True,20.0,3522,310.0,1076.75,0.0,2226.875,38.71829149005543,High
520e7caecc662089b91ecee83222834f,RNGEC8PZY4FQCAQG,Fullcutdiamond FCDR8253R Yellow Gold Diamond 18K Yellow Gold 18 K Ring,http://www.flipkart.com/fullcutdiamond-fcdr8253r-yellow-gold-diamond-18k-18-k-ring/p/itmec8pndxszxrna?pid=RNGEC8PZY4FQCAQG,2016-01-01 19:37:22+00:00,Jewellery,Fullcutdiamond,43940.0,30758.0,,True,True,30.0,3522,310.0,1076.75,0.0,2226.875,38.71046625366808,High
7f5f67fee80d57f7414c337253c0d4af,RNGEC8PNKZGHBGSZ,Fullcutdiamond FCDR5492R Yellow Gold Diamond 18K Yellow Gold 18 K Ring,http://www.flipkart.com/fullcutdiamond-fcdr5492r-yellow-gold-diamond-18k-18-k-ring/p/itmec8pmvchcuzkh?pid=RNGEC8PNKZGHBGSZ,2016-01-01 19:37:22+00:00,Jewellery,Fullcutdiamond,43938.0,30757.0,,True,True,29.999089626291592,3522,310.0,1076.75,0.0,2226.875,38.70916204760352,High
e0a81b2c7b980f549bafea1069132b16,RNGE7GVYXGJFVZUJ,Karatcraft Two leaves Yellow Gold Diamond 18 K Ring,http://www.flipkart.com/karatcraft-two-leaves-yellow-gold-diamond-18-k-ring/p/itme7gvyfkevtwug?pid=RNGE7GVYXGJFVZUJ,2016-01-01 19:37:22+00:00,Jewellery,Karatcraft,42207.0,30756.0,,True,True,27.130570758405003,3522,310.0,1076.75,0.0,2226.875,38.70785784153896,High
a48082f2eb2ae7b9e1f91303f167fb81,RNGE88Q9NXGU2ZYW,Karatcraft Wadell Gold Diamond 18 K Ring,http://www.flipkart.com/karatcraft-wadell-gold-diamond-18-k-ring/p/itme88q9ausmacrz?pid=RNGE88Q9NXGU2ZYW,2016-01-06 18:20:45+00:00,Jewellery,Karatcraft,44226.0,30741.0,,True,True,30.491113824447158,3522,310.0,1076.75,0.0,2226.875,38.68829475057059,High
1d10347c4814ea05ba5a7b6597a8629a,RNGE7GVY35ZPA8QX,Karatcraft Escala Yellow Gold Diamond 18 K Ring,http://www.flipkart.com/karatcraft-escala-yellow-gold-diamond-18-k-ring/p/itme7gvyhht3rzb5?pid=RNGE7GVY35ZPA8QX,2016-01-01 19:37:22+00:00,Jewellery,Karatcraft,42163.0,30724.0,,True,True,27.130422408272658,3522,310.0,1076.75,0.0,2226.875,38.6661232474731,High
96b79df5cf308db41d1d268a7e3570af,RNGE2FAFZQFUM6EB,Rakam Gold Diamond Yellow Gold 18 K Ring,http://www.flipkart.com/rakam-gold-diamond-yellow-18-k-ring/p/itme2fafkjqxdbpq?pid=RNGE2FAFZQFUM6EB,2016-01-01 19:37:22+00:00,Jewellery,Rakam,36125.0,30706.0,,True,True,15.000692041522491,3522,310.0,1076.75,0.0,2226.875,38.64264753831105,High
fa5110af297d851ca95bf254dd76f3a4,RNGE7M92QYXEPXGH,Karatcraft Linnea Yellow Gold Diamond 18 K Ring,http://www.flipkart.com/karatcraft-linnea-yellow-gold-diamond-18-k-ring/p/itme7m928vcaznsg?pid=RNGE7M92QYXEPXGH,2016-01-01 19:37:22+00:00,Jewellery,Karatcraft,41432.0,30653.0,,True,True,26.016122803630044,3522,310.0,1076.75,0.0,2226.875,38.57352461688947,High
971bfbbf7b5172679da30b76a582545d,RNGE7GVYAFKAAZXN,Karatcraft Lyncis Yellow Gold Diamond 18 K Ring,http://www.flipkart.com/karatcraft-lyncis-yellow-gold-diamond-18-k-ring/p/itme7gvysaq2znhs?pid=RNGE7GVYAFKAAZXN,2016-01-01 19:37:22+00:00,Jewellery,Karatcraft,43215.0,30611.0,,True,True,29.165798912414672,3522,310.0,1076.75,0.0,2226.875,38.518747962178026,High
cb0f824dee41603836179601dd569d45,RNGE7GVYJGYAEBDV,Karatcraft Dahlia Yellow Gold Diamond 18 K Ring,http://www.flipkart.com/karatcraft-dahlia-yellow-gold-diamond-18-k-ring/p/itme7gvydturcchp?pid=RNGE7GVYJGYAEBDV,2016-01-01 19:37:22+00:00,Jewellery,Karatcraft,42734.0,30596.0,,True,True,28.403613048158373,3522,310.0,1076.75,0.0,2226.875,38.49918487120965,High
4e330edd6dd144c86c66a33c9c026f68,RNGEDAQ3YDDZRSHQ,Radiant Bay Modish White Gold Diamond 14 K Ring,http://www.flipkart.com/radiant-bay-modish-white-gold-diamond-14-k-ring/p/itmedaq3dzu2ch4y?pid=RNGEDAQ3YDDZRSHQ,2016-01-01 19:37:22+00:00,Jewellery,Radiant Bay,38226.0,30581.0,,True,True,19.99947679589808,3522,310.0,1076.75,0.0,2226.875,38.47962178024128,High
f31d1362f76192ba371f98e37e5ea460,RNGE7M92FFV9JHYB,Karatcraft Ravishing Embrace Yellow Gold Diamond 18 K Ring,http://www.flipkart.com/karatcraft-ravishing-embrace-yellow-gold-diamond-18-k-ring/p/itme7m92twbuzxr9?pid=RNGE7M92FFV9JHYB,2016-01-01 19:37:22+00:00,Jewellery,Karatcraft,40915.0,30576.0,,True,True,25.269461077844312,3522,310.0,1076.75,0.0,2226.875,38.47310074991849,High
0623833ce06d928099ed0b4ebfd7d610,RNGE7GVYTUPHQRYK,Karatcraft Mellow White Gold Diamond 18 K Ring,http://www.flipkart.com/karatcraft-mellow-white-gold-diamond-18-k-ring/p/itme7gvyhfg8wybw?pid=RNGE7GVYTUPHQRYK,2016-01-01 19:37:22+00:00,Jewellery,Karatcraft,42270.0,30560.0,,True,True,27.702862550272062,3522,310.0,1076.75,0.0,2226.875,38.45223345288556,High
65a0d5edc97c5d8b585052f06e0dbef7,RNGEDAKEFRUE6PYK,Radiant Bay Ribbon Ripples Yellow Gold Diamond 18 K Ring,http://www.flipkart.com/radiant-bay-ribbon-ripples-yellow-gold-diamond-18-k-ring/p/itmedakdmfdctw4z?pid=RNGEDAKEFRUE6PYK,2016-01-01 19:37:22+00:00,Jewellery,Radiant Bay,38182.0,30546.0,,True,True,19.99895238594102,3522,310.0,1076.75,0.0,2226.875,38.43397456798174,High
8f12219a3f0af897f355618eb3823991,RNGE8TZ6ZN8MGXNG,Jewels5 Makale Yellow Gold Diamond 18 K Ring,http://www.flipkart.com/jewels5-makale-yellow-gold-diamond-18-k-ring/p/itme8tz6bm3gnw3y?pid=RNGE8TZ6ZN8MGXNG,2016-01-01 19:37:22+00:00,Jewellery,Jewels5,43153.0,30475.0,,True,True,29.37918568813292,3522,310.0,1076.75,0.0,2226.875,38.34137593739811,High
7f13c8f9e3e4c089d30643bb0484187a,RNGEBQZP39SWWYPF,BlueStone Exquisite Tulip Rose Gold Diamond 14 K Ring,http://www.flipkart.com/bluestone-exquisite-tulip-rose-gold-diamond-14-k-ring/p/itmebqzpgcx5ndup?pid=RNGEBQZP39SWWYPF,2016-01-07 00:54:41+00:00,Jewellery,BlueStone,33330.0,30466.0,,True,True,8.592859285928593,3522,310.0,1076.75,0.0,2226.875,38.329638082817084,High
655d6d542ec84bec86599623af2b7e95,RNGE7M92KTEXG9BE,Karatcraft Platzi Yellow Gold Diamond 18 K Ring,http://www.flipkart.com/karatcraft-platzi-yellow-gold-diamond-18-k-ring/p/itme7m92nct96bqh?pid=RNGE7M92KTEXG9BE,2016-01-01 19:37:22+00:00,Jewellery,Karatcraft,40682.0,30416.0,,True,True,25.234747554200876,3522,310.0,1076.75,0.0,2226.875,38.26442777958918,High
fbcceb69597b8ae69d48d9a033dd844d,RNGE864H8HQGXHMZ,Karatcraft Clariz Gold Diamond 18 K Ring,http://www.flipkart.com/karatcraft-clariz-gold-diamond-18-k-ring/p/itme7t8fcmcxbdct?pid=RNGE864H8HQGXHMZ,2016-01-06 18:20:45+00:00,Jewellery,Karatcraft,44445.0,30409.0,,True,True,31.58060524243447,3522,310.0,1076.75,0.0,2226.875,38.25529833713727,High
91a615e9110c1257e6bcc0fcd2844d5d,RNGE7GVYRWWCA9AV,Karatcraft Infinity Swirl Yellow Gold Diamond 18 K Ring,http://www.flipkart.com/karatcraft-infinity-swirl-yellow-gold-diamond-18-k-ring/p/itme7gvyfmwwnffz?pid=RNGE7GVYRWWCA9AV,2016-01-01 19:37:22+00:00,Jewellery,Karatcraft,42199.0,30370.0,,True,True,28.031469940045973,3522,310.0,1076.75,0.0,2226.875,38.204434300619496,High
5a9a54d0867642dee66fb0772a8535a1,RNGE7M92XZ7CGS9Y,Karatcraft Cadena Yellow Gold Diamond 18 K Ring,http://www.flipkart.com/karatcraft-cadena-yellow-gold-diamond-18-k-ring/p/itme7m92afj2qaht?pid=RNGE7M92XZ7CGS9Y,2016-01-01 19:37:22+00:00,Jewellery,Karatcraft,40589.0,30352.0,,True,True,25.22111902239523,3522,310.0,1076.75,0.0,2226.875,38.18095859145745,High
b2a5926c25f6b3f97efb895ae8747a9c,RNGE7GVYRQCTFWKD,Karatcraft Rombus Yellow Gold Diamond 18 K Ring,http://www.flipkart.com/karatcraft-rombus-yellow-gold-diamond-18-k-ring/p/itme7gvyxq8ykyct?pid=RNGE7GVYRQCTFWKD,2016-01-01 19:37:22+00:00,Jewellery,Karatcraft,42153.0,30338.0,,True,True,28.028847294379997,3522,310.0,1076.75,0.0,2226.875,38.16269970655364,High
da1138086cf3fafb94ad05e81d3aa830,RNGEDAKDZVMUYYYT,Radiant Bay Radiant Love White Gold Diamond 18 K Ring,http://www.flipkart.com/radiant-bay-love-white-gold-diamond-18-k-ring/p/itmedakdughqvd2c?pid=RNGEDAKDZVMUYYYT,2016-01-01 19:37:22+00:00,Jewellery,Radiant Bay,37904.0,30323.0,,True,True,20.00052764879696,3522,310.0,1076.75,0.0,2226.875,38.14313661558526,High
20193e2cb3b75c924550640fe538be2d,RNGE44J6Z6JCGFYR,Jewels5 Camille Yellow Gold Diamond 18 K Ring,http://www.flipkart.com/jewels5-camille-yellow-gold-diamond-18-k-ring/p/itme44j6fthxehrq?pid=RNGE44J6Z6JCGFYR,2016-01-01 19:37:22+00:00,Jewellery,Jewels5,42926.0,30320.0,,True,True,29.366817313516282,3522,310.0,1076.75,0.0,2226.875,38.13922399739159,High
0e73bff42e17b1a0981bdecfd04b5f2f,RNGDQSVDXHZ9ZHHG,BlueStone The Carol White Gold Diamond 18 K Ring,http://www.flipkart.com/bluestone-carol-white-gold-diamond-18-k-ring/p/itmdqsveayangsue?pid=RNGDQSVDXHZ9ZHHG,2016-01-01 19:37:22+00:00,Jewellery,BlueStone,38736.0,30294.0,,True,True,21.79368029739777,3522,310.0,1076.75,0.0,2226.875,38.10531463971307,High
ff4b15de318b422c057f2619bf0bb9eb,AFGEFJSGDNCGEZ6C,Sentinel Metamorforce Dino Getter 2,http://www.flipkart.com/sentinel-metamorforce-dino-getter-2/p/itmefjsg8tbbtgeh?pid=AFGEFJSGDNCGEZ6C,2016-03-03 06:06:42+00:00,Toys & School Supplies,Sentinel,17254.0,14665.0,,True,True,15.005216181754955,329,179.0,550.0,0.0,1106.5,38.04582210242587,High
47d47dcc229921898d957b0139f6319b,RNGEDAK7XT245F3Z,Radiant Bay Fancy Ripples Yellow Gold Diamond 14 K Ring,http://www.flipkart.com/radiant-bay-fancy-ripples-yellow-gold-diamond-14-k-ring/p/itmedak74qvgbnqe?pid=RNGEDAK7XT245F3Z,2016-01-01 19:37:22+00:00,Jewellery,Radiant Bay,37758.0,30206.0,,True,True,20.00105937814503,3522,310.0,1076.75,0.0,2226.875,37.99054450603195,High
4f90a4d6d1ae013d2ff58ab98270ab58,RNGE4F6SYS82R9ZG,Jewels5 Yellow Gold Diamond 18 K Ring,http://www.flipkart.com/jewels5-yellow-gold-diamond-18-k-ring/p/itme4f6s3tfgrzg2?pid=RNGE4F6SYS82R9ZG,2016-01-01 19:37:22+00:00,Jewellery,Jewels5,42758.0,30206.0,,True,True,29.355910005145237,3522,310.0,1076.75,0.0,2226.875,37.99054450603195,High
4686850c4c2d7a6e7b6a9d6bad7ff257,RNGE7GVYJDRUMWKZ,Karatcraft Scalaria Yellow Gold Diamond 18 K Ring,http://www.flipkart.com/karatcraft-scalaria-yellow-gold-diamond-18-k-ring/p/itme7gvyt2nb7959?pid=RNGE7GVYJDRUMWKZ,2016-01-01 19:37:22+00:00,Jewellery,Karatcraft,41721.0,30184.0,,True,True,27.652740825962944,3522,310.0,1076.75,0.0,2226.875,37.961851972611676,High
9bebf72768a4f07be16e712092dbbdb6,RNGE9HDCYNVGGFAC,BlueStone The Unity Yellow Gold Diamond 18 K Ring,http://www.flipkart.com/bluestone-unity-yellow-gold-diamond-18-k-ring/p/itme9hdbb6ntqjf4?pid=RNGE9HDCYNVGGFAC,2016-01-01 19:37:22+00:00,Jewellery,BlueStone,38605.0,30113.0,,True,True,21.997150628156973,3522,310.0,1076.75,0.0,2226.875,37.86925334202804,High
da47e918cfc29541252672f3896aef97,RNGE7M92Y9EQGZU4,Karatcraft Zetra Yellow Gold Diamond 18 K Ring,http://www.flipkart.com/karatcraft-zetra-yellow-gold-diamond-18-k-ring/p/itme7m92r9w44qdd?pid=RNGE7M92Y9EQGZU4,2016-01-01 19:37:22+00:00,Jewellery,Karatcraft,40563.0,30106.0,,True,True,25.779651406454157,3522,310.0,1076.75,0.0,2226.875,37.86012389957613,High
9eb552a77617091faae4b625276bb6f9,RNGEC8PNSZZ8CJ7Y,Fullcutdiamond FCDR8260R Yellow Gold Diamond 18K Yellow Gold 18 K Ring,http://www.flipkart.com/fullcutdiamond-fcdr8260r-yellow-gold-diamond-18k-18-k-ring/p/itmec8pmbjacdthj?pid=RNGEC8PNSZZ8CJ7Y,2016-01-01 19:37:22+00:00,Jewellery,Fullcutdiamond,42964.0,30075.0,,True,True,29.99953449399497,3522,310.0,1076.75,0.0,2226.875,37.819693511574826,High
328ca8c8c1d73f2dc52d2ca5c4f691b5,RNGE7M92Q44JDTET,Karatcraft Collatio Yellow Gold Diamond 18 K Ring,http://www.flipkart.com/karatcraft-collatio-yellow-gold-diamond-18-k-ring/p/itme7m92sfhqqjsg?pid=RNGE7M92Q44JDTET,2016-01-01 19:37:22+00:00,Jewellery,Karatcraft,39955.0,29988.0,,True,True,24.94556375922913,3522,310.0,1076.75,0.0,2226.875,37.70622758395827,High
b4482502188f7fe27ece262980dea0d7,RNGE7GVY3HYMAV72,Karatcraft Escala Yellow Gold Diamond 18 K Ring,http://www.flipkart.com/karatcraft-escala-yellow-gold-diamond-18-k-ring/p/itme7gvyy8d9vmea?pid=RNGE7GVY3HYMAV72,2016-01-01 19:37:22+00:00,Jewellery,Karatcraft,41850.0,29988.0,,True,True,28.344086021505376,3522,310.0,1076.75,0.0,2226.875,37.70622758395827,High
63636c881ad26ac1246a7fdb191bcd36,RNGE9HE5ZYYRGYTZ,BlueStone The Nabha Yellow Gold Diamond 14 K Ring,http://www.flipkart.com/bluestone-nabha-yellow-gold-diamond-14-k-ring/p/itme9he4mqjj2fw3?pid=RNGE9HE5ZYYRGYTZ,2016-01-01 19:37:22+00:00,Jewellery,BlueStone,42939.0,29942.0,,True,True,30.268520459256155,3522,310.0,1076.75,0.0,2226.875,37.64623410498859,High
e60931f46add374463055c9f7a461a99,RNGEBQZRZWMZFEVH,BlueStone Soar Free Yellow Gold Diamond 14 K Ring,http://www.flipkart.com/bluestone-soar-free-yellow-gold-diamond-14-k-ring/p/itmebqzr5mkx2fd5?pid=RNGEBQZRZWMZFEVH,2016-01-01 19:37:22+00:00,Jewellery,BlueStone,38719.0,29936.0,,True,True,22.683953614504507,3522,310.0,1076.75,0.0,2226.875,37.63840886860124,High
2a0026c3c3d252bb07a2279c6f299d9f,RNGE7GVYUQAJCFRY,Karatcraft Vinea Yellow Gold Diamond 18 K Ring,http://www.flipkart.com/karatcraft-vinea-yellow-gold-diamond-18-k-ring/p/itme7gvyvbndsvyx?pid=RNGE7GVYUQAJCFRY,2016-01-01 19:37:22+00:00,Jewellery,Karatcraft,41522.0,29930.0,,True,True,27.91773035980926,3522,310.0,1076.75,0.0,2226.875,37.63058363221389,High
5e2db4c58191dbe1ad493ab7fc7803cd,RNGDQSVDZEPAGZSN,BlueStone The Supra White Gold Diamond 18 K Ring,http://www.flipkart.com/bluestone-supra-white-gold-diamond-18-k-ring/p/itmdqsvekpz892ag?pid=RNGDQSVDZEPAGZSN,2016-01-01 19:37:22+00:00,Jewellery,BlueStone,42458.0,29927.0,,True,True,29.513872532856,3522,310.0,1076.75,0.0,2226.875,37.62667101402022,High
9bf2608d6bb96a8626b2fbd26327fc0a,RNGE7GVYRPHSCTVA,Karatcraft Ribbon Knot Yellow Gold Diamond 18 K Ring,http://www.flipkart.com/karatcraft-ribbon-knot-yellow-gold-diamond-18-k-ring/p/itme7gvyafsnxuje?pid=RNGE7GVYRPHSCTVA,2016-01-01 19:37:22+00:00,Jewellery,Karatcraft,41965.0,29926.0,,True,True,28.688192541403552,3522,310.0,1076.75,0.0,2226.875,37.62536680795566,High
0144096766167ec00a3fc4fe05b59da1,RNGEYRXYXVK4MVYN,Diti Jewellery Gold 18 K Ring,http://www.flipkart.com/diti-jewellery-gold-18-k-ring/p/itme4ue3zu9kbzxg?pid=RNGEYRXYXVK4MVYN,2016-01-01 19:37:22+00:00,Jewellery,Diti Jewellery,39900.0,29925.0,,True,True,25.0,3522,310.0,1076.75,0.0,2226.875,37.6240626018911,High
0b9a3349e819b1171c5923e49dbb6791,RNGE7M92ZUY64RT5,Karatcraft Intima Yellow Gold Diamond 18 K Ring,http://www.flipkart.com/karatcraft-intima-yellow-gold-diamond-18-k-ring/p/itme7m92f2g6cq7p?pid=RNGE7M92ZUY64RT5,2016-01-01 19:37:22+00:00,Jewellery,Karatcraft,40097.0,29902.0,,True,True,25.425842332344065,3522,310.0,1076.75,0.0,2226.875,37.59406586240626,High
36068a4a1dd67d3bf2c96eb8c23516c4,RNGE7GVYBVQTKEZY,Karatcraft Geometric Design Yellow Gold Diamond 18 K Ring,http://www.flipkart.com/karatcraft-geometric-design-yellow-gold-diamond-18-k-ring/p/itme7gvyqhhe2mab?pid=RNGE7GVYBVQTKEZY,2016-01-01 19:37:22+00:00,Jewellery,Karatcraft,41872.0,29862.0,,True,True,28.68265189147879,3522,310.0,1076.75,0.0,2226.875,37.541897619823935,High
d3e512c8a14b6d87be9b704000c20555,RNGE89MSQD2EUGDF,Karatcraft Twinoh Gold Diamond 18 K Ring,http://www.flipkart.com/karatcraft-twinoh-gold-diamond-18-k-ring/p/itme89ms7zerhzc7?pid=RNGE89MSQD2EUGDF,2016-01-01 19:37:22+00:00,Jewellery,Karatcraft,42304.0,29850.0,,True,True,29.4392965204236,3522,310.0,1076.75,0.0,2226.875,37.52624714704923,High
1b7d3a721e392f3a1e280ed9f8c681d2,RNGDQ5GGZBD3KPST,BlueStone The Triad Flourish Gold Diamond 18 K Ring,http://www.flipkart.com/bluestone-triad-flourish-gold-diamond-18-k-ring/p/itmdq5gg2qfnhz8b?pid=RNGDQ5GGZBD3KPST,2016-01-01 19:37:22+00:00,Jewellery,BlueStone,38710.0,29828.0,,True,True,22.944975458537847,3522,310.0,1076.75,0.0,2226.875,37.49755461362896,High
7ec675c4ac8eadd1d68d65069cca74a6,RNGE7GVYBAJRZPQV,Karatcraft Ravishing Embrace Yellow Gold Diamond 18 K Ring,http://www.flipkart.com/karatcraft-ravishing-embrace-yellow-gold-diamond-18-k-ring/p/itme7gvy7uhvnuqz?pid=RNGE7GVYBAJRZPQV,2016-01-01 19:37:22+00:00,Jewellery,Karatcraft,41807.0,29807.0,,True,True,28.703327194010573,3522,310.0,1076.75,0.0,2226.875,37.47016628627323,High
436c5a69ae2d7fd7e88196178a9d74e6,RNGE9HDKZMRSGJGY,"BlueStone The Kalakriti Yellow Gold Diamond, Emerald 18 K Ring",http://www.flipkart.com/bluestone-kalakriti-yellow-gold-diamond-emerald-18-k-ring/p/itme9hdkgnszzgkb?pid=RNGE9HDKZMRSGJGY,2016-01-01 19:37:22+00:00,Jewellery,BlueStone,39936.0,29784.0,,True,True,25.420673076923077,3522,310.0,1076.75,0.0,2226.875,37.44016954678839,High
1e0da5552a139039e8f97471cd3214c3,RNGEDAK9UAM5BX6D,Radiant Bay Statusque White Gold Diamond 18 K Ring,http://www.flipkart.com/radiant-bay-statusque-white-gold-diamond-18-k-ring/p/itmedak8czhc7y8f?pid=RNGEDAK9UAM5BX6D,2016-01-01 19:37:22+00:00,Jewellery,Radiant Bay,37196.0,29757.0,,True,True,19.99946230777503,3522,310.0,1076.75,0.0,2226.875,37.40495598304532,High
e8678ffe40cef76e25458cd91f556f55,RNGEFJFFXSK67ZWZ,Rakam Gold Diamond Yellow Gold 18 K Ring,http://www.flipkart.com/rakam-gold-diamond-yellow-18-k-ring/p/itmefjff9dmwa8ym?pid=RNGEFJFFXSK67ZWZ,2016-01-01 19:37:22+00:00,Jewellery,Rakam,34875.0,29643.0,,True,True,15.002150537634408,3522,310.0,1076.75,0.0,2226.875,37.25627649168569,High
9b3dc2f5b086d9663d6fa99e7f207083,RNGE7M92SAQ4TPJH,Karatcraft Princess crown Yellow Gold Diamond 18 K Ring,http://www.flipkart.com/karatcraft-princess-crown-yellow-gold-diamond-18-k-ring/p/itme7m92ebhhwgm4?pid=RNGE7M92SAQ4TPJH,2016-01-01 19:37:22+00:00,Jewellery,Karatcraft,40149.0,29595.0,,True,True,26.28708062467309,3522,310.0,1076.75,0.0,2226.875,37.193674600586895,High
93dc4f26e5d99c54a673ce8577cf855c,RNGE7GVY9GPQVPP8,Karatcraft Two leaves Yellow Gold Diamond 18 K Ring,http://www.flipkart.com/karatcraft-two-leaves-yellow-gold-diamond-18-k-ring/p/itme7gvzvgj7gyua?pid=RNGE7GVY9GPQVPP8,2016-01-01 19:37:22+00:00,Jewellery,Karatcraft,41151.0,29508.0,,True,True,28.29335860610921,3522,310.0,1076.75,0.0,2226.875,37.08020867297033,High
68cb75c7053a9009d9dca7522e430d67,RNGEH3EUGUQEGWN5,Rasav Jewels Yellow Gold Diamond 18 K Ring,http://www.flipkart.com/rasav-jewels-yellow-gold-diamond-18-k-ring/p/itmeh3esfvrvnezg?pid=RNGEH3EUGUQEGWN5,2016-03-25 15:39:25+00:00,Jewellery,Rasav Jewels,42125.0,29489.0,,True,True,29.996439169139467,3522,310.0,1076.75,0.0,2226.875,37.05542875774373,High
ecf1f6162c6e6bb8a3ffb820a9e50e4c,RNGE8HSQYRZ74THU,Jewels5 Jamie Gold Diamond Rhodium 14 K Ring,http://www.flipkart.com/jewels5-jamie-gold-diamond-rhodium-14-k-ring/p/itme8hsqby4eqv9g?pid=RNGE8HSQYRZ74THU,2016-01-01 19:37:22+00:00,Jewellery,Jewels5,41706.0,29488.0,,True,True,29.295545005514793,3522,310.0,1076.75,0.0,2226.875,37.054124551679166,High
ec68e694cc41fb5cfa47b0cfb674f42a,RNGE88Q9VCUT5FUF,Karatcraft Soliari Gold Diamond 18 K Ring,http://www.flipkart.com/karatcraft-soliari-gold-diamond-18-k-ring/p/itme88q9c3fndqz4?pid=RNGE88Q9VCUT5FUF,2016-01-01 19:37:22+00:00,Jewellery,Karatcraft,42224.0,29461.0,,True,True,30.226885183781736,3522,310.0,1076.75,0.0,2226.875,37.018910987936096,High
40bca0d9ba7ebaf384cd1849f1662b12,RNGE7GVYGZTEYYTK,Karatcraft Lyncis Yellow Gold Diamond 18 K Ring,http://www.flipkart.com/karatcraft-lyncis-yellow-gold-diamond-18-k-ring/p/itme7gvyduhc9bjn?pid=RNGE7GVYGZTEYYTK,2016-01-01 19:37:22+00:00,Jewellery,Karatcraft,41629.0,29459.0,,True,True,29.23442792284225,3522,310.0,1076.75,0.0,2226.875,37.016302575806975,High
5a3ed01224ef795e20eaf8820dcd3429,RNGEDAPVZHKCSSFC,Radiant Bay Charismatic White Gold Diamond 14 K Ring,http://www.flipkart.com/radiant-bay-charismatic-white-gold-diamond-14-k-ring/p/itmedapvdjrzghty?pid=RNGEDAPVZHKCSSFC,2016-01-01 19:37:22+00:00,Jewellery,Radiant Bay,36811.0,29449.0,,True,True,19.999456684143325,3522,310.0,1076.75,0.0,2226.875,37.003260515161394,High
9875f1ed27773428de7b22c3f11bff1e,RNGE7M92SEY6WEFC,Karatcraft Princess crown Yellow Gold Diamond 18 K Ring,http://www.flipkart.com/karatcraft-princess-crown-yellow-gold-diamond-18-k-ring/p/itme7m92wgz2nae8?pid=RNGE7M92SEY6WEFC,2016-01-01 19:37:22+00:00,Jewellery,Karatcraft,39730.0,29385.0,,True,True,26.038258243141204,3522,310.0,1076.75,0.0,2226.875,36.91979132702967,High
d07004500474de7b69104e3b10e29920,RNGE7GVYRZNSZGZN,Karatcraft Einser Yellow Gold Diamond 18 K Ring,http://www.flipkart.com/karatcraft-einser-yellow-gold-diamond-18-k-ring/p/itme7gvymd5kztqj?pid=RNGE7GVYRZNSZGZN,2016-01-01 19:37:22+00:00,Jewellery,Karatcraft,40965.0,29380.0,,True,True,28.28023922860979,3522,310.0,1076.75,0.0,2226.875,36.91327029670688,High
aca6fa708fa2aa9528bbfc32ae83e733,RNGE9GWPJH9MMNWX,WearYourShine by PCJ The Joe Gold Diamond 18 K Ring,http://www.flipkart.com/wearyourshine-pcj-joe-gold-diamond-18-k-ring/p/itme9gwpuff9dgfe?pid=RNGE9GWPJH9MMNWX,2016-01-06 18:20:45+00:00,Jewellery,WearYourShine by PCJ,29366.0,29366.0,,True,True,0.0,3522,310.0,1076.75,0.0,2226.875,36.89501141180307,High
efb81601232fdd4b9600f3470b4fb2a4,RNGE864HQWV38PGT,Karatcraft Citra Engagement Gold Diamond 18 K Ring,http://www.flipkart.com/karatcraft-citra-engagement-gold-diamond-18-k-ring/p/itme7t8fkyhvjuwj?pid=RNGE864HQWV38PGT,2016-01-01 19:37:22+00:00,Jewellery,Karatcraft,42071.0,29322.0,,True,True,30.303534501200353,3522,310.0,1076.75,0.0,2226.875,36.8376263449625,High
3d47967be194f6fe89814a62b0ef72f5,RNGE9GWQJSAAFF48,WearYourShine by PCJ The Sharman Gold Diamond 18 K Ring,http://www.flipkart.com/wearyourshine-pcj-sharman-gold-diamond-18-k-ring/p/itme9gwqvh3mtvcj?pid=RNGE9GWQJSAAFF48,2016-01-06 18:20:45+00:00,Jewellery,WearYourShine by PCJ,29292.0,29292.0,,True,True,0.0,3522,310.0,1076.75,0.0,2226.875,36.79850016302576,High
9aef0b0ef6703aaea4563f7eecb93ae9,RNGE9HE5KQD4GYVZ,BlueStone The Aahna Yellow Gold Diamond 14 K Ring,http://www.flipkart.com/bluestone-aahna-yellow-gold-diamond-14-k-ring/p/itme9he4xfvdpk7d?pid=RNGE9HE5KQD4GYVZ,2016-01-01 19:37:22+00:00,Jewellery,BlueStone,41091.0,29226.0,,True,True,28.87493611739797,3522,310.0,1076.75,0.0,2226.875,36.712422562764914,High
31345bdd24baf5f2d0ddb8df00f208eb,RNGE88Q9WMY2Z8QH,Karatcraft Twilite Gold Diamond 18 K Ring,http://www.flipkart.com/karatcraft-twilite-gold-diamond-18-k-ring/p/itme88q9w7zjthhf?pid=RNGE88Q9WMY2Z8QH,2016-01-01 19:37:22+00:00,Jewellery,Karatcraft,41572.0,29220.0,,True,True,29.712306360050032,3522,310.0,1076.75,0.0,2226.875,36.704597326377566,High
a2b73bdbfefa5e642771c439be4d98e3,RNGE7GVYEFVQKHAM,Karatcraft Ribbon Knot Yellow Gold Diamond 18 K Ring,http://www.flipkart.com/karatcraft-ribbon-knot-yellow-gold-diamond-18-k-ring/p/itme7gvyffcnegsf?pid=RNGE7GVYEFVQKHAM,2016-01-01 19:37:22+00:00,Jewellery,Karatcraft,40895.0,29190.0,,True,True,28.622080938990095,3522,310.0,1076.75,0.0,2226.875,36.66547114444082,High
0b37f86580fdabfec05f24f4ded336c9,RNGE88Q9VYA8SNR7,Karatcraft Klein Gold Diamond 18 K Ring,http://www.flipkart.com/karatcraft-klein-gold-diamond-18-k-ring/p/itme88q9zgdg2khy?pid=RNGE88Q9VYA8SNR7,2016-01-01 19:37:22+00:00,Jewellery,Karatcraft,41102.0,29176.0,,True,True,29.015619677874557,3522,310.0,1076.75,0.0,2226.875,36.64721225953701,High
2fabc68077882f5351fece28e814375d,RNGE7GVZCPHUFFRT,Karatcraft Two leaves Yellow Gold Diamond 18 K Ring,http://www.flipkart.com/karatcraft-two-leaves-yellow-gold-diamond-18-k-ring/p/itme7gvzdudphpzk?pid=RNGE7GVZCPHUFFRT,2016-01-01 19:37:22+00:00,Jewellery,Karatcraft,40639.0,29156.0,,True,True,28.256108664091144,3522,310.0,1076.75,0.0,2226.875,36.621128138245844,High
35af55f2868f4adb351b57c78ba9dafe,RNGE7GVYPXKYEYHB,Karatcraft Purezza Yellow Gold Diamond 18 K Ring,http://www.flipkart.com/karatcraft-purezza-yellow-gold-diamond-18-k-ring/p/itme7gvywhrkyaxu?pid=RNGE7GVYPXKYEYHB,2016-01-01 19:37:22+00:00,Jewellery,Karatcraft,41671.0,29051.0,,True,True,30.284850375560943,3522,310.0,1076.75,0.0,2226.875,36.484186501467235,High
f36b489b631665f6ae508974418f80dd,RNGEDAPXZWG53KY4,Radiant Bay Studded Square White Gold Diamond 18 K Ring,http://www.flipkart.com/radiant-bay-studded-square-white-gold-diamond-18-k-ring/p/itmedapxmezdx77b?pid=RNGEDAPXZWG53KY4,2016-01-01 19:37:22+00:00,Jewellery,Radiant Bay,36306.0,29045.0,,True,True,19.999449126866082,3522,310.0,1076.75,0.0,2226.875,36.47636126507988,High
c6df183977ef517a86c699ce637edb04,RNGEC8PZHP2RRXS4,Fullcutdiamond FCDR1435R Yellow Gold Diamond 18K Yellow Gold 18 K Ring,http://www.flipkart.com/fullcutdiamond-fcdr1435r-yellow-gold-diamond-18k-18-k-ring/p/itmec8pm7y4fatgn?pid=RNGEC8PZHP2RRXS4,2016-01-01 19:37:22+00:00,Jewellery,Fullcutdiamond,41483.0,29039.0,,True,True,29.997830436564374,3522,310.0,1076.75,0.0,2226.875,36.46853602869253,High
4e44ff871ea04677cb5b1cb936b9901e,RNGEDAK9ZSFKZPZE,Radiant Bay Five Stone White Gold Diamond 18 K Ring,http://www.flipkart.com/radiant-bay-five-stone-white-gold-diamond-18-k-ring/p/itmedak9srgvyhcg?pid=RNGEDAK9ZSFKZPZE,2016-01-01 19:37:22+00:00,Jewellery,Radiant Bay,36291.0,29033.0,,True,True,19.999448899176105,3522,310.0,1076.75,0.0,2226.875,36.460710792305186,High
8384f6c4f74833b6fb48b2f88d0c4b1e,RNGE7M926GMEMDPS,Karatcraft Mellizo Yellow Gold Diamond 18 K Ring,http://www.flipkart.com/karatcraft-mellizo-yellow-gold-diamond-18-k-ring/p/itme7m92zyfuajx2?pid=RNGE7M926GMEMDPS,2016-01-01 19:37:22+00:00,Jewellery,Karatcraft,39641.0,29003.0,,True,True,26.835851769632452,3522,310.0,1076.75,0.0,2226.875,36.42158461036844,High
6db7076180c528b61f0c923b5cc1906e,RNGEBWEAGNSJF9HA,WhiteGems Fascinating Karowe Gold Diamond 18 K Ring,http://www.flipkart.com/whitegems-fascinating-karowe-gold-diamond-18-k-ring/p/itmebwe7tqmcjpwd?pid=RNGEBWEAGNSJF9HA,2016-01-01 19:37:22+00:00,Jewellery,WhiteGems,33795.0,28996.0,,True,True,14.200325491936677,3522,310.0,1076.75,0.0,2226.875,36.412455167916534,High
00b35cdacb0bf4230cb8372774bc0e8c,RNGE7GVYH8HMEJZG,Karatcraft Corona Yellow Gold Diamond 18 K Ring,http://www.flipkart.com/karatcraft-corona-yellow-gold-diamond-18-k-ring/p/itme7gvybpzwjfkw?pid=RNGE7GVYH8HMEJZG,2016-01-01 19:37:22+00:00,Jewellery,Karatcraft,40569.0,28966.0,,True,True,28.600655673050852,3522,310.0,1076.75,0.0,2226.875,36.37332898597978,High
d6883e16c9863a8d09a42c0d06afd7ae,RNGECEVYCZNGJBHY,WearYourShine by PCJ The Adriyel Gold Diamond 18 K Ring,http://www.flipkart.com/wearyourshine-pcj-adriyel-gold-diamond-18-k-ring/p/itmecevyhguzqtjc?pid=RNGECEVYCZNGJBHY,2016-01-06 18:20:45+00:00,Jewellery,WearYourShine by PCJ,28963.0,28963.0,,True,True,0.0,3522,310.0,1076.75,0.0,2226.875,36.36941636778611,High
99c809a55fec2ee5ca2483a8fd2c6681,RNGEC8PNVNJQHWNM,Fullcutdiamond FCDR6283R Yellow Gold Diamond 18K Yellow Gold 18 K Ring,http://www.flipkart.com/fullcutdiamond-fcdr6283r-yellow-gold-diamond-18k-18-k-ring/p/itmec8pm3jahhhhs?pid=RNGEC8PNVNJQHWNM,2016-01-01 19:37:22+00:00,Jewellery,Fullcutdiamond,41218.0,28853.0,,True,True,29.999029550196518,3522,310.0,1076.75,0.0,2226.875,36.225953700684705,High
d77a73589ff51af3aae096034894978b,RNGE7GVYE9PZHGUZ,Karatcraft Infinity Swirl Yellow Gold Diamond 18 K Ring,http://www.flipkart.com/karatcraft-infinity-swirl-yellow-gold-diamond-18-k-ring/p/itme7gvyw5sswbwk?pid=RNGE7GVYE9PZHGUZ,2016-01-01 19:37:22+00:00,Jewellery,Karatcraft,41222.0,28851.0,,True,True,30.010673911988743,3522,310.0,1076.75,0.0,2226.875,36.22334528855559,High
fb8e2592c99c96ab7abd1781bfc5cc0b,RNGEDAPWZS46JGVF,Radiant Bay Black Bejewel Yellow Gold Diamond 14 K Ring,http://www.flipkart.com/radiant-bay-black-bejewel-yellow-gold-diamond-14-k-ring/p/itmedapwgf7kjyte?pid=RNGEDAPWZS46JGVF,2016-01-01 19:37:22+00:00,Jewellery,Radiant Bay,36053.0,28842.0,,True,True,20.001109477713367,3522,310.0,1076.75,0.0,2226.875,36.21160743397457,High
ea9a2f6c752a6ebf1092c869a879e3a3,RNGE9HEYYHRUE23R,BlueStone The Myrah Yellow Gold Diamond 14 K Ring,http://www.flipkart.com/bluestone-myrah-yellow-gold-diamond-14-k-ring/p/itme9hexansfrxns?pid=RNGE9HEYYHRUE23R,2016-01-01 19:37:22+00:00,Jewellery,BlueStone,39966.0,28831.0,,True,True,27.861182004704,3522,310.0,1076.75,0.0,2226.875,36.19726116726443,High
5015fe0e0a22997a20417b7421c6fd58,RNGEDAPVZ9SGJXB8,Radiant Bay Royal Décor White Gold Diamond 18 K Ring,http://www.flipkart.com/radiant-bay-royal-dcor-white-gold-diamond-18-k-ring/p/itmedapvtsbgywrz?pid=RNGEDAPVZ9SGJXB8,2016-01-01 19:37:22+00:00,Jewellery,Radiant Bay,35974.0,28779.0,,True,True,20.000555957080113,3522,310.0,1076.75,0.0,2226.875,36.1294424519074,High
9744319fb02c9cada0796ebac6136a9d,RNGE7GVYFXTPKK9U,Karatcraft Petunia Set Yellow Gold Diamond 18 K Ring,http://www.flipkart.com/karatcraft-petunia-set-yellow-gold-diamond-18-k-ring/p/itme7gvyfghhdkxv?pid=RNGE7GVYFXTPKK9U,2016-01-01 19:37:22+00:00,Jewellery,Karatcraft,40353.0,28751.0,,True,True,28.751270041880407,3522,310.0,1076.75,0.0,2226.875,36.09292468209977,High
82c57ed7f800d4c213a445713cbed59e,RNGE7M92FSBKF5YP,Karatcraft Golden Ribbon Yellow Gold Diamond 18 K Ring,http://www.flipkart.com/karatcraft-golden-ribbon-yellow-gold-diamond-18-k-ring/p/itme7m92smzts6mg?pid=RNGE7M92FSBKF5YP,2016-01-01 19:37:22+00:00,Jewellery,Karatcraft,39288.0,28747.0,,True,True,26.830075341071066,3522,310.0,1076.75,0.0,2226.875,36.08770785784154,High
a65e2ae5b79556f1c30f117f4767848e,RNGEDAQ3ZJC36WRB,Radiant Bay Classic Solitaire White Gold Diamond 18 K Ring,http://www.flipkart.com/radiant-bay-classic-solitaire-white-gold-diamond-18-k-ring/p/itmedaq3hg5vbavp?pid=RNGEDAQ3ZJC36WRB,2016-01-01 19:37:22+00:00,Jewellery,Radiant Bay,35873.0,28698.0,,True,True,20.00111504474117,3522,310.0,1076.75,0.0,2226.875,36.02380176067819,High
01b15bf71d1544c7bdc8ba9f82e84b3a,RNGE7M929NXNFZWQ,Karatcraft Dyumna Yellow Gold Diamond 18 K Ring,http://www.flipkart.com/karatcraft-dyumna-yellow-gold-diamond-18-k-ring/p/itme7m923yg8ysvv?pid=RNGE7M929NXNFZWQ,2016-01-01 19:37:22+00:00,Jewellery,Karatcraft,39200.0,28683.0,,True,True,26.82908163265306,3522,310.0,1076.75,0.0,2226.875,36.004238669709814,High
d9dbfbf4b2df33508dfbd755698a4a5c,RNGEC9RHMBQEHZBT,"BlueStone Priyala Ring Yellow Gold Diamond, Ruby 14 K Ring",http://www.flipkart.com/bluestone-priyala-ring-yellow-gold-diamond-ruby-14-k/p/itmec9rezqeyhmwj?pid=RNGEC9RHMBQEHZBT,2016-01-01 19:37:22+00:00,Jewellery,BlueStone,36440.0,28618.0,,True,True,21.46542261251372,3522,310.0,1076.75,0.0,2226.875,35.91946527551353,High
364c6deac705c9eabf9dfef89d870418,RNGE7M92KD8C96HF,Karatcraft Cadena Yellow Gold Diamond 18 K Ring,http://www.flipkart.com/karatcraft-cadena-yellow-gold-diamond-18-k-ring/p/itme7m92kd8e9jqn?pid=RNGE7M92KD8C96HF,2016-01-01 19:37:22+00:00,Jewellery,Karatcraft,39006.0,28607.0,,True,True,26.660001025483258,3522,310.0,1076.75,0.0,2226.875,35.90511900880339,High
83f9bab721684c5e1801ae6fadc7290f,RNGECQWJZWGJS5YA,Jisha The Promise Gold Diamond 18 K Ring,http://www.flipkart.com/jisha-promise-gold-diamond-18-k-ring/p/itmecqwjm3hgkemd?pid=RNGECQWJZWGJS5YA,2016-01-01 19:37:22+00:00,Jewellery,Jisha,38181.0,28600.0,,True,True,25.093632958801496,3522,310.0,1076.75,0.0,2226.875,35.89598956635148,High
fe7e957d2c31eaef1f7d726f0850cc95,RNGEC8PNB9RJXNTG,Fullcutdiamond FCDR8274R Yellow Gold Diamond 18K Yellow Gold 18 K Ring,http://www.flipkart.com/fullcutdiamond-fcdr8274r-yellow-gold-diamond-18k-18-k-ring/p/itmec8pmaxmrmxgc?pid=RNGEC8PNB9RJXNTG,2016-01-01 19:37:22+00:00,Jewellery,Fullcutdiamond,40854.0,28598.0,,True,True,29.999510451852938,3522,310.0,1076.75,0.0,2226.875,35.89338115422237,High
95a573865dec4a3de9c77b2b90eb2920,RNGEFKMJYWYZTBWT,"Rakam Gold Ruby, Diamond Yellow Gold 18 K Ring",http://www.flipkart.com/rakam-gold-ruby-diamond-yellow-18-k-ring/p/itmefkmj6nypygjh?pid=RNGEFKMJYWYZTBWT,2016-01-01 19:37:22+00:00,Jewellery,Rakam,33625.0,28581.0,,True,True,15.000743494423793,3522,310.0,1076.75,0.0,2226.875,35.87120965112488,High
c2e6e8b1e5302f19047affa3080264df,RNGEFKMJZU7CXMNH,"Rakam Gold Ruby, Diamond Yellow Gold 18 K Ring",http://www.flipkart.com/rakam-gold-ruby-diamond-yellow-18-k-ring/p/itmefkmjckjgfq4f?pid=RNGEFKMJZU7CXMNH,2016-01-01 19:37:22+00:00,Jewellery,Rakam,33625.0,28581.0,,True,True,15.000743494423793,3522,310.0,1076.75,0.0,2226.875,35.87120965112488,High
e9687fcf774fc58c08280fa6a0f42a13,RNGEFKMJZQFSMZU7,"Rakam Gold Sapphire, Diamond 14K White Gold 14 K Ring",http://www.flipkart.com/rakam-gold-sapphire-diamond-14k-white-14-k-ring/p/itmefkmjm3qynyfk?pid=RNGEFKMJZQFSMZU7,2016-01-01 19:37:22+00:00,Jewellery,Rakam,33625.0,28581.0,,True,True,15.000743494423793,3522,310.0,1076.75,0.0,2226.875,35.87120965112488,High
f3b6755d8161f8012feb53eb70cdc2ce,RNGEFJFFPZABKKZ7,Rakam Gold Diamond Yellow Gold 18 K Ring,http://www.flipkart.com/rakam-gold-diamond-yellow-18-k-ring/p/itmefjffed4zzwbd?pid=RNGEFJFFPZABKKZ7,2016-01-01 19:37:22+00:00,Jewellery,Rakam,33625.0,28581.0,,True,True,15.000743494423793,3522,310.0,1076.75,0.0,2226.875,35.87120965112488,High
f8bfe1610792380c00a8d5de26b95e69,RNGE73KMXXGXMDAW,Caratify Uniter Gold Diamond 14K Rose Gold 14 K Ring,http://www.flipkart.com/caratify-uniter-gold-diamond-14k-rose-14-k-ring/p/itme73kmaguhzz2s?pid=RNGE73KMXXGXMDAW,2016-01-01 19:37:22+00:00,Jewellery,Caratify,40000.0,28580.0,,True,True,28.55,3522,310.0,1076.75,0.0,2226.875,35.86990544506032,High
9326190c2fdd85d8997587038eacb938,RNGDQSVDZFVDFNDV,BlueStone The Tahira White Gold Diamond 18 K Ring,http://www.flipkart.com/bluestone-tahira-white-gold-diamond-18-k-ring/p/itmdqsve4w6zywzf?pid=RNGDQSVDZFVDFNDV,2016-01-01 19:37:22+00:00,Jewellery,BlueStone,37418.0,28543.0,,True,True,23.71853118819819,3522,310.0,1076.75,0.0,2226.875,35.82164982067167,High
f5dfbf4dfc81420e638cf207d0e56891,RNGEDAPFZQMYMCEB,Radiant Bay Knuckle Delight White Gold Diamond 14 K Ring,http://www.flipkart.com/radiant-bay-knuckle-delight-white-gold-diamond-14-k-ring/p/itmedapfnacahn4c?pid=RNGEDAPFZQMYMCEB,2016-01-01 19:37:22+00:00,Jewellery,Radiant Bay,35628.0,28502.0,,True,True,20.001122712473336,3522,310.0,1076.75,0.0,2226.875,35.76817737202478,High
48b4051b9a718c5f7b609b091e207ec5,RNGE82XPY58JRUFA,Rakam Gold Diamond 18 K Ring,http://www.flipkart.com/rakam-gold-diamond-18-k-ring/p/itme82xpagbxvy8m?pid=RNGE82XPY58JRUFA,2016-01-01 19:37:22+00:00,Jewellery,Rakam,33499.0,28499.0,,True,True,14.925818681154661,3522,310.0,1076.75,0.0,2226.875,35.76426475383111,High
3a04f0b85654fc3ca0f773e56442a207,RNGEC8PNZKKDQWP9,Fullcutdiamond FCDR1829R Yellow Gold Diamond 18K Yellow Gold 18 K Ring,http://www.flipkart.com/fullcutdiamond-fcdr1829r-yellow-gold-diamond-18k-18-k-ring/p/itmec8pmfvkvfuby?pid=RNGEC8PNZKKDQWP9,2016-01-01 19:37:22+00:00,Jewellery,Fullcutdiamond,40706.0,28495.0,,True,True,29.998034687761017,3522,310.0,1076.75,0.0,2226.875,35.75904792957287,High
383177ca5e1cc8ea06b0f18c1f089a3c,RNGE7GVYDDYSFDYH,Karatcraft Zetra Yellow Gold Diamond 18 K Ring,http://www.flipkart.com/karatcraft-zetra-yellow-gold-diamond-18-k-ring/p/itme7gvyybsz5hzg?pid=RNGE7GVYDDYSFDYH,2016-01-01 19:37:22+00:00,Jewellery,Karatcraft,40066.0,28433.0,,True,True,29.03459292167923,3522,310.0,1076.75,0.0,2226.875,35.67818715357026,High
37fa2c01be34f8f523f408bbdb9abe0c,RNGE8TQ9STMZHYDA,Jewels5 Sunnie Yellow Gold Diamond 18 K Ring,http://www.flipkart.com/jewels5-sunnie-yellow-gold-diamond-18-k-ring/p/itme8tq9cbpxnaz5?pid=RNGE8TQ9STMZHYDA,2016-01-01 19:37:22+00:00,Jewellery,Jewels5,40136.0,28415.0,,True,True,29.20320908909707,3522,310.0,1076.75,0.0,2226.875,35.654711444408214,High
69c0524bccf30fdf7d520f6f4f5b2627,RNGE7M92M8BNW2PN,Karatcraft Cadena Yellow Gold Diamond 18 K Ring,http://www.flipkart.com/karatcraft-cadena-yellow-gold-diamond-18-k-ring/p/itme7m92vhuc8qn4?pid=RNGE7M92M8BNW2PN,2016-01-01 19:37:22+00:00,Jewellery,Karatcraft,38587.0,28397.0,,True,True,26.407857568611192,3522,310.0,1076.75,0.0,2226.875,35.63123573524617,High
a62b34aa0564cbf03b0132773eab9354,WATE3FAXGFHMASYX,"Cobra Paris CO6394A1 Analog Watch  - For Men, Boys",http://www.flipkart.com/cobra-paris-co6394a1-analog-watch-men-boys/p/itme3faxhgg8jhbr?pid=WATE3FAXGFHMASYX,2015-12-04 07:25:36+00:00,Watches,Unknown,18995.0,15195.0,,True,True,20.005264543300868,528,550.0,950.0,0.0,1550.0,35.6125,High
5f8c8f2f6c0767230c6b5e38f19b2ea4,RNGEAWXHPVZ3XYHC,WearYourShine by PCJ The Hyun Gold Diamond 18 K Ring,http://www.flipkart.com/wearyourshine-pcj-hyun-gold-diamond-18-k-ring/p/itmeawxghh2zhnaj?pid=RNGEAWXHPVZ3XYHC,2016-01-07 00:54:41+00:00,Jewellery,WearYourShine by PCJ,28374.0,28374.0,,True,True,0.0,3522,310.0,1076.75,0.0,2226.875,35.60123899576133,High
8f95953d64689ed1dbf32d6c6fd4cd88,RNGEBQZRZSJHG9ZE,BlueStone Helix Lattice Yellow Gold Diamond 14 K Ring,http://www.flipkart.com/bluestone-helix-lattice-yellow-gold-diamond-14-k-ring/p/itmebqzq6zdqzzr8?pid=RNGEBQZRZSJHG9ZE,2016-01-01 19:37:22+00:00,Jewellery,BlueStone,39507.0,28361.0,,True,True,28.212721796137394,3522,310.0,1076.75,0.0,2226.875,35.58428431692207,High
c31221d13737efbe49ca2e082a10dcf6,RNGDQ5GGZXAQWXWW,BlueStone The Cora Gold Diamond 18 K Ring,http://www.flipkart.com/bluestone-cora-gold-diamond-18-k-ring/p/itmdq5ghjgrxbpxe?pid=RNGDQ5GGZXAQWXWW,2016-01-01 19:37:22+00:00,Jewellery,BlueStone,40840.0,28358.0,,True,True,30.56317335945152,3522,310.0,1076.75,0.0,2226.875,35.5803716987284,High
4f1eaddde3bdfa7e5898e4641e4754b6,RNGE864HQQUYJQHB,Karatcraft Wadell Gold Diamond 18 K Ring,http://www.flipkart.com/karatcraft-wadell-gold-diamond-18-k-ring/p/itme7t8fdbd5zjz4?pid=RNGE864HQQUYJQHB,2016-01-06 18:20:45+00:00,Jewellery,Karatcraft,42321.0,28317.0,,True,True,33.089955341319914,3522,310.0,1076.75,0.0,2226.875,35.52689925008151,High
33dacd5c7d1f9c4a6edf841217a306da,RNGEA9ZVXZGZGDG4,"BlueStone The Ziva Yellow Gold Diamond, Emerald 18 K Ring",http://www.flipkart.com/bluestone-ziva-yellow-gold-diamond-emerald-18-k-ring/p/itmea9zvcntxpnfd?pid=RNGEA9ZVXZGZGDG4,2016-01-06 18:20:45+00:00,Jewellery,BlueStone,31300.0,28313.0,,True,True,9.543130990415335,3522,310.0,1076.75,0.0,2226.875,35.52168242582328,High
1d93e597b74f9a33e270169ff01eed44,RNGECKFZZZZHVMHD,BlueStone Kshitija Yellow Gold Diamond 18 K Ring,http://www.flipkart.com/bluestone-kshitija-yellow-gold-diamond-18-k-ring/p/itmeckfzym9gttvn?pid=RNGECKFZZZZHVMHD,2016-01-01 19:37:22+00:00,Jewellery,BlueStone,37492.0,28294.0,,True,True,24.533233756534727,3522,310.0,1076.75,0.0,2226.875,35.49690251059668,High
21fe4aec9c141c53a03cf1ae6ce74871,RNGE43MFSADV8UKJ,RaSav Jewels Yellow Gold Diamond Yellow Gold 18 K Ring,http://www.flipkart.com/rasav-jewels-yellow-gold-diamond-18-k-ring/p/itme43mfckknkqzg?pid=RNGE43MFSADV8UKJ,2016-01-01 19:37:22+00:00,Jewellery,RaSav Jewels,35356.0,28285.0,,True,True,19.999434325149902,3522,310.0,1076.75,0.0,2226.875,35.48516465601565,High
fb7fcb4765b726ebfe0cbead1762e0c7,RNGDX7QYPZTH5PQ7,Shashvat Jewels Yellow Gold Diamond 14 K Ring,http://www.flipkart.com/shashvat-jewels-yellow-gold-diamond-14-k-ring/p/itmdx7qyg6hkkpw6?pid=RNGDX7QYPZTH5PQ7,2016-01-01 19:37:22+00:00,Jewellery,Shashvat Jewels,35726.0,28224.0,,True,True,20.99871242232548,3522,310.0,1076.75,0.0,2226.875,35.4056080860776,High
0d08e3ab1170d62ecb5e96e18bcea98f,RNGE88Q9YPF2P282,Karatcraft Somina Floral Gold Diamond 18 K Ring,http://www.flipkart.com/karatcraft-somina-floral-gold-diamond-18-k-ring/p/itme88q9yd3k8vgp?pid=RNGE88Q9YPF2P282,2016-01-01 19:37:22+00:00,Jewellery,Karatcraft,39550.0,28184.0,,True,True,28.738305941845766,3522,310.0,1076.75,0.0,2226.875,35.35343984349527,High
1b3a9405e134c0f9aa30c2c4f209a86e,RNGE8TFNYWVQ49EZ,Jewels5 Lavatera Yellow Gold Diamond 18 K Ring,http://www.flipkart.com/jewels5-lavatera-yellow-gold-diamond-18-k-ring/p/itme8tfnevs5npdr?pid=RNGE8TFNYWVQ49EZ,2016-01-01 19:37:22+00:00,Jewellery,Jewels5,39780.0,28172.0,,True,True,29.180492709904474,3522,310.0,1076.75,0.0,2226.875,35.33778937072057,High
32d2a4541673f0660748604b8875835c,RNGEDAPSYY5GYNSE,Radiant Bay Floral Fusion Yellow Gold Diamond 18 K Ring,http://www.flipkart.com/radiant-bay-floral-fusion-yellow-gold-diamond-18-k-ring/p/itmedapsbp4bwnqq?pid=RNGEDAPSYY5GYNSE,2016-01-01 19:37:22+00:00,Jewellery,Radiant Bay,35158.0,28126.0,,True,True,20.00113772114455,3522,310.0,1076.75,0.0,2226.875,35.2777958917509,High
999ad06cfe349944f7baecc2bd4fa1d0,RNGEDAPSSJWY3SBB,Radiant Bay Floral Fusion White Gold Diamond 18 K Ring,http://www.flipkart.com/radiant-bay-floral-fusion-white-gold-diamond-18-k-ring/p/itmedapr6fkskm2f?pid=RNGEDAPSSJWY3SBB,2016-01-01 19:37:22+00:00,Jewellery,Radiant Bay,35158.0,28126.0,,True,True,20.00113772114455,3522,310.0,1076.75,0.0,2226.875,35.2777958917509,High
8013741af674413d3faebc1ca5986f0b,RNGE7M92CUAGEVZZ,Karatcraft Zetra Yellow Gold Diamond 18 K Ring,http://www.flipkart.com/karatcraft-zetra-yellow-gold-diamond-18-k-ring/p/itme7m92gfcf5chd?pid=RNGE7M92CUAGEVZZ,2016-01-01 19:37:22+00:00,Jewellery,Karatcraft,38840.0,28110.0,,True,True,27.62615859938208,3522,310.0,1076.75,0.0,2226.875,35.25692859471796,High
af58e2a79e8799899312fda6a40c2c96,RNGE7GVYZVRPJC7J,Karatcraft Collatio Yellow Gold Diamond 18 K Ring,http://www.flipkart.com/karatcraft-collatio-yellow-gold-diamond-18-k-ring/p/itme7gvypvbh53k5?pid=RNGE7GVYZVRPJC7J,2016-01-01 19:37:22+00:00,Jewellery,Karatcraft,39736.0,28083.0,,True,True,29.32605194282263,3522,310.0,1076.75,0.0,2226.875,35.22171503097489,High
86fedaa50b1ec2ed7ed2ff21cd9a6f96,RNGE7GVY62WSJP7X,Karatcraft Viña Yellow Gold Diamond 18 K Ring,http://www.flipkart.com/karatcraft-via-yellow-gold-diamond-18-k-ring/p/itme7gvy8c2hqvgz?pid=RNGE7GVY62WSJP7X,2016-01-01 19:37:22+00:00,Jewellery,Karatcraft,39428.0,28080.0,,True,True,28.7815765445876,3522,310.0,1076.75,0.0,2226.875,35.21780241278122,High
748875d84f759b524927eee6144d7aa3,RNGEDAK8ZM9PHZNW,Radiant Bay Deluxe Solitaire White Gold Diamond 18 K Ring,http://www.flipkart.com/radiant-bay-deluxe-solitaire-white-gold-diamond-18-k-ring/p/itmedak8hurzvdgk?pid=RNGEDAK8ZM9PHZNW,2016-01-01 19:37:22+00:00,Jewellery,Radiant Bay,35062.0,28050.0,,True,True,19.99885916376704,3522,310.0,1076.75,0.0,2226.875,35.178676230844474,High
9316abc07aaf09237188855ef6c0079e,RNGE9HDKXUD934DJ,BlueStone The Fashion Finesse Yellow Gold Diamond 18 K Ring,http://www.flipkart.com/bluestone-fashion-finesse-yellow-gold-diamond-18-k-ring/p/itme9hdhrg3zhd8h?pid=RNGE9HDKXUD934DJ,2016-01-01 19:37:22+00:00,Jewellery,BlueStone,38389.0,28042.0,,True,True,26.953033421032067,3522,310.0,1076.75,0.0,2226.875,35.168242582328006,High
b727abd90818f60f3028b58f1a007583,RNGE88FQP6EFUSVV,Karatcraft Triniya Promise Gold Diamond 18 K Ring,http://www.flipkart.com/karatcraft-triniya-promise-gold-diamond-18-k-ring/p/itme88franu3qeqb?pid=RNGE88FQP6EFUSVV,2016-01-06 18:20:45+00:00,Jewellery,Karatcraft,44019.0,28011.0,,True,True,36.36611463231786,3522,310.0,1076.75,0.0,2226.875,35.1278121943267,High
d9f125efe247fd101d08e5e08e815af7,RNGEYQZEB2MRQBCW,JacknJewel Felicity Diamond Stone Gold 18K Yellow Gold 18 K Ring,http://www.flipkart.com/jacknjewel-felicity-diamond-stone-gold-18k-yellow-18-k-ring/p/itmeyqzeeww5gzgx?pid=RNGEYQZEB2MRQBCW,2016-01-01 19:37:22+00:00,Jewellery,JacknJewel,40320.0,28000.0,,True,True,30.555555555555557,3522,310.0,1076.75,0.0,2226.875,35.113465927616566,High
32370450ef1b399d3687b77894d32328,RNGEYQZEZ8P3EMJF,JacknJewel Felicity Diamond Stone Gold 18K Yellow Gold 18 K Ring,http://www.flipkart.com/jacknjewel-felicity-diamond-stone-gold-18k-yellow-18-k-ring/p/itmeyqzehktgk3zf?pid=RNGEYQZEZ8P3EMJF,2016-01-01 19:37:22+00:00,Jewellery,JacknJewel,36360.0,27999.0,,True,True,22.995049504950494,3522,310.0,1076.75,0.0,2226.875,35.112161721552006,High
f3f6f04f356406c3f5f51f3f7df31c4b,RNGE4YXXY4UAAVAM,Diti Jewellery Certified designer jewellery RD0578 Platinum Ring,http://www.flipkart.com/diti-jewellery-certified-designer-rd0578-platinum-ring/p/itme4yxxjjne4swg?pid=RNGE4YXXY4UAAVAM,2016-01-01 19:37:22+00:00,Jewellery,Diti Jewellery,37300.0,27975.0,,True,True,25.0,3522,310.0,1076.75,0.0,2226.875,35.08086077600261,High
6fa107064274412ecba92b115fc3f76e,RNGE7GVYDZY6FQCZ,Karatcraft Dahlia Yellow Gold Diamond 18 K Ring,http://www.flipkart.com/karatcraft-dahlia-yellow-gold-diamond-18-k-ring/p/itme7gvybjr53zak?pid=RNGE7GVYDZY6FQCZ,2016-01-01 19:37:22+00:00,Jewellery,Karatcraft,40034.0,27962.0,,True,True,30.15436878653145,3522,310.0,1076.75,0.0,2226.875,35.063906097163354,High
813b81888b4f72d36cd5722630703d2c,RNGE7GVYZMMHPNVN,Karatcraft Ravishing Embrace Yellow Gold Diamond 18 K Ring,http://www.flipkart.com/karatcraft-ravishing-embrace-yellow-gold-diamond-18-k-ring/p/itme7gvyzhvvewfh?pid=RNGE7GVYZMMHPNVN,2016-01-01 19:37:22+00:00,Jewellery,Karatcraft,39208.0,27920.0,,True,True,28.790042848398286,3522,310.0,1076.75,0.0,2226.875,35.00912944245191,High
9ed2bbbd445a9f55196455303ce5ac23,RNGE7GVYWNFXZFZ7,Karatcraft Starry Night White Gold Diamond 18 K Ring,http://www.flipkart.com/karatcraft-starry-night-white-gold-diamond-18-k-ring/p/itme7gvyhzbb6nht?pid=RNGE7GVYWNFXZFZ7,2016-01-01 19:37:22+00:00,Jewellery,Karatcraft,39313.0,27893.0,,True,True,29.048915117136826,3522,310.0,1076.75,0.0,2226.875,34.97391587870884,High
037fc353906bc26ef2ec3937c65b1d13,RNGE9HEQPFYGHMYU,"BlueStone The Charming Prince Yellow Gold Diamond, Ruby 14 K Ring",http://www.flipkart.com/bluestone-charming-prince-yellow-gold-diamond-ruby-14-k-ring/p/itme9hepw6ztsrzw?pid=RNGE9HEQPFYGHMYU,2016-01-01 19:37:22+00:00,Jewellery,BlueStone,34952.0,27892.0,,True,True,20.199130235751888,3522,310.0,1076.75,0.0,2226.875,34.97261167264428,High
bd58cacba7108ec0bd0d9627e785c0e8,RNGE7M92XQSYMJFX,Karatcraft Zetra Yellow Gold Diamond 18 K Ring,http://www.flipkart.com/karatcraft-zetra-yellow-gold-diamond-18-k-ring/p/itme7m92eyyddk2h?pid=RNGE7M92XQSYMJFX,2016-01-01 19:37:22+00:00,Jewellery,Karatcraft,38375.0,27876.0,,True,True,27.358957654723127,3522,310.0,1076.75,0.0,2226.875,34.95174437561135,High
7020efac1c0eb71515da340d568a0118,RNGE4BR96HQUWVMW,Rasav Jewels White Gold Diamond 18K White Gold 18 K Ring,http://www.flipkart.com/rasav-jewels-white-gold-diamond-18k-18-k-ring/p/itme4br87zyddc25?pid=RNGE4BR96HQUWVMW,2016-01-07 00:54:41+00:00,Jewellery,Rasav Jewels,34816.0,27853.0,,True,True,19.999425551470587,3522,310.0,1076.75,0.0,2226.875,34.92174763612651,High
6e07ebe12f300191f5162a6de14361a0,RNGEYRXFZP9WJMY5,Diti Jewellery Platinum Ring,http://www.flipkart.com/diti-jewellery-platinum-ring/p/itme4ue5f6khp46c?pid=RNGEYRXFZP9WJMY5,2016-01-01 19:37:22+00:00,Jewellery,Diti Jewellery,37100.0,27825.0,,True,True,25.0,3522,310.0,1076.75,0.0,2226.875,34.88522986631888,High
b707bc71bdeb57b49859d4c7e387fff8,RNGE7GVYY8NFWKF5,Karatcraft Dilectus Yellow Gold Diamond 18 K Ring,http://www.flipkart.com/karatcraft-dilectus-yellow-gold-diamond-18-k-ring/p/itme7gvygcy8mn49?pid=RNGE7GVYY8NFWKF5,2016-01-01 19:37:22+00:00,Jewellery,Karatcraft,39174.0,27823.0,,True,True,28.975851329963753,3522,310.0,1076.75,0.0,2226.875,34.88262145418976,High
d5bb8f54cf050035c49b670c39ef9c13,RNGEDAPYWKPZFQZ4,Radiant Bay Hearty White Gold Diamond 14 K Ring,http://www.flipkart.com/radiant-bay-hearty-white-gold-diamond-14-k-ring/p/itmedapyw37qte6m?pid=RNGEDAPYWKPZFQZ4,2016-01-01 19:37:22+00:00,Jewellery,Radiant Bay,34771.0,27817.0,,True,True,19.99942480802968,3522,310.0,1076.75,0.0,2226.875,34.87479621780241,High
a6a1b2856ff408ca977395124f5c922c,RNGE4BR9SHZWVFPY,Rasav Jewels White Gold Diamond 18K White Gold 18 K Ring,http://www.flipkart.com/rasav-jewels-white-gold-diamond-18k-18-k-ring/p/itme4br9vh44z3ch?pid=RNGE4BR9SHZWVFPY,2016-01-01 19:37:22+00:00,Jewellery,Rasav Jewels,34732.0,27786.0,,True,True,19.998848324311872,3522,310.0,1076.75,0.0,2226.875,34.83436582980111,High
db74f50af95d020251f25825c7a24414,RNGE7GVYHYXZZJDQ,Karatcraft Vinea Yellow Gold Diamond 18 K Ring,http://www.flipkart.com/karatcraft-vinea-yellow-gold-diamond-18-k-ring/p/itme7gvydthadgts?pid=RNGE7GVYHYXZZJDQ,2016-01-01 19:37:22+00:00,Jewellery,Karatcraft,39264.0,27786.0,,True,True,29.232885085574573,3522,310.0,1076.75,0.0,2226.875,34.83436582980111,High
e939b4958357ab49fb081608550e67b8,RNGE88FRPNCZWBZC,Karatcraft Raciel Gold Diamond 18 K Ring,http://www.flipkart.com/karatcraft-raciel-gold-diamond-18-k-ring/p/itme88frxfdmpnmf?pid=RNGE88FRPNCZWBZC,2016-01-01 19:37:22+00:00,Jewellery,Karatcraft,35581.0,27766.0,,True,True,21.963969534302016,3522,310.0,1076.75,0.0,2226.875,34.808281708509945,High
25d3b140838cc9b1ef91344910f60229,RNGE5SPMXYGUUKWN,Voylla Precious Plain Yellow Gold Diamond Yellow Gold 14 K Ring,http://www.flipkart.com/voylla-precious-plain-yellow-gold-diamond-14-k-ring/p/itme5spmvkwzkkcb?pid=RNGE5SPMXYGUUKWN,2016-01-01 19:37:22+00:00,Jewellery,Voylla,34799.0,27739.0,,True,True,20.287939308600823,3522,310.0,1076.75,0.0,2226.875,34.773068144766874,High
829ac28cdbe2864a2a7507d5ebe46f05,RNGDXXB6HXC7DQDH,Caratcents Gold Diamond Yellow Gold 14 K Ring,http://www.flipkart.com/caratcents-gold-diamond-yellow-14-k-ring/p/itmdxxb6hhumpydt?pid=RNGDXXB6HXC7DQDH,2016-01-01 19:37:22+00:00,Jewellery,Caratcents,40172.0,27719.0,,True,True,30.999203425271332,3522,310.0,1076.75,0.0,2226.875,34.74698402347571,High
dc8c05603c0a5d9f75e08f0584277e8b,RNGDX7U4FFMCPN2V,Shashvat Jewels Yellow Gold Diamond 14 K Ring,http://www.flipkart.com/shashvat-jewels-yellow-gold-diamond-14-k-ring/p/itmdx7u4hczspg6j?pid=RNGDX7U4FFMCPN2V,2016-01-01 19:37:22+00:00,Jewellery,Shashvat Jewels,35067.0,27703.0,,True,True,20.999800382125645,3522,310.0,1076.75,0.0,2226.875,34.726116726442775,High
63209ec3837a02b930cecd50e47da110,RNGEDAPVTMWEQDH2,Radiant Bay Beauteous Black And White White Gold Diamond 18 K Ring,http://www.flipkart.com/radiant-bay-beauteous-black-white-gold-diamond-18-k-ring/p/itmedapuad6dmtux?pid=RNGEDAPVTMWEQDH2,2016-01-01 19:37:22+00:00,Jewellery,Radiant Bay,34601.0,27681.0,,True,True,19.99942198202364,3522,310.0,1076.75,0.0,2226.875,34.6974241930225,High
694c97e11cb7bc5ce1a2681f0672f2ea,RNGEC8PZGSS7NJC8,Fullcutdiamond FCDR1569R Yellow Gold Diamond 18K Yellow Gold 18 K Ring,http://www.flipkart.com/fullcutdiamond-fcdr1569r-yellow-gold-diamond-18k-18-k-ring/p/itmec8pnrzxagzp9?pid=RNGEC8PZGSS7NJC8,2016-01-01 19:37:22+00:00,Jewellery,Fullcutdiamond,39520.0,27664.0,,True,True,30.0,3522,310.0,1076.75,0.0,2226.875,34.67525268992501,High
39d04793fbf28ee88a58d417bb61b8ba,RNGE7M92FRVBBDJH,Karatcraft Intima Yellow Gold Diamond 18 K Ring,http://www.flipkart.com/karatcraft-intima-yellow-gold-diamond-18-k-ring/p/itme7m92m2qysrgb?pid=RNGE7M92FRVBBDJH,2016-01-01 19:37:22+00:00,Jewellery,Karatcraft,37671.0,27662.0,,True,True,26.569509702423616,3522,310.0,1076.75,0.0,2226.875,34.67264427779589,High
ab902beef71224ad2c62b76f56d4a989,RNGEDAKFZNNJHKDX,Radiant Bay Brilliant Knot Yellow Gold Diamond 18 K Ring,http://www.flipkart.com/radiant-bay-brilliant-knot-yellow-gold-diamond-18-k-ring/p/itmedakfe2qwsdzf?pid=RNGEDAKFZNNJHKDX,2016-01-01 19:37:22+00:00,Jewellery,Radiant Bay,34562.0,27650.0,,True,True,19.99884265956831,3522,310.0,1076.75,0.0,2226.875,34.656993805021195,High
f21dc068a73c6bbfb92f161b7a22b6b8,RNGEDAPYZCATNYHX,Radiant Bay Urban Glamour White Gold Diamond 18 K Ring,http://www.flipkart.com/radiant-bay-urban-glamour-white-gold-diamond-18-k-ring/p/itmedapysdswj7gh?pid=RNGEDAPYZCATNYHX,2016-01-01 19:37:22+00:00,Jewellery,Radiant Bay,34562.0,27650.0,,True,True,19.99884265956831,3522,310.0,1076.75,0.0,2226.875,34.656993805021195,High
6156616fd47ee911f150776a231d3006,RNGE7GVYFREQXMMT,Karatcraft Rombus Yellow Gold Diamond 18 K Ring,http://www.flipkart.com/karatcraft-rombus-yellow-gold-diamond-18-k-ring/p/itme7gvyrtnbympf?pid=RNGE7GVYFREQXMMT,2016-01-01 19:37:22+00:00,Jewellery,Karatcraft,38801.0,27637.0,,True,True,28.772454318187677,3522,310.0,1076.75,0.0,2226.875,34.64003912618194,High
b8b60b55a9dd526707fc48e071d084d1,RNGEA9ZWZFK7X4SZ,BlueStone The Ema Yellow Gold Diamond 18 K Ring,http://www.flipkart.com/bluestone-ema-yellow-gold-diamond-18-k-ring/p/itmea9zwxy5hefac?pid=RNGEA9ZWZFK7X4SZ,2016-01-01 19:37:22+00:00,Jewellery,BlueStone,35350.0,27616.0,,True,True,21.878359264497877,3522,310.0,1076.75,0.0,2226.875,34.612650798826216,High
ac5868ca6faa3e46c62621b6b173574a,RNGDX7QHH9SASB2H,Shashvat Jewels Yellow Gold Diamond 9 K Ring,http://www.flipkart.com/shashvat-jewels-yellow-gold-diamond-9-k-ring/p/itmdx7qhrqdzyazv?pid=RNGDX7QHH9SASB2H,2016-01-01 19:37:22+00:00,Jewellery,Shashvat Jewels,34906.0,27576.0,,True,True,20.9992551423824,3522,310.0,1076.75,0.0,2226.875,34.56048255624388,High
12aab8578559709ad955ac62cb2277a4,RNGEDAPUZZDP3HYJ,Radiant Bay Ravishing Yellow Gold Diamond 18 K Ring,http://www.flipkart.com/radiant-bay-ravishing-yellow-gold-diamond-18-k-ring/p/itmedaputqfbmzzk?pid=RNGEDAPUZZDP3HYJ,2016-01-01 19:37:22+00:00,Jewellery,Radiant Bay,34451.0,27561.0,,True,True,19.999419465327566,3522,310.0,1076.75,0.0,2226.875,34.540919465275515,High
4af0966b734b0f844127357223bc2049,RNGEDAPYZEFYKN2B,Radiant Bay Hearty Yellow Gold Diamond 18 K Ring,http://www.flipkart.com/radiant-bay-hearty-yellow-gold-diamond-18-k-ring/p/itmedapyahvdzdmc?pid=RNGEDAPYZEFYKN2B,2016-01-01 19:37:22+00:00,Jewellery,Radiant Bay,34447.0,27558.0,,True,True,19.998838795831276,3522,310.0,1076.75,0.0,2226.875,34.53700684708184,High
d34c3727b597a6c775c0ec9bf7a43344,RNGEDAPYYHS3RG8Y,Radiant Bay Hearty White Gold Diamond 18 K Ring,http://www.flipkart.com/radiant-bay-hearty-white-gold-diamond-18-k-ring/p/itmedapygbhffpwn?pid=RNGEDAPYYHS3RG8Y,2016-01-01 19:37:22+00:00,Jewellery,Radiant Bay,34447.0,27558.0,,True,True,19.998838795831276,3522,310.0,1076.75,0.0,2226.875,34.53700684708184,High
1c351cce2ca494c59be6ac806bc2444c,RNGE7GVYNR2YU4WG,Karatcraft Dilectus Yellow Gold Diamond 18 K Ring,http://www.flipkart.com/karatcraft-dilectus-yellow-gold-diamond-18-k-ring/p/itme7gvykxp8smdt?pid=RNGE7GVYNR2YU4WG,2016-01-01 19:37:22+00:00,Jewellery,Karatcraft,38615.0,27543.0,,True,True,28.672795545772367,3522,310.0,1076.75,0.0,2226.875,34.517443756113465,High
8c999692e9b4c145ee4270989162c42d,RNGEDAKBW4PQVFB7,Radiant Bay Three Knot Yellow Gold Diamond 18 K Ring,http://www.flipkart.com/radiant-bay-three-knot-yellow-gold-diamond-18-k-ring/p/itmedakavmhjxgkf?pid=RNGEDAKBW4PQVFB7,2016-01-01 19:37:22+00:00,Jewellery,Radiant Bay,34402.0,27522.0,,True,True,19.998837276902506,3522,310.0,1076.75,0.0,2226.875,34.49005542875774,High
381e2a61bf6a79a8ec2c6da4d6b3e0d7,RNGEFKMJXVKCS42S,"Rakam Gold Emerald, Diamond Yellow Gold 14 K Ring",http://www.flipkart.com/rakam-gold-emerald-diamond-yellow-14-k-ring/p/itmefkmjuqcczbch?pid=RNGEFKMJXVKCS42S,2016-01-01 19:37:22+00:00,Jewellery,Rakam,32375.0,27518.0,,True,True,15.002316602316602,3522,310.0,1076.75,0.0,2226.875,34.48483860449951,High
570cf3ce1bf1137899687b8d13d8253d,RNGEFKMJW39ERTGF,"Rakam Gold Emerald, Diamond 14K White Gold 14 K Ring",http://www.flipkart.com/rakam-gold-emerald-diamond-14k-white-14-k-ring/p/itmefkmj46y7pwvz?pid=RNGEFKMJW39ERTGF,2016-01-01 19:37:22+00:00,Jewellery,Rakam,32375.0,27518.0,,True,True,15.002316602316602,3522,310.0,1076.75,0.0,2226.875,34.48483860449951,High
b326db1edba4d0b630c89872eb0819d9,RNGEFKMJVRY4MM43,"Rakam Gold Emerald, Diamond 14K Rose Gold 14 K Ring",http://www.flipkart.com/rakam-gold-emerald-diamond-14k-rose-14-k-ring/p/itmefkmjyu6dfnhc?pid=RNGEFKMJVRY4MM43,2016-01-01 19:37:22+00:00,Jewellery,Rakam,32375.0,27518.0,,True,True,15.002316602316602,3522,310.0,1076.75,0.0,2226.875,34.48483860449951,High
b7843ac1a6003ae80423681de300b47d,RNGEFKMJTC8N3GGR,"Rakam Gold Emerald, Diamond Yellow Gold 18 K Ring",http://www.flipkart.com/rakam-gold-emerald-diamond-yellow-18-k-ring/p/itmefkmjzedqrhqb?pid=RNGEFKMJTC8N3GGR,2016-01-01 19:37:22+00:00,Jewellery,Rakam,32375.0,27518.0,,True,True,15.002316602316602,3522,310.0,1076.75,0.0,2226.875,34.48483860449951,High
9efe3ffb21befd2d94a6ca4b01b379dd,RNGDX7SAWWZ7CD35,Shashvat Jewels Yellow Gold Diamond 9 K Ring,http://www.flipkart.com/shashvat-jewels-yellow-gold-diamond-9-k-ring/p/itmdx7udfnjmrmgz?pid=RNGDX7SAWWZ7CD35,2016-01-01 19:37:22+00:00,Jewellery,Shashvat Jewels,34829.0,27515.0,,True,True,20.99974159464814,3522,310.0,1076.75,0.0,2226.875,34.480925986305834,High
1132027e6d18cac1f20061813b46b29b,RNGEYQZDCMC4YUKK,JacknJewel Circular Diamond Gold 18K Yellow Gold 18 K Ring,http://www.flipkart.com/jacknjewel-circular-diamond-gold-18k-yellow-18-k-ring/p/itmeyqzdct8exk7x?pid=RNGEYQZDCMC4YUKK,2016-01-01 19:37:22+00:00,Jewellery,JacknJewel,34997.0,27497.0,,True,True,21.430408320713205,3522,310.0,1076.75,0.0,2226.875,34.45745027714379,High
b0ec7fed671873ed5da97b115b119d9f,RNGE7GVYBJSFESSJ,Karatcraft Esperanza Yellow Gold Diamond 18 K Ring,http://www.flipkart.com/karatcraft-esperanza-yellow-gold-diamond-18-k-ring/p/itme7gvyeyaqguxd?pid=RNGE7GVYBJSFESSJ,2016-01-01 19:37:22+00:00,Jewellery,Karatcraft,39638.0,27470.0,,True,True,30.697815227811695,3522,310.0,1076.75,0.0,2226.875,34.422236713400714,High
b7060956bc0ded3f0a4c2a2ea336ecf4,RNGE9HDXZYFWSFXU,"BlueStone The Suneha Yellow Gold Diamond, Ruby 14 K Ring",http://www.flipkart.com/bluestone-suneha-yellow-gold-diamond-ruby-14-k-ring/p/itme9hdxxhgy7jjt?pid=RNGE9HDXZYFWSFXU,2016-01-01 19:37:22+00:00,Jewellery,BlueStone,38106.0,27460.0,,True,True,27.937857555240644,3522,310.0,1076.75,0.0,2226.875,34.40919465275513,High
7f7288d269187c46309cd65a55aa37f5,RNGEYRXFYFABCTNY,Diti Jewellery Platinum Ring,http://www.flipkart.com/diti-jewellery-platinum-ring/p/itme4udzqm8tn7m3?pid=RNGEYRXFYFABCTNY,2016-01-01 19:37:22+00:00,Jewellery,Diti Jewellery,36600.0,27450.0,,True,True,25.0,3522,310.0,1076.75,0.0,2226.875,34.39615259210955,High
3040e1858e6d7915b314450376a45d02,RNGDX7UXHM8GNQRC,Shashvat Jewels Yellow Gold Diamond 18 K Ring,http://www.flipkart.com/shashvat-jewels-yellow-gold-diamond-18-k-ring/p/itmdx7ux8yw8ucvf?pid=RNGDX7UXHM8GNQRC,2016-01-01 19:37:22+00:00,Jewellery,Shashvat Jewels,34745.0,27449.0,,True,True,20.99870484961865,3522,310.0,1076.75,0.0,2226.875,34.394848386045,High
95361c00ca356d2af480b8ce0c206a66,RNGE7GVYZNHM8N65,Karatcraft Lyncis Yellow Gold Diamond 18 K Ring,http://www.flipkart.com/karatcraft-lyncis-yellow-gold-diamond-18-k-ring/p/itme7gvymzpbynvr?pid=RNGE7GVYZNHM8N65,2016-01-01 19:37:22+00:00,Jewellery,Karatcraft,38855.0,27443.0,,True,True,29.37073735683953,3522,310.0,1076.75,0.0,2226.875,34.387023149657644,High
97591cc3d6792ccc16a0525e6c45ecf9,RNGE7GVYHKFZHW5Y,Karatcraft Vinea Yellow Gold Diamond 18 K Ring,http://www.flipkart.com/karatcraft-vinea-yellow-gold-diamond-18-k-ring/p/itme7gvymhbnk3zd?pid=RNGE7GVYHKFZHW5Y,2016-01-01 19:37:22+00:00,Jewellery,Karatcraft,38752.0,27434.0,,True,True,29.20623451692816,3522,310.0,1076.75,0.0,2226.875,34.37528529507662,High
6b659d1a0ad201e834803b6083880dc6,RNGEBQZSZ9GRRMH2,BlueStone Soar Free Yellow Gold Diamond 14 K Ring,http://www.flipkart.com/bluestone-soar-free-yellow-gold-diamond-14-k-ring/p/itmebqzqe8farpzc?pid=RNGEBQZSZ9GRRMH2,2016-01-01 19:37:22+00:00,Jewellery,BlueStone,35999.0,27401.0,,True,True,23.883996777688267,3522,310.0,1076.75,0.0,2226.875,34.332246494946205,High
eceda09417e2c8fcdf74d5601d34f220,RNGE9HEZZYWUWDPU,"BlueStone The Kalakriti Yellow Gold Diamond, Emerald 14 K Ring",http://www.flipkart.com/bluestone-kalakriti-yellow-gold-diamond-emerald-14-k-ring/p/itme9hezwzhhzfje?pid=RNGE9HEZZYWUWDPU,2016-01-01 19:37:22+00:00,Jewellery,BlueStone,36310.0,27392.0,,True,True,24.56072707243184,3522,310.0,1076.75,0.0,2226.875,34.320508640365176,High
3040630a10f44dcf509c00151fef67d5,RNGE9HDHXFBHVFEX,BlueStone The Victors Yellow Gold Diamond 18 K Ring,http://www.flipkart.com/bluestone-victors-yellow-gold-diamond-18-k-ring/p/itme9hdhxaresgd6?pid=RNGE9HDHXFBHVFEX,2016-01-01 19:37:22+00:00,Jewellery,BlueStone,35079.0,27362.0,,True,True,21.998916730807604,3522,310.0,1076.75,0.0,2226.875,34.28138245842843,High
86af214a374c1d97d16f5ca4788cda80,RNGE7GVYGTHPQM6C,Karatcraft Dilectus Yellow Gold Diamond 18 K Ring,http://www.flipkart.com/karatcraft-dilectus-yellow-gold-diamond-18-k-ring/p/itme7gvydkcbq4ke?pid=RNGE7GVYGTHPQM6C,2016-01-01 19:37:22+00:00,Jewellery,Karatcraft,38243.0,27356.0,,True,True,28.467954919854613,3522,310.0,1076.75,0.0,2226.875,34.273557222041084,High
8e1e0340f3a70def980a3d38b80205ee,RNGE8GBYZTPDC3CS,Diti Jewellery Platinum Diamond Ring,http://www.flipkart.com/diti-jewellery-platinum-diamond-ring/p/itme8gbyy39w4txa?pid=RNGE8GBYZTPDC3CS,2016-01-01 19:37:22+00:00,Jewellery,Diti Jewellery,36400.0,27300.0,,True,True,25.0,3522,310.0,1076.75,0.0,2226.875,34.20052168242582,High
f32751cbeb1e195852acad1cbde21d09,RNGEC89ZYATB76JX,Diti Jewellery Stately Platinum Diamond Ring,http://www.flipkart.com/diti-jewellery-stately-platinum-diamond-ring/p/itmec89zam5xtsk6?pid=RNGEC89ZYATB76JX,2016-01-01 19:37:22+00:00,Jewellery,Diti Jewellery,36400.0,27300.0,,True,True,25.0,3522,310.0,1076.75,0.0,2226.875,34.20052168242582,High
8753f9a3741fc9d5d0b62fc8b0259ac1,RNGEDAK8ZCKXAC44,Radiant Bay Statusque White Gold Diamond 14 K Ring,http://www.flipkart.com/radiant-bay-statusque-white-gold-diamond-14-k-ring/p/itmedak8cvt2jbes?pid=RNGEDAK8ZCKXAC44,2016-01-01 19:37:22+00:00,Jewellery,Radiant Bay,34086.0,27269.0,,True,True,19.999413248841165,3522,310.0,1076.75,0.0,2226.875,34.16009129442452,High
42f0923fc9a0cab47e36ca92245e1ca6,RNGEDF5HHDAZUAZS,Karatcraft Civita Gold Diamond 18 K Ring,http://www.flipkart.com/karatcraft-civita-gold-diamond-18-k-ring/p/itmedf5hrerqmga5?pid=RNGEDF5HHDAZUAZS,2016-01-01 19:37:22+00:00,Jewellery,Karatcraft,38141.0,27243.0,,True,True,28.572926771715476,3522,310.0,1076.75,0.0,2226.875,34.12618193674601,High
106046a1457d7a7f380dd3fe2cd75c33,RNGE864HSZNYXZCG,Karatcraft Dulce Gold Diamond 18 K Ring,http://www.flipkart.com/karatcraft-dulce-gold-diamond-18-k-ring/p/itme7t8fzmppdufg?pid=RNGE864HSZNYXZCG,2016-01-06 18:20:45+00:00,Jewellery,Karatcraft,40267.0,27223.0,,True,True,32.39377157473862,3522,310.0,1076.75,0.0,2226.875,34.100097815454845,High
b67d615a49d9307bbd4f8063a6d13967,RNGE7GVYXZ5K8SAQ,Karatcraft Dilectus Yellow Gold Diamond 18 K Ring,http://www.flipkart.com/karatcraft-dilectus-yellow-gold-diamond-18-k-ring/p/itme7gvypy7ph2cf?pid=RNGE7GVYXZ5K8SAQ,2016-01-01 19:37:22+00:00,Jewellery,Karatcraft,37917.0,27193.0,,True,True,28.282828282828284,3522,310.0,1076.75,0.0,2226.875,34.06097163351809,High
a55a5a3cd984b2b8e2ed7be692d07823,RNGE7M92MNUHRFFY,Karatcraft Mellizo Yellow Gold Diamond 18 K Ring,http://www.flipkart.com/karatcraft-mellizo-yellow-gold-diamond-18-k-ring/p/itme7m92gfyrdbzz?pid=RNGE7M92MNUHRFFY,2016-01-01 19:37:22+00:00,Jewellery,Karatcraft,37130.0,27180.0,,True,True,26.797737678427147,3522,310.0,1076.75,0.0,2226.875,34.04401695467884,High
409bf5d54bcf030857ab651e5c903aed,RNGEDAPWZJR8Y6XB,Radiant Bay Floral Wish Trio Yellow Gold Diamond 18 K Ring,http://www.flipkart.com/radiant-bay-floral-wish-trio-yellow-gold-diamond-18-k-ring/p/itmedapwa48gtfzz?pid=RNGEDAPWZJR8Y6XB,2016-01-01 19:37:22+00:00,Jewellery,Radiant Bay,33875.0,27100.0,,True,True,20.0,3522,310.0,1076.75,0.0,2226.875,33.93968046951419,High
397c7190490b72991beed522d8dbf128,RNGE8UGWZ7QGTSBT,Jewels5 Tirion Yellow Gold Diamond 18 K Ring,http://www.flipkart.com/jewels5-tirion-yellow-gold-diamond-18-k-ring/p/itme8ugwjkygrgmv?pid=RNGE8UGWZ7QGTSBT,2016-01-01 19:37:22+00:00,Jewellery,Jewels5,38066.0,27000.0,,True,True,29.070561656071035,3522,310.0,1076.75,0.0,2226.875,33.809259863058365,High
bd493d2184e6d36a4acbc77a2b5545d2,RNGE5XDFRKYG3YBM,Diti Jewellery Platinum Ring RD0569 Platinum Ring,http://www.flipkart.com/diti-jewellery-platinum-ring-rd0569/p/itme5xdfap33dxee?pid=RNGE5XDFRKYG3YBM,2016-01-01 19:37:22+00:00,Jewellery,Diti Jewellery,36000.0,27000.0,,True,True,25.0,3522,310.0,1076.75,0.0,2226.875,33.809259863058365,High
f61b0e45a9d584cb8335dfc4b5c9ce84,RNGEE7ADESACX75T,Gunjan Diamond Gold Diamond 18K Yellow Gold 18 K Ring,http://www.flipkart.com/gunjan-diamond-gold-18k-yellow-18-k-ring/p/itmee7adegzdp8yp?pid=RNGEE7ADESACX75T,2016-01-01 19:37:22+00:00,Jewellery,Gunjan Diamond,36100.0,27000.0,,True,True,25.20775623268698,3522,310.0,1076.75,0.0,2226.875,33.809259863058365,High
e39c47293e43794b2a9385d4726c4e6b,RNGE7GVZW6PURCHP,Karatcraft River Delta Yellow Gold Diamond 18 K Ring,http://www.flipkart.com/karatcraft-river-delta-yellow-gold-diamond-18-k-ring/p/itme7gvzyszzxb8g?pid=RNGE7GVZW6PURCHP,2016-01-01 19:37:22+00:00,Jewellery,Karatcraft,38309.0,26988.0,,True,True,29.551802448510795,3522,310.0,1076.75,0.0,2226.875,33.79360939028366,High
9d442ef603d3149cf53c95d9b4cb490f,RNGDQ5GGSFNHNANZ,BlueStone The Princess Gold Diamond 18 K Ring,http://www.flipkart.com/bluestone-princess-gold-diamond-18-k-ring/p/itmdq5ghn8dyj2zy?pid=RNGDQ5GGSFNHNANZ,2016-01-06 18:20:45+00:00,Jewellery,BlueStone,35415.0,26984.0,,True,True,23.806296766906677,3522,310.0,1076.75,0.0,2226.875,33.78839256602543,High
b60b104c17084015c5ffa0dd7bd346dd,RNGDXWGYB8GM9NNA,Jewelhub 18K Hallmarked Certified Diamond Gold 18 K Ring,http://www.flipkart.com/jewelhub-18k-hallmarked-certified-diamond-gold-18-k-ring/p/itmdxwgydewnxd5e?pid=RNGDXWGYB8GM9NNA,2016-01-01 19:37:22+00:00,Jewellery,Jewelhub,35977.0,26983.0,,True,True,24.999305111599078,3522,310.0,1076.75,0.0,2226.875,33.787088359960876,High
1a676b06b4ca7a742f0f5213e30c85d3,RNGEBQZRYN9JBV2T,"BlueStone Sylvan Lattice Yellow Gold Diamond, Pearl 14 K Ring",http://www.flipkart.com/bluestone-sylvan-lattice-yellow-gold-diamond-pearl-14-k-ring/p/itmebqzqqrnj3fyu?pid=RNGEBQZRYN9JBV2T,2016-01-01 19:37:22+00:00,Jewellery,BlueStone,35876.0,26939.0,,True,True,24.910803880031217,3522,310.0,1076.75,0.0,2226.875,33.729703293120316,High
3b0a71a69b077ec24465ace168c05ead,RNGEDAKEUQZ8QQZG,Radiant Bay Ribbon Ripples Yellow Gold Diamond 14 K Ring,http://www.flipkart.com/radiant-bay-ribbon-ripples-yellow-gold-diamond-14-k-ring/p/itmedakdwfzzc9rs?pid=RNGEDAKEUQZ8QQZG,2016-01-01 19:37:22+00:00,Jewellery,Radiant Bay,33670.0,26936.0,,True,True,20.0,3522,310.0,1076.75,0.0,2226.875,33.725790674926635,High
8072f9fc345384499ab1ae861280fc45,RNGE7GVYNTGUM3GG,Karatcraft Esperanza Yellow Gold Diamond 18 K Ring,http://www.flipkart.com/karatcraft-esperanza-yellow-gold-diamond-18-k-ring/p/itme7gvy3rgusghf?pid=RNGE7GVYNTGUM3GG,2016-01-01 19:37:22+00:00,Jewellery,Karatcraft,38520.0,26910.0,,True,True,30.14018691588785,3522,310.0,1076.75,0.0,2226.875,33.691881317248125,High
80de4288fa0b5a81d033bc04adca1e03,RNGE8UGWZYBGJRSB,Jewels5 Allene Yellow Gold Diamond 18 K Ring,http://www.flipkart.com/jewels5-allene-yellow-gold-diamond-18-k-ring/p/itme8ugwrkyfjgh3?pid=RNGE8UGWZYBGJRSB,2016-01-01 19:37:22+00:00,Jewellery,Jewels5,37870.0,26868.0,,True,True,29.052020068655928,3522,310.0,1076.75,0.0,2226.875,33.63710466253668,High
7f9a75334dfe2fa2cf343302742b0901,RNGDQSVDZ5SWRCZY,BlueStone The Aster White Gold Diamond 18 K Ring,http://www.flipkart.com/bluestone-aster-white-gold-diamond-18-k-ring/p/itmdqsvec6pv7t8g?pid=RNGDQSVDZ5SWRCZY,2016-01-01 19:37:22+00:00,Jewellery,BlueStone,35652.0,26857.0,,True,True,24.669022775720858,3522,310.0,1076.75,0.0,2226.875,33.622758395826544,High
a4302a79d34b09ea102e1829cf9fc53f,RNGEC8PZXJWRMEJY,Fullcutdiamond FCDR3040R White Gold Diamond 18K White Gold 18 K Ring,http://www.flipkart.com/fullcutdiamond-fcdr3040r-white-gold-diamond-18k-18-k-ring/p/itmec8pmzxj9nusr?pid=RNGEC8PZXJWRMEJY,2016-01-01 19:37:22+00:00,Jewellery,Fullcutdiamond,38340.0,26838.0,,True,True,30.0,3522,310.0,1076.75,0.0,2226.875,33.597978480599934,High
6007adffd2abcc98f768395bb305dea0,RNGEYQZEZBE6TWJZ,JacknJewel Felicity Diamond Stone Gold 18K Yellow Gold 18 K Ring,http://www.flipkart.com/jacknjewel-felicity-diamond-stone-gold-18k-yellow-18-k-ring/p/itmeyqze7rfhbhjq?pid=RNGEYQZEZBE6TWJZ,2016-01-01 19:37:22+00:00,Jewellery,JacknJewel,38592.0,26800.0,,True,True,30.555555555555557,3522,310.0,1076.75,0.0,2226.875,33.54841865014672,High
d4104c2ba6a655ad8897fd0e6ce576d3,NKCEEAKUFHZQQTZP,Jewelmantra Gold Necklace,http://www.flipkart.com/jewelmantra-gold-necklace/p/itmeeakuzkvuznzg?pid=NKCEEAKUFHZQQTZP,2015-12-31 09:19:31+00:00,Jewellery,Jewelmantra,26800.0,26800.0,,True,True,0.0,3522,310.0,1076.75,0.0,2226.875,33.54841865014672,High
696f66561e2231c6be2a6c617fb5443a,RNGE9HD4UVVW5K7V,BlueStone The Sylka Yellow Gold Diamond 18 K Ring,http://www.flipkart.com/bluestone-sylka-yellow-gold-diamond-18-k-ring/p/itme9hd3qqfhzvjx?pid=RNGE9HD4UVVW5K7V,2016-01-01 19:37:22+00:00,Jewellery,BlueStone,37488.0,26770.0,,True,True,28.590482287665385,3522,310.0,1076.75,0.0,2226.875,33.50929246820998,High
90673e52365016a616a2fa8e89092d84,RNGDX7RYHK3UEPPG,Shashvat Jewels White Gold Diamond 9 K Ring,http://www.flipkart.com/shashvat-jewels-white-gold-diamond-9-k-ring/p/itmdx7rxgpzcemhu?pid=RNGDX7RYHK3UEPPG,2016-01-01 19:37:22+00:00,Jewellery,Shashvat Jewels,33871.0,26759.0,,True,True,20.997313335892063,3522,310.0,1076.75,0.0,2226.875,33.494946201499836,High
40eaf9bfbc0e8ca3e9e055066b363c5c,RNGE9HDKYAJDG3UV,BlueStone The Jewel Bliss Yellow Gold Diamond 18 K Ring,http://www.flipkart.com/bluestone-jewel-bliss-yellow-gold-diamond-18-k-ring/p/itme9hdhwv8kzpjb?pid=RNGE9HDKYAJDG3UV,2016-01-01 19:37:22+00:00,Jewellery,BlueStone,37214.0,26708.0,,True,True,28.231310797011876,3522,310.0,1076.75,0.0,2226.875,33.42843169220737,High
8c1514f4aa822d063557ef1fdd21b27a,RNGDQSVDYXTVYX7D,BlueStone The Beleca White Gold Diamond 18 K Ring,http://www.flipkart.com/bluestone-beleca-white-gold-diamond-18-k-ring/p/itmdqsvexhhqhuww?pid=RNGDQSVDYXTVYX7D,2016-01-01 19:37:22+00:00,Jewellery,BlueStone,35258.0,26686.0,,True,True,24.312212831130523,3522,310.0,1076.75,0.0,2226.875,33.399739158787085,High
cc7286e103b953731b9f5bdcae985f36,RNGEA9ZWGUNTJ7BH,"BlueStone The Ziva Yellow Gold Diamond, Emerald 18 K Ring",http://www.flipkart.com/bluestone-ziva-yellow-gold-diamond-emerald-18-k-ring/p/itmea9zvcntxpnfd?pid=RNGEA9ZWGUNTJ7BH,2016-01-01 19:37:22+00:00,Jewellery,BlueStone,33477.0,26677.0,,True,True,20.31245332616423,3522,310.0,1076.75,0.0,2226.875,33.388001304206064,High
a3cf62fb32a7ff6cdd89bb35489850dc,RNGE7GVY3VFVAF6X,Karatcraft Scalaria Yellow Gold Diamond 18 K Ring,http://www.flipkart.com/karatcraft-scalaria-yellow-gold-diamond-18-k-ring/p/itme7gvyk4h4cggq?pid=RNGE7GVY3VFVAF6X,2016-01-01 19:37:22+00:00,Jewellery,Karatcraft,38636.0,26675.0,,True,True,30.95817372398799,3522,310.0,1076.75,0.0,2226.875,33.38539289207695,High
cf2caffaeda73e62ad6c6755ce1e024e,RNGE7GVZ7NGW6THC,Karatcraft Princess crown Yellow Gold Diamond 18 K Ring,http://www.flipkart.com/karatcraft-princess-crown-yellow-gold-diamond-18-k-ring/p/itme7gvzub4ksu57?pid=RNGE7GVZ7NGW6THC,2016-01-01 19:37:22+00:00,Jewellery,Karatcraft,38052.0,26670.0,,True,True,29.91169977924945,3522,310.0,1076.75,0.0,2226.875,33.378871861754156,High
d4a8c62860345db722f3493365e431e0,RNGEDAQ3XGRVN8Q5,Radiant Bay Classic Solitaire White Gold Diamond 18 K Ring,http://www.flipkart.com/radiant-bay-classic-solitaire-white-gold-diamond-18-k-ring/p/itmedaq3zjshucny?pid=RNGEDAQ3XGRVN8Q5,2016-01-01 19:37:22+00:00,Jewellery,Radiant Bay,33335.0,26668.0,,True,True,20.0,3522,310.0,1076.75,0.0,2226.875,33.37626344962504,High
76c100b718933ac4387097067d536519,BBAEB73MMMQHYYHF,BlueStone Yellow Gold Diamond 14 Bracelet,http://www.flipkart.com/bluestone-yellow-gold-diamond-14-bracelet/p/itmeb73mhgwsgzmd?pid=BBAEB73MMMQHYYHF,2015-12-29 05:07:38+00:00,Jewellery,BlueStone,33659.0,26653.0,,True,True,20.814640957841885,3522,310.0,1076.75,0.0,2226.875,33.35670035865667,High
476f96c214d6b5f973c32e30f9909f0b,RNGEYRXYWKAYC9KB,Diti Jewellery Gold 18 K Ring,http://www.flipkart.com/diti-jewellery-gold-18-k-ring/p/itme4ueccvshhnjg?pid=RNGEYRXYWKAYC9KB,2016-01-01 19:37:22+00:00,Jewellery,Diti Jewellery,35500.0,26625.0,,True,True,25.0,3522,310.0,1076.75,0.0,2226.875,33.320182588849036,High
cb95849d4232b68fd3db10e12fad39ce,RNGE8NA4ZVR2CSYY,Jewels5 Olivoa Gold Diamond 18 K Ring,http://www.flipkart.com/jewels5-olivoa-gold-diamond-18-k-ring/p/itme8na4zv7zhdwa?pid=RNGE8NA4ZVR2CSYY,2016-01-01 19:37:22+00:00,Jewellery,Jewels5,37437.0,26571.0,,True,True,29.02476159948714,3522,310.0,1076.75,0.0,2226.875,33.249755461362895,High
32809c04bd90874f09a6d8b265070de3,RNGEDAK9ZYKDEFT5,Radiant Bay Five Stone Yellow Gold Diamond 14 K Ring,http://www.flipkart.com/radiant-bay-five-stone-yellow-gold-diamond-14-k-ring/p/itmedak9yfj6hyxq?pid=RNGEDAK9ZYKDEFT5,2016-01-01 19:37:22+00:00,Jewellery,Radiant Bay,33188.0,26550.0,,True,True,20.001205254911415,3522,310.0,1076.75,0.0,2226.875,33.22236713400717,High
ec6537f2df7a9d01cab7036acbb39345,RNGE7M92DT5ZBY42,Karatcraft Drupples Yellow Gold Diamond 18 K Ring,http://www.flipkart.com/karatcraft-drupples-yellow-gold-diamond-18-k-ring/p/itme7m92xsdmytgp?pid=RNGE7M92DT5ZBY42,2016-01-01 19:37:22+00:00,Jewellery,Karatcraft,36753.0,26527.0,,True,True,27.823579027562374,3522,310.0,1076.75,0.0,2226.875,33.192370394522335,High
dede027cba9ba550dc9cd2833a93a88a,RNGE7M92CE7X39SC,Karatcraft Gracilus Yellow Gold Diamond 18 K Ring,http://www.flipkart.com/karatcraft-gracilus-yellow-gold-diamond-18-k-ring/p/itme7m92vvpagzjz?pid=RNGE7M92CE7X39SC,2016-01-01 19:37:22+00:00,Jewellery,Karatcraft,36642.0,26498.0,,True,True,27.684078380001093,3522,310.0,1076.75,0.0,2226.875,33.154548418650144,High
e8611b12850beac7465d5cbd2a857983,RNGDQSVDZQJREMJ9,BlueStone The Meydar White Gold Diamond 18 K Ring,http://www.flipkart.com/bluestone-meydar-white-gold-diamond-18-k-ring/p/itmdqsveevtf5guy?pid=RNGDQSVDZQJREMJ9,2016-01-01 19:37:22+00:00,Jewellery,BlueStone,35184.0,26467.0,,True,True,24.775466120964076,3522,310.0,1076.75,0.0,2226.875,33.11411803064884,High
b89f49f13c8dc26e511b374a41f2d9db,RNGEFFFZJFSSFVJV,Rakam Gold Diamond 18K White Gold 18 K Ring,http://www.flipkart.com/rakam-gold-diamond-18k-white-18-k-ring/p/itmefffzmmyhbqvm?pid=RNGEFFFZJFSSFVJV,2016-01-01 19:37:22+00:00,Jewellery,Rakam,31125.0,26456.0,,True,True,15.000803212851405,3522,310.0,1076.75,0.0,2226.875,33.099771763938705,High
8d2ce4053eb177adf909b89eba60df0a,RNGE7GVYCGSYGRC6,Karatcraft Viña Yellow Gold Diamond 18 K Ring,http://www.flipkart.com/karatcraft-via-yellow-gold-diamond-18-k-ring/p/itme7gvyzrnwkem2?pid=RNGE7GVYCGSYGRC6,2016-01-01 19:37:22+00:00,Jewellery,Karatcraft,37935.0,26448.0,,True,True,30.280743376828784,3522,310.0,1076.75,0.0,2226.875,33.08933811542224,High
eada18ff54935074379ba4e1b015e96d,RNGEDAPXZMJYTAGH,Radiant Bay Studded Square White Gold Diamond 14 K Ring,http://www.flipkart.com/radiant-bay-studded-square-white-gold-diamond-14-k-ring/p/itmedapxkbk5czac?pid=RNGEDAPXZMJYTAGH,2016-01-01 19:37:22+00:00,Jewellery,Radiant Bay,33033.0,26426.0,,True,True,20.00121091030182,3522,310.0,1076.75,0.0,2226.875,33.06064558200195,High
ef3add06534708c7bc9509cb54313f55,RNGEDAPXZ5CBHEZY,Radiant Bay Significant Square White Gold Diamond 18 K Ring,http://www.flipkart.com/radiant-bay-significant-square-white-gold-diamond-18-k-ring/p/itmedapxz7yhgga4?pid=RNGEDAPXZ5CBHEZY,2016-01-01 19:37:22+00:00,Jewellery,Radiant Bay,33033.0,26426.0,,True,True,20.00121091030182,3522,310.0,1076.75,0.0,2226.875,33.06064558200195,High
21f64cb119b68163144702284779986a,RNGE88QAGN5GRH3J,Karatcraft Yannie Gold Diamond 18 K Ring,http://www.flipkart.com/karatcraft-yannie-gold-diamond-18-k-ring/p/itme88q9vsjyn3fb?pid=RNGE88QAGN5GRH3J,2016-01-01 19:37:22+00:00,Jewellery,Karatcraft,37806.0,26421.0,,True,True,30.11426757657515,3522,310.0,1076.75,0.0,2226.875,33.054124551679166,High
d6d827f6b6fda7eb4410930a97557e6b,RNGDQ5GGXJEFRRZP,BlueStone The Aether Gold Diamond 18 K Ring,http://www.flipkart.com/bluestone-aether-gold-diamond-18-k-ring/p/itmdq5ghmazh8whf?pid=RNGDQ5GGXJEFRRZP,2016-01-01 19:37:22+00:00,Jewellery,BlueStone,36635.0,26417.0,,True,True,27.891360720622355,3522,310.0,1076.75,0.0,2226.875,33.04890772742093,High
6f81868c405fa22b8adb1405fd876395,RNGEDAKCWFQMQCXU,Radiant Bay Flourishing Infinity White Gold Diamond 14 K Ring,http://www.flipkart.com/radiant-bay-flourishing-infinity-white-gold-diamond-14-k-ring/p/itmedakbujskefd2?pid=RNGEDAKCWFQMQCXU,2016-01-01 19:37:22+00:00,Jewellery,Radiant Bay,33004.0,26403.0,,True,True,20.000605987153072,3522,310.0,1076.75,0.0,2226.875,33.03064884251712,High
b2db409b88b0df52e1337eddb202cf26,RNGEDAK9YXUNG2YF,Radiant Bay Grand Teardrop White Gold Diamond 18 K Ring,http://www.flipkart.com/radiant-bay-grand-teardrop-white-gold-diamond-18-k-ring/p/itmedak9sdtrcrkh?pid=RNGEDAK9YXUNG2YF,2016-01-01 19:37:22+00:00,Jewellery,Radiant Bay,32844.0,26275.0,,True,True,20.000608939227867,3522,310.0,1076.75,0.0,2226.875,32.86371046625367,High
e8fb382c5a7f7d96c811df7d188857ac,RNGE7GVYMC9ZSVRB,Karatcraft Scalaria Yellow Gold Diamond 18 K Ring,http://www.flipkart.com/karatcraft-scalaria-yellow-gold-diamond-18-k-ring/p/itme7gvyhkfppnjt?pid=RNGE7GVYMC9ZSVRB,2016-01-01 19:37:22+00:00,Jewellery,Karatcraft,37752.0,26231.0,,True,True,30.517588472133927,3522,310.0,1076.75,0.0,2226.875,32.806325399413105,High
23792c707dcad7d22b98d982fcc45b4a,RNGEDAPSZUVEPE9H,Radiant Bay Classic Solitaire Yellow Gold Diamond 14 K Ring,http://www.flipkart.com/radiant-bay-classic-solitaire-yellow-gold-diamond-14-k-ring/p/itmedapsxmzk6hr2?pid=RNGEDAPSZUVEPE9H,2016-01-01 19:37:22+00:00,Jewellery,Radiant Bay,32778.0,26222.0,,True,True,20.00122033070962,3522,310.0,1076.75,0.0,2226.875,32.79458754483208,High
ee3ed84688b8e07d292142619aade144,RNGE88Q9YVEHHQTJ,Karatcraft Wadell Gold Diamond 18 K Ring,http://www.flipkart.com/karatcraft-wadell-gold-diamond-18-k-ring/p/itme88q9ausmacrz?pid=RNGE88Q9YVEHHQTJ,2016-01-01 19:37:22+00:00,Jewellery,Karatcraft,37123.0,26198.0,,True,True,29.429194838779193,3522,310.0,1076.75,0.0,2226.875,32.76328659928269,High
fdb3ca310774d181433e01d225e4ad0c,RNGE7M92KJ7H54AG,Karatcraft Dyumna Yellow Gold Diamond 18 K Ring,http://www.flipkart.com/karatcraft-dyumna-yellow-gold-diamond-18-k-ring/p/itme7m92mwjh4hyp?pid=RNGE7M92KJ7H54AG,2016-01-01 19:37:22+00:00,Jewellery,Karatcraft,36430.0,26124.0,,True,True,28.28987098545155,3522,310.0,1076.75,0.0,2226.875,32.66677535050538,High
4f443cd925a69fb5d87abf08ecec5ea1,RNGE89KTKZKDXGF5,Kamakhya Jewels ROUND MQ Gold Diamond Yellow Gold 18 K Ring,http://www.flipkart.com/kamakhya-jewels-round-mq-gold-diamond-yellow-18-k-ring/p/itme89kteq7vnvu7?pid=RNGE89KTKZKDXGF5,2016-01-01 19:37:22+00:00,Jewellery,Kamakhya Jewels,34813.0,26109.0,,True,True,25.00215436762129,3522,310.0,1076.75,0.0,2226.875,32.64721225953701,High
e09ba285079ddb7f962b08977e34e567,RNGEDAPFYDQCQAFQ,Radiant Bay Pear Flair Yellow Gold Diamond 18 K Ring,http://www.flipkart.com/radiant-bay-pear-flair-yellow-gold-diamond-18-k-ring/p/itmedapfkentt4fg?pid=RNGEDAPFYDQCQAFQ,2016-01-01 19:37:22+00:00,Jewellery,Radiant Bay,32609.0,26087.0,,True,True,20.000613327608942,3522,310.0,1076.75,0.0,2226.875,32.61851972611672,High
874bd2156910ddcd36d8c6813d4c4544,RNGEBUDN25RXMZAZ,"KuberBox Sortilège Pearl Gold Diamond, Pearl 14K White Gold 14 K Ring",http://www.flipkart.com/kuberbox-sortilge-pearl-gold-diamond-14k-white-14-k-ring/p/itmebudmxf8msfhp?pid=RNGEBUDN25RXMZAZ,2016-01-06 18:20:45+00:00,Jewellery,KuberBox,26054.0,26054.0,,True,True,0.0,3522,310.0,1076.75,0.0,2226.875,32.575480925986305,High
07f9a9b8a50b0d1644ff3ac7d205502e,RNGE7GVYWZHZY9RF,Karatcraft Scalaria Yellow Gold Diamond 18 K Ring,http://www.flipkart.com/karatcraft-scalaria-yellow-gold-diamond-18-k-ring/p/itme7gvyephagazv?pid=RNGE7GVYWZHZY9RF,2016-01-01 19:37:22+00:00,Jewellery,Karatcraft,37333.0,26021.0,,True,True,30.300270538129805,3522,310.0,1076.75,0.0,2226.875,32.53244212585589,High
be47cb9fc1bc48477a28c465a3afc8d5,RNGEYQZER4QQU4YK,JacknJewel Felicity Diamond Stone Gold 18K Yellow Gold 18 K Ring,http://www.flipkart.com/jacknjewel-felicity-diamond-stone-gold-18k-yellow-18-k-ring/p/itmeyqzeymcdpzhd?pid=RNGEYQZER4QQU4YK,2016-01-01 19:37:22+00:00,Jewellery,JacknJewel,37440.0,26000.0,,True,True,30.555555555555557,3522,310.0,1076.75,0.0,2226.875,32.505053798500164,High
cae6bd392b13f3d23de9065a7aacc588,RNGEDAKFX6JEXQT4,Radiant Bay Brilliant Knot Yellow Gold Diamond 14 K Ring,http://www.flipkart.com/radiant-bay-brilliant-knot-yellow-gold-diamond-14-k-ring/p/itmedakfs3bgnnhx?pid=RNGEDAKFX6JEXQT4,2016-01-01 19:37:22+00:00,Jewellery,Radiant Bay,32479.0,25983.0,,True,True,20.00061578250562,3522,310.0,1076.75,0.0,2226.875,32.482882295402675,High
0c5fbb9c26b70082298d03c7d5382edf,RNGE87FCSCBAVHFT,Karatcraft Risena Gold Diamond 18 K Ring,http://www.flipkart.com/karatcraft-risena-gold-diamond-18-k-ring/p/itme87fchrqpkgpc?pid=RNGE87FCSCBAVHFT,2016-01-01 19:37:22+00:00,Jewellery,Karatcraft,33651.0,25982.0,,True,True,22.789813081334877,3522,310.0,1076.75,0.0,2226.875,32.481578089338115,High
1261a5284bdb47d96ce440281b330707,RNGE7M925WYRGQBB,Karatcraft Two lives meeting Yellow Gold Diamond 18 K Ring,http://www.flipkart.com/karatcraft-two-lives-meeting-yellow-gold-diamond-18-k-ring/p/itme7m922bgqgyux?pid=RNGE7M925WYRGQBB,2016-01-01 19:37:22+00:00,Jewellery,Karatcraft,36228.0,25970.0,,True,True,28.315115380368777,3522,310.0,1076.75,0.0,2226.875,32.46592761656342,High
d2c6c2f53e9cf535a2ec403b23a8cf2d,RNGEDAK9ZWNYDHWB,Radiant Bay Luxurious Solitaire White Gold Diamond 18 K Ring,http://www.flipkart.com/radiant-bay-luxurious-solitaire-white-gold-diamond-18-k-ring/p/itmedak9dzxswezu?pid=RNGEDAK9ZWNYDHWB,2016-01-01 19:37:22+00:00,Jewellery,Radiant Bay,32460.0,25968.0,,True,True,20.0,3522,310.0,1076.75,0.0,2226.875,32.4633192044343,High
e3ed33a8f6068c4ba3696e04e7c45648,RNGEDAK9ZTZSFDGD,Radiant Bay Luxurious Solitaire Yellow Gold Diamond 18 K Ring,http://www.flipkart.com/radiant-bay-luxurious-solitaire-yellow-gold-diamond-18-k-ring/p/itmedak9jsxzw8zm?pid=RNGEDAK9ZTZSFDGD,2016-01-01 19:37:22+00:00,Jewellery,Radiant Bay,32460.0,25968.0,,True,True,20.0,3522,310.0,1076.75,0.0,2226.875,32.4633192044343,High
48779d21e8d1059075f7cf251e026874,RNGEDAPVZSDUGFZY,Radiant Bay Beauteous Black And White Yellow Gold Diamond 18 K Ring,http://www.flipkart.com/radiant-bay-beauteous-black-white-yellow-gold-diamond-18-k-ring/p/itmedapu7buthzzp?pid=RNGEDAPVZSDUGFZY,2016-01-01 19:37:22+00:00,Jewellery,Radiant Bay,32386.0,25909.0,,True,True,19.999382449206447,3522,310.0,1076.75,0.0,2226.875,32.386371046625364,High
551ca190fbbf710d7b3028ba58ba5bdd,BBAEB73MVHDCZAV5,BlueStone Yellow Gold Diamond 14 Bracelet,http://www.flipkart.com/bluestone-yellow-gold-diamond-14-bracelet/p/itmeb73mhvcwrq8a?pid=BBAEB73MVHDCZAV5,2015-12-29 05:07:38+00:00,Jewellery,BlueStone,32520.0,25905.0,,True,True,20.34132841328413,3522,310.0,1076.75,0.0,2226.875,32.38115422236714,High
b165cf8b8937110cbbfe4d463ec8dc9a,RNGE7M92H5HCPFXP,Karatcraft Intima Yellow Gold Diamond 18 K Ring,http://www.flipkart.com/karatcraft-intima-yellow-gold-diamond-18-k-ring/p/itme7m92jewfnwsp?pid=RNGE7M92H5HCPFXP,2016-01-01 19:37:22+00:00,Jewellery,Karatcraft,36089.0,25900.0,,True,True,28.232979578264846,3522,310.0,1076.75,0.0,2226.875,32.37463319204434,High
c1648b77f2c930193b6dbe9ac758f7f2,RNGE7GVYYPQFPGYD,Karatcraft Zetra Yellow Gold Diamond 18 K Ring,http://www.flipkart.com/karatcraft-zetra-yellow-gold-diamond-18-k-ring/p/itme7gvyz6xffdyy?pid=RNGE7GVYYPQFPGYD,2016-01-01 19:37:22+00:00,Jewellery,Karatcraft,36543.0,25874.0,,True,True,29.195742002572313,3522,310.0,1076.75,0.0,2226.875,32.34072383436583,High
b27c38545d0f5a58d3aad999696de9d5,RNGEC8PMZS8YKYYM,Fullcutdiamond FCDR7851R White Gold Diamond 18K White Gold 18 K Ring,http://www.flipkart.com/fullcutdiamond-fcdr7851r-white-gold-diamond-18k-18-k-ring/p/itmec8pmg9atgwnz?pid=RNGEC8PMZS8YKYYM,2016-01-01 19:37:22+00:00,Jewellery,Fullcutdiamond,36940.0,25858.0,,True,True,30.0,3522,310.0,1076.75,0.0,2226.875,32.319856537332896,High
7ba642c14ba06ea08846b949354b29be,RNGE7M92NZZGMSKP,Karatcraft Decoro Yellow Gold Diamond 18 K Ring,http://www.flipkart.com/karatcraft-decoro-yellow-gold-diamond-18-k-ring/p/itme7m925bx8w6nd?pid=RNGE7M92NZZGMSKP,2016-01-01 19:37:22+00:00,Jewellery,Karatcraft,35995.0,25853.0,,True,True,28.17613557438533,3522,310.0,1076.75,0.0,2226.875,32.31333550701011,High
9709f1962492d03b91543ad84ce3eef4,RNGE7GVYB5YCFCZR,Karatcraft Cadena Yellow Gold Diamond 18 K Ring,http://www.flipkart.com/karatcraft-cadena-yellow-gold-diamond-18-k-ring/p/itme7gvyk35wffag?pid=RNGE7GVYB5YCFCZR,2016-01-01 19:37:22+00:00,Jewellery,Karatcraft,37050.0,25840.0,,True,True,30.256410256410255,3522,310.0,1076.75,0.0,2226.875,32.296380828170854,High
f48c728b6660fb762af8d0ea3e5adbd0,RNGEC8PNNBBHTCFC,Fullcutdiamond FCDR3111R White Gold Diamond 18K White Gold 18 K Ring,http://www.flipkart.com/fullcutdiamond-fcdr3111r-white-gold-diamond-18k-18-k-ring/p/itmec8pmyrwbjuq8?pid=RNGEC8PNNBBHTCFC,2016-01-01 19:37:22+00:00,Jewellery,Fullcutdiamond,36872.0,25811.0,,True,True,29.99837274896941,3522,310.0,1076.75,0.0,2226.875,32.25855885229866,High
752d95544284d4ac2d50d7b0ee4e05d0,RNGEDAPTYSC2EF2E,Radiant Bay Eternal Oath Yellow Gold Diamond 18 K Ring,http://www.flipkart.com/radiant-bay-eternal-oath-yellow-gold-diamond-18-k-ring/p/itmedaptvavzg44m?pid=RNGEDAPTYSC2EF2E,2016-01-01 19:37:22+00:00,Jewellery,Radiant Bay,32253.0,25802.0,,True,True,20.00124019471057,3522,310.0,1076.75,0.0,2226.875,32.24682099771764,High
7790e058cbe1b1e10e20cd22a1e53d36,RNGDQ5GGZZZDYPHR,BlueStone The Princess Gold Diamond 18 K Ring,http://www.flipkart.com/bluestone-princess-gold-diamond-18-k-ring/p/itmdq5ghn8dyj2zy?pid=RNGDQ5GGZZZDYPHR,2016-01-01 19:37:22+00:00,Jewellery,BlueStone,35642.0,25749.0,,True,True,27.75657931653667,3522,310.0,1076.75,0.0,2226.875,32.17769807629605,High
8702d82ff6cd4d986a21b9ab8d6044d5,RNGE7GVYWCHGCZ3N,Karatcraft Ravishing Embrace Yellow Gold Diamond 18 K Ring,http://www.flipkart.com/karatcraft-ravishing-embrace-yellow-gold-diamond-18-k-ring/p/itme7gvymutpwwxs?pid=RNGE7GVYWCHGCZ3N,2016-01-01 19:37:22+00:00,Jewellery,Karatcraft,36911.0,25744.0,,True,True,30.25385386470158,3522,310.0,1076.75,0.0,2226.875,32.171177045973266,High
ed1d756b673f6b4dbece687660c9bb4d,RNGEA9ZWYAFTRAY4,BlueStone The Glamour Fiesta Yellow Gold Diamond 18 K Ring,http://www.flipkart.com/bluestone-glamour-fiesta-yellow-gold-diamond-18-k-ring/p/itmea9zwagt2z6qz?pid=RNGEA9ZWYAFTRAY4,2016-01-01 19:37:22+00:00,Jewellery,BlueStone,35384.0,25732.0,,True,True,27.27786570201221,3522,310.0,1076.75,0.0,2226.875,32.155526573198564,High
e4a4a8eaf92c71c0cc30dc6977625b13,RNGEYRXFYTESQR6X,Diti Jewellery Platinum Ring,http://www.flipkart.com/diti-jewellery-platinum-ring/p/itme4uecvghffqz2?pid=RNGEYRXFYTESQR6X,2016-01-01 19:37:22+00:00,Jewellery,Diti Jewellery,34300.0,25725.0,,True,True,25.0,3522,310.0,1076.75,0.0,2226.875,32.14639713074666,High
d718fb6c92b13fc14a089dd0026403b6,RNGE82XPZHQQQ6TF,"Rakam Gold Emerald, Diamond 18 K Ring",http://www.flipkart.com/rakam-gold-emerald-diamond-18-k-ring/p/itme82xpr9aegpp3?pid=RNGE82XPZHQQQ6TF,2016-01-01 19:37:22+00:00,Jewellery,Rakam,30199.0,25699.0,,True,True,14.901155667406206,3522,310.0,1076.75,0.0,2226.875,32.112487773068146,High
7fb18f3afef7cfef7ae05865fe8fc9fa,RNGE7GVYFRENTCWZ,Karatcraft Decoro Yellow Gold Diamond 18 K Ring,http://www.flipkart.com/karatcraft-decoro-yellow-gold-diamond-18-k-ring/p/itme7gvypf22d8pm?pid=RNGE7GVYFRENTCWZ,2016-01-01 19:37:22+00:00,Jewellery,Karatcraft,36586.0,25686.0,,True,True,29.792816924506642,3522,310.0,1076.75,0.0,2226.875,32.09553309422889,High
a6256999adc4c15cf647588518616e95,RNGEDAPSYZYZXZEZ,Radiant Bay Floral Fusion White Gold Diamond 18 K Ring,http://www.flipkart.com/radiant-bay-floral-fusion-white-gold-diamond-18-k-ring/p/itmedaprpwt5wbde?pid=RNGEDAPSYZYZXZEZ,2016-01-01 19:37:22+00:00,Jewellery,Radiant Bay,32086.0,25669.0,,True,True,19.999376675185438,3522,310.0,1076.75,0.0,2226.875,32.0733615911314,High
6c69c0a3df089d51287d7cee1ad782b1,RNGEBQZRZ79K3EMM,BlueStone Break Away White Gold Diamond 14 K Ring,http://www.flipkart.com/bluestone-break-away-white-gold-diamond-14-k-ring/p/itmebqzqwftzvjmg?pid=RNGEBQZRZ79K3EMM,2016-01-01 19:37:22+00:00,Jewellery,BlueStone,36357.0,25648.0,,True,True,29.455125560414775,3522,310.0,1076.75,0.0,2226.875,32.04597326377568,High
24798f3c36a5d86978f8cb3f24ed6f12,RNGE7M92MZS2UTMN,Karatcraft Mellizo Yellow Gold Diamond 18 K Ring,http://www.flipkart.com/karatcraft-mellizo-yellow-gold-diamond-18-k-ring/p/itme7m92ecbhcx8x?pid=RNGE7M92MZS2UTMN,2016-01-01 19:37:22+00:00,Jewellery,Karatcraft,35731.0,25644.0,,True,True,28.23038817833254,3522,310.0,1076.75,0.0,2226.875,32.040756439517445,High
79dbe3d26c14190b7f52d274e9f8db0c,RNGE7M92DF6YVWGP,Karatcraft Gemma Yellow Gold Diamond 18 K Ring,http://www.flipkart.com/karatcraft-gemma-yellow-gold-diamond-18-k-ring/p/itme7m92zse6qdgw?pid=RNGE7M92DF6YVWGP,2016-01-01 19:37:22+00:00,Jewellery,Karatcraft,35385.0,25634.0,,True,True,27.5568743818002,3522,310.0,1076.75,0.0,2226.875,32.02771437887186,High
06ae1bd54169326805ab9da551db3ca7,RNGE7M924AVKFFPM,Karatcraft Golden Ribbon Yellow Gold Diamond 18 K Ring,http://www.flipkart.com/karatcraft-golden-ribbon-yellow-gold-diamond-18-k-ring/p/itme7m92crrkghjk?pid=RNGE7M924AVKFFPM,2016-01-01 19:37:22+00:00,Jewellery,Karatcraft,35685.0,25612.0,,True,True,28.227546588202326,3522,310.0,1076.75,0.0,2226.875,31.99902184545158,High
01096382ec89a0e7a93d29dbf731882c,RNGEDAPYKMVRHUEB,Radiant Bay Princess to Be White Gold Diamond 18 K Ring,http://www.flipkart.com/radiant-bay-princess-white-gold-diamond-18-k-ring/p/itmedapy53hkfh5h?pid=RNGEDAPYKMVRHUEB,2016-01-01 19:37:22+00:00,Jewellery,Radiant Bay,32002.0,25602.0,,True,True,19.998750078120118,3522,310.0,1076.75,0.0,2226.875,31.985979784806,High
4e34d09a01945801bd365575b243b88c,RNGEC9RHRHTACUBE,"BlueStone Priyala Ring Yellow Gold Diamond, Ruby 18 K Ring",http://www.flipkart.com/bluestone-priyala-ring-yellow-gold-diamond-ruby-18-k/p/itmec9rehdrfcw5y?pid=RNGEC9RHRHTACUBE,2016-01-01 19:37:22+00:00,Jewellery,BlueStone,33093.0,25599.0,,True,True,22.6452724141057,3522,310.0,1076.75,0.0,2226.875,31.982067166612325,High
b4385b05ad4fbdf39de2579f05627ec9,RNGDQSVDZSWFGUXK,BlueStone The Elise White Gold Diamond 18 K Ring,http://www.flipkart.com/bluestone-elise-white-gold-diamond-18-k-ring/p/itmdqsveztzyhkfj?pid=RNGDQSVDZSWFGUXK,2016-01-01 19:37:22+00:00,Jewellery,BlueStone,34535.0,25577.0,,True,True,25.938902562617635,3522,310.0,1076.75,0.0,2226.875,31.953374633192045,High
a17c884d21cb0242a3aaa4d89748bf15,RNGEDAK8ZWZKA3HB,Radiant Bay Floral Enticement White Gold Diamond 18 K Ring,http://www.flipkart.com/radiant-bay-floral-enticement-white-gold-diamond-18-k-ring/p/itmedak8zxzarenn?pid=RNGEDAK8ZWZKA3HB,2016-01-01 19:37:22+00:00,Jewellery,Radiant Bay,31968.0,25574.0,,True,True,20.00125125125125,3522,310.0,1076.75,0.0,2226.875,31.94946201499837,High
05fa87bfa7aa74bd2a33cf472357c186,RNGE7GVYWRPVS6QA,Karatcraft Platzi Yellow Gold Diamond 18 K Ring,http://www.flipkart.com/karatcraft-platzi-yellow-gold-diamond-18-k-ring/p/itme7gvy33ehnxmm?pid=RNGE7GVYWRPVS6QA,2016-01-01 19:37:22+00:00,Jewellery,Karatcraft,36631.0,25552.0,,True,True,30.244874559799076,3522,310.0,1076.75,0.0,2226.875,31.920769481578088,High
7a178329dbce67388ab948b6182ab895,RNGEDAKBZKH7AWJQ,Radiant Bay Three Knot White Gold Diamond 18 K Ring,http://www.flipkart.com/radiant-bay-three-knot-white-gold-diamond-18-k-ring/p/itmedakaqhuuzamw?pid=RNGEDAKBZKH7AWJQ,2016-01-01 19:37:22+00:00,Jewellery,Radiant Bay,31934.0,25547.0,,True,True,20.000626291726686,3522,310.0,1076.75,0.0,2226.875,31.914248451255297,High
290a619315115d5f3149915f2b5e3f38,RNGEBQZQ5ZZDHJXU,BlueStone Tripartite Axis Yellow Gold Diamond 18 K Ring,http://www.flipkart.com/bluestone-tripartite-axis-yellow-gold-diamond-18-k-ring/p/itmebqzpsdgjztme?pid=RNGEBQZQ5ZZDHJXU,2016-01-01 19:37:22+00:00,Jewellery,BlueStone,32744.0,25541.0,,True,True,21.99792328365502,3522,310.0,1076.75,0.0,2226.875,31.90642321486795,High
0f362470c7d53b6167ea2e5c442dd722,RNGEE8ZGHERKSH6Z,LinkedInLove White Gold Diamond White Gold 18 K Ring,http://www.flipkart.com/linkedinlove-white-gold-diamond-18-k-ring/p/itmee8zgagdms4zh?pid=RNGEE8ZGHERKSH6Z,2016-01-01 19:37:22+00:00,Jewellery,LinkedInLove,36476.0,25533.0,,True,True,30.00054830573528,3522,310.0,1076.75,0.0,2226.875,31.895989566351485,High
aba16555ded3284c6635bb4c751bf807,RNGEAM4MYMGDVXHP,P.N.Gadgil Jewellers Gold Diamond 18K Yellow Gold 18 K Ring,http://www.flipkart.com/p-n-gadgil-jewellers-gold-diamond-18k-yellow-18-k-ring/p/itmeam4hgzjgb3gz?pid=RNGEAM4MYMGDVXHP,2016-01-01 19:37:22+00:00,Jewellery,P.N.Gadgil Jewellers,36994.0,25526.0,,True,True,30.999621560253015,3522,310.0,1076.75,0.0,2226.875,31.886860123899577,High
f2bb8d302cc4f3727e11a7f7ba2cfba2,RNGE9HDCT9XSFEZA,BlueStone The Sestet Yellow Gold Diamond 18 K Ring,http://www.flipkart.com/bluestone-sestet-yellow-gold-diamond-18-k-ring/p/itme9hdby9mwgb7x?pid=RNGE9HDCT9XSFEZA,2016-01-01 19:37:22+00:00,Jewellery,BlueStone,32693.0,25501.0,,True,True,21.99859297097238,3522,310.0,1076.75,0.0,2226.875,31.85425497228562,High
e89de3a18e94712719654aedb849a0d0,RNGEA9ZXXNAHUDYC,BlueStone The Divine Union for Him Yellow Gold Diamond 18 K Ring,http://www.flipkart.com/bluestone-divine-union-him-yellow-gold-diamond-18-k-ring/p/itmea9zxhkcu8ekt?pid=RNGEA9ZXXNAHUDYC,2016-01-01 19:37:22+00:00,Jewellery,BlueStone,32660.0,25475.0,,True,True,21.9993876301286,3522,310.0,1076.75,0.0,2226.875,31.820345614607106,High
3b67207e9bc38ba3d44358517b868677,RNGE7GVYHBRF9T6G,Karatcraft Lyncis Yellow Gold Diamond 18 K Ring,http://www.flipkart.com/karatcraft-lyncis-yellow-gold-diamond-18-k-ring/p/itme7gvych7pz6yx?pid=RNGE7GVYHBRF9T6G,2016-01-01 19:37:22+00:00,Jewellery,Karatcraft,36124.0,25460.0,,True,True,29.52054036097885,3522,310.0,1076.75,0.0,2226.875,31.800782523638734,High
b544867ae69901b46ab14d63610144fb,RNGE9HDKYAVBZJZ6,"BlueStone The Amorous Noble White Gold Diamond, Tourmaline 18 K Ring",http://www.flipkart.com/bluestone-amorous-noble-white-gold-diamond-tourmaline-18-k-ring/p/itme9hdjmpc8uph3?pid=RNGE9HDKYAVBZJZ6,2016-01-01 19:37:22+00:00,Jewellery,BlueStone,34822.0,25415.0,,True,True,27.01453104359313,3522,310.0,1076.75,0.0,2226.875,31.742093250733618,High
98671f8bfa99eefb7cb8c2fffdf16860,RNGE9CD2XUJGHHBB,Jacknjewel Astonishing Gold Pearl 18K White Gold 18 K Ring,http://www.flipkart.com/jacknjewel-astonishing-gold-pearl-18k-white-18-k-ring/p/itme9cd2gbbhfvu2?pid=RNGE9CD2XUJGHHBB,2016-01-06 18:20:45+00:00,Jewellery,Jacknjewel,42696.0,25414.0,,True,True,40.476859658984445,3522,310.0,1076.75,0.0,2226.875,31.740789044669057,High
a34b091c507d2df95848a8ddea1a9fa1,RNGEYJM5EDNDHGUH,CaratLane Cara Cluster Gold Diamond 18 K Ring,http://www.flipkart.com/caratlane-cara-cluster-gold-diamond-18-k-ring/p/itmeyjm5ugd4c5bg?pid=RNGEYJM5EDNDHGUH,2016-01-07 00:54:41+00:00,Jewellery,CaratLane,25404.0,25404.0,,True,True,0.0,3522,310.0,1076.75,0.0,2226.875,31.727746984023476,High
039dff1881abf7d78294a5ce69788e60,RNGE8TFNWPUWDQ6H,Jewels5 Jaidon Yellow Gold Diamond 18 K Ring,http://www.flipkart.com/jewels5-jaidon-yellow-gold-diamond-18-k-ring/p/itme8tfnc3rngfbh?pid=RNGE8TFNWPUWDQ6H,2016-01-01 19:37:22+00:00,Jewellery,Jewels5,35720.0,25399.0,,True,True,28.89417693169093,3522,310.0,1076.75,0.0,2226.875,31.721225953700685,High
ed41c5037cf89e4caefa92d4ab063444,RNGEFJFFJPKMSZ8Z,Rakam Gold Diamond Yellow Gold 18 K Ring,http://www.flipkart.com/rakam-gold-diamond-yellow-18-k-ring/p/itmefjfftfsgpdhw?pid=RNGEFJFFJPKMSZ8Z,2016-01-01 19:37:22+00:00,Jewellery,Rakam,29875.0,25393.0,,True,True,15.002510460251045,3522,310.0,1076.75,0.0,2226.875,31.713400717313334,High
1f13b7dbb2080784e661784f9ed129dd,RNGEBQZRSFFV545U,BlueStone Break Free Yellow Gold Diamond 18 K Ring,http://www.flipkart.com/bluestone-break-free-yellow-gold-diamond-18-k-ring/p/itmebqzq6yxmzhku?pid=RNGEBQZRSFFV545U,2016-01-01 19:37:22+00:00,Jewellery,BlueStone,34942.0,25371.0,,True,True,27.391105260145384,3522,310.0,1076.75,0.0,2226.875,31.684708183893054,High
a19320a10044d56736a8e97b0f2589fc,RNGE9HD4ZAYEEABX,BlueStone The Tranquil Journey White Gold Diamond 18 K Ring,http://www.flipkart.com/bluestone-tranquil-journey-white-gold-diamond-18-k-ring/p/itme9hd3sar6xscd?pid=RNGE9HD4ZAYEEABX,2016-01-01 19:37:22+00:00,Jewellery,BlueStone,35000.0,25371.0,,True,True,27.51142857142857,3522,310.0,1076.75,0.0,2226.875,31.684708183893054,High
40cfecaecb62cfde845505bc029043c2,RNGE7GVYKHZRZWAF,Karatcraft Intima Yellow Gold Diamond 18 K Ring,http://www.flipkart.com/karatcraft-intima-yellow-gold-diamond-18-k-ring/p/itme7gvyn3nyzppe?pid=RNGE7GVYKHZRZWAF,2016-01-01 19:37:22+00:00,Jewellery,Karatcraft,36146.0,25366.0,,True,True,29.82349360925137,3522,310.0,1076.75,0.0,2226.875,31.678187153570263,High
3c5d1616a973728b4a3d7823b5f92be7,RNGE4YXXZKHDXKME,Diti Jewellery 0.09 Cts Certified Diamond Rd0572 Gift Free Shipping Platinum Ring,http://www.flipkart.com/diti-jewellery-0-09-cts-certified-diamond-rd0572-gift-free-shipping-platinum-ring/p/itme4yxxmh6nxvkk?pid=RNGE4YXXZKHDXKME,2016-01-01 19:37:22+00:00,Jewellery,Diti Jewellery,33800.0,25350.0,,True,True,25.0,3522,310.0,1076.75,0.0,2226.875,31.657319856537335,High
c00e7018e4ebcd81b1096f9e3aa463bf,RNGE7GVY2QBGAWBB,Karatcraft Armonia Yellow Gold Diamond 18 K Ring,http://www.flipkart.com/karatcraft-armonia-yellow-gold-diamond-18-k-ring/p/itme7gvyah6ed4fs?pid=RNGE7GVY2QBGAWBB,2016-01-01 19:37:22+00:00,Jewellery,Karatcraft,36211.0,25304.0,,True,True,30.120681560851676,3522,310.0,1076.75,0.0,2226.875,31.597326377567654,High
62915221252b95d956650e036aecbece,RNGE7M92AVG5TAZ2,Karatcraft Intima Yellow Gold Diamond 18 K Ring,http://www.flipkart.com/karatcraft-intima-yellow-gold-diamond-18-k-ring/p/itme7m92srtdshkz?pid=RNGE7M92AVG5TAZ2,2016-01-01 19:37:22+00:00,Jewellery,Karatcraft,34878.0,25293.0,,True,True,27.48150696714261,3522,310.0,1076.75,0.0,2226.875,31.582980110857516,High
1966d87b57e495d016e91d339417b063,RNGE9HDBPYXGNQV2,"BlueStone The Blooming Circles Yellow Gold Diamond, Emerald 18 K Ring",http://www.flipkart.com/bluestone-blooming-circles-yellow-gold-diamond-emerald-18-k-ring/p/itme9hdaq9pdxace?pid=RNGE9HDBPYXGNQV2,2016-01-01 19:37:22+00:00,Jewellery,BlueStone,33453.0,25290.0,,True,True,24.401398977670166,3522,310.0,1076.75,0.0,2226.875,31.579067492663842,High
3621539b3a459e8f47d111684f809e2b,RNGE87FCHNTBK927,Karatcraft Raciel Gold Diamond 18 K Ring,http://www.flipkart.com/karatcraft-raciel-gold-diamond-18-k-ring/p/itme87fcptmgy2yh?pid=RNGE87FCHNTBK927,2016-01-01 19:37:22+00:00,Jewellery,Karatcraft,32801.0,25270.0,,True,True,22.959665863845615,3522,310.0,1076.75,0.0,2226.875,31.552983371372676,High
6d843a79c12499315dd7e17453596b0b,RNGE9HCYMYXGFCVH,BlueStone The Marvel Yellow Gold Diamond 18 K Ring,http://www.flipkart.com/bluestone-marvel-yellow-gold-diamond-18-k-ring/p/itme9hcx4yqp8zsm?pid=RNGE9HCYMYXGFCVH,2016-01-01 19:37:22+00:00,Jewellery,BlueStone,35838.0,25263.0,,True,True,29.50778503264691,3522,310.0,1076.75,0.0,2226.875,31.54385392892077,High
3074390ec04c4e8f67b3e9221042846d,RNGEDAKBY4VQGHQT,Radiant Bay Stone Show Yellow Gold Diamond 14 K Ring,http://www.flipkart.com/radiant-bay-stone-show-yellow-gold-diamond-14-k-ring/p/itmedakbvnjqvhbs?pid=RNGEDAKBY4VQGHQT,2016-01-01 19:37:22+00:00,Jewellery,Radiant Bay,31533.0,25226.0,,True,True,20.00126851235214,3522,310.0,1076.75,0.0,2226.875,31.495598304532116,High
b0a929ddd422def74a5a7fee2be46f82,RNGE8URXBHZUZREY,Jewels5 Davita Yellow Gold Diamond 18 K Ring,http://www.flipkart.com/jewels5-davita-yellow-gold-diamond-18-k-ring/p/itme8urwutj6jzfm?pid=RNGE8URXBHZUZREY,2016-01-01 19:37:22+00:00,Jewellery,Jewels5,35448.0,25213.0,,True,True,28.8732791694877,3522,310.0,1076.75,0.0,2226.875,31.47864362569286,High
e930a448900ef7548b5caf59019be1f2,RNGE7M92H65GFDFT,Karatcraft Two lives meeting Yellow Gold Diamond 18 K Ring,http://www.flipkart.com/karatcraft-two-lives-meeting-yellow-gold-diamond-18-k-ring/p/itme7m92vq55tpv7?pid=RNGE7M92H65GFDFT,2016-01-01 19:37:22+00:00,Jewellery,Karatcraft,34692.0,25199.0,,True,True,27.363657327337716,3522,310.0,1076.75,0.0,2226.875,31.460384740789046,High
259de2cce9b34d176378b9410b8dbf1e,RNGEDAPSZHANF4KC,Radiant Bay Sublime Stunner White Gold Diamond 18 K Ring,http://www.flipkart.com/radiant-bay-sublime-stunner-white-gold-diamond-18-k-ring/p/itmedapst54jhhyx?pid=RNGEDAPSZHANF4KC,2016-01-01 19:37:22+00:00,Jewellery,Radiant Bay,31418.0,25134.0,,True,True,20.001273155515946,3522,310.0,1076.75,0.0,2226.875,31.375611346592763,High
789d262668298509479f7cae7f691456,RNGEDAKBYETUY2AB,Radiant Bay Voluminious Black and White Yellow Gold Diamond 18 K Ring,http://www.flipkart.com/radiant-bay-voluminious-black-white-yellow-gold-diamond-18-k-ring/p/itmedakbadgryqpd?pid=RNGEDAKBYETUY2AB,2016-01-01 19:37:22+00:00,Jewellery,Radiant Bay,31414.0,25131.0,,True,True,20.000636658814543,3522,310.0,1076.75,0.0,2226.875,31.371698728399085,High
7b8ad5b4964ad7cee38455d6157f70ba,RNGE9HEMZA5JHAFA,BlueStone The Trion Yellow Gold Diamond 14 K Ring,http://www.flipkart.com/bluestone-trion-yellow-gold-diamond-14-k-ring/p/itme9hehynx7za7z?pid=RNGE9HEMZA5JHAFA,2016-01-01 19:37:22+00:00,Jewellery,BlueStone,33132.0,25105.0,,True,True,24.227333091874925,3522,310.0,1076.75,0.0,2226.875,31.337789370720575,High
acd2fb58b46faec93e7a180761c8142b,RNGE9HE3UW9EGEBU,BlueStone The Sylka Yellow Gold Diamond 14 K Ring,http://www.flipkart.com/bluestone-sylka-yellow-gold-diamond-14-k-ring/p/itme9he3ghfhtcsa?pid=RNGE9HE3UW9EGEBU,2016-01-01 19:37:22+00:00,Jewellery,BlueStone,34892.0,25091.0,,True,True,28.08953341740227,3522,310.0,1076.75,0.0,2226.875,31.31953048581676,High
ac734fb745afcd45fbe80f6e92043611,RNGE9HDDWT2HTHRB,BlueStone The Dali White Gold Diamond 18 K Ring,http://www.flipkart.com/bluestone-dali-white-gold-diamond-18-k-ring/p/itme9hddhhm5wpj9?pid=RNGE9HDDWT2HTHRB,2016-01-01 19:37:22+00:00,Jewellery,BlueStone,36271.0,25076.0,,True,True,30.864878277411705,3522,310.0,1076.75,0.0,2226.875,31.299967394848387,High
67b25beb9080306cf3777f64e17914c2,RNGE7M92Z6MG5S9J,Karatcraft Sweet Flower Yellow Gold Diamond 18 K Ring,http://www.flipkart.com/karatcraft-sweet-flower-yellow-gold-diamond-18-k-ring/p/itme7m92xj5fbveu?pid=RNGE7M92Z6MG5S9J,2016-01-01 19:37:22+00:00,Jewellery,Karatcraft,35271.0,25075.0,,True,True,28.907601145416916,3522,310.0,1076.75,0.0,2226.875,31.298663188783827,High
2b4c018ee21f699c08c0f95affacaad8,RNGE9HDGUGGFBDC2,BlueStone The Victor Yellow Gold Diamond 18 K Ring,http://www.flipkart.com/bluestone-victor-yellow-gold-diamond-18-k-ring/p/itme9hdg6qh8xjvw?pid=RNGE9HDGUGGFBDC2,2016-01-01 19:37:22+00:00,Jewellery,BlueStone,32145.0,25074.0,,True,True,21.997200186654222,3522,310.0,1076.75,0.0,2226.875,31.29735898271927,High
5d95c585c162f9803f57d3da9b091856,RNGEDAKDZTGVBHFA,Radiant Bay Striking Square White Gold Diamond 18 K Ring,http://www.flipkart.com/radiant-bay-striking-square-white-gold-diamond-18-k-ring/p/itmedakdhkntgqvx?pid=RNGEDAKDZTGVBHFA,2016-01-01 19:37:22+00:00,Jewellery,Radiant Bay,31337.0,25070.0,,True,True,19.998723553626704,3522,310.0,1076.75,0.0,2226.875,31.292142158461036,High
7b1a1f3923184766a9d2fd800cb55299,RNGE6XYVGDMNRVRR,Shashvat Jewels The Charming Gold Diamond Yellow Gold 18 K Ring,http://www.flipkart.com/shashvat-jewels-charming-gold-diamond-yellow-18-k-ring/p/itme6xyvh8vuh64n?pid=RNGE6XYVGDMNRVRR,2016-01-01 19:37:22+00:00,Jewellery,Shashvat Jewels,29969.0,25024.0,,True,True,16.500383729854182,3522,310.0,1076.75,0.0,2226.875,31.23214867949136,High
592c28a8b559932736e67ad786b12404,RNGDQ5GGZTUQSQY3,BlueStone The Aleysia Gold Diamond 18 K Ring,http://www.flipkart.com/bluestone-aleysia-gold-diamond-18-k-ring/p/itmdq5ghg2zahd8b?pid=RNGDQ5GGZTUQSQY3,2016-01-01 19:37:22+00:00,Jewellery,BlueStone,33678.0,25008.0,,True,True,25.7438090147871,3522,310.0,1076.75,0.0,2226.875,31.211281382458427,High
b125c23b853cab749bcba33179f9cd16,NKCE2QKGRKR2YFYF,Shashvat Jewels Silver Necklace,http://www.flipkart.com/shashvat-jewels-silver-necklace/p/itme2qkgzwdzhvgd?pid=NKCE2QKGRKR2YFYF,2015-12-31 09:19:31+00:00,Jewellery,Shashvat Jewels,25000.0,25000.0,,True,True,0.0,3522,310.0,1076.75,0.0,2226.875,31.200847733941963,High
414172a4b29ab8ffd8db07a0fc66d933,RNGEDF5HZEF9XTYZ,Karatcraft Ebe Gold Diamond 18 K Ring,http://www.flipkart.com/karatcraft-ebe-gold-diamond-18-k-ring/p/itmedf5hxzmhscdf?pid=RNGEDF5HZEF9XTYZ,2016-01-01 10:55:30+00:00,Jewellery,Karatcraft,34905.0,24932.0,,True,True,28.571837845580863,3522,310.0,1076.75,0.0,2226.875,31.112161721552006,High
6c85eb3598e92ba7e79557a43511b466,RNGEE8ZHGY6YMKRY,LinkedInLove White Gold Diamond White Gold 18 K Ring,http://www.flipkart.com/linkedinlove-white-gold-diamond-18-k-ring/p/itmee8zhmeffuzhb?pid=RNGEE8ZHGY6YMKRY,2016-01-01 10:55:30+00:00,Jewellery,LinkedInLove,35609.0,24926.0,,True,True,30.000842483641776,3522,310.0,1076.75,0.0,2226.875,31.104336485164655,High
47f3bc25c90d2c2a499fc6d112eea60b,RNGE7M92A7GQTZZ8,Karatcraft Style curves Yellow Gold Diamond 18 K Ring,http://www.flipkart.com/karatcraft-style-curves-yellow-gold-diamond-18-k-ring/p/itme7m92bphthsjv?pid=RNGE7M92A7GQTZZ8,2016-01-01 10:55:30+00:00,Jewellery,Karatcraft,34852.0,24865.0,,True,True,28.65545736256169,3522,310.0,1076.75,0.0,2226.875,31.024779915226606,High
e7a0085287d2316fbd66c79cc32608e2,RNGED5YZZBX8PGHN,Radiant Bay Royal Night out Sterling Silver Diamond Ring,http://www.flipkart.com/radiant-bay-royal-night-out-sterling-silver-diamond-ring/p/itmed5yz8beztjnp?pid=RNGED5YZZBX8PGHN,2016-01-01 10:55:30+00:00,Jewellery,Radiant Bay,35333.0,24733.0,,True,True,30.00028302153794,3522,310.0,1076.75,0.0,2226.875,30.852624714704923,High
3df190e34e09bd14d10f9b57b14c01bf,RNGE7M92QK8FW7ZD,Karatcraft Sweet Flower Yellow Gold Diamond 18 K Ring,http://www.flipkart.com/karatcraft-sweet-flower-yellow-gold-diamond-18-k-ring/p/itme7m92sqqbkpcq?pid=RNGE7M92QK8FW7ZD,2016-01-01 10:55:30+00:00,Jewellery,Karatcraft,34433.0,24655.0,,True,True,28.397177126593675,3522,310.0,1076.75,0.0,2226.875,30.750896641669385,High
b7713fcb4d1f357b5aaa8c6a812db12a,RNGE9HDPGG8ZHUJZ,"BlueStone The Golden Arm Yellow Gold Diamond, Pearl 18 K Ring",http://www.flipkart.com/bluestone-golden-arm-yellow-gold-diamond-pearl-18-k-ring/p/itme9hdp8vnvhsqc?pid=RNGE9HDPGG8ZHUJZ,2016-01-06 18:20:45+00:00,Jewellery,BlueStone,24624.0,24624.0,,True,True,0.0,3522,310.0,1076.75,0.0,2226.875,30.71046625366808,High
2affd48b265477328dd0d73413bffbab,RNGE7M92CZF9KXHA,Karatcraft Boat Yellow Gold Diamond 18 K Ring,http://www.flipkart.com/karatcraft-boat-yellow-gold-diamond-18-k-ring/p/itme7m92ftfgjq7h?pid=RNGE7M92CZF9KXHA,2016-01-01 10:55:30+00:00,Jewellery,Karatcraft,34340.0,24608.0,,True,True,28.340128130460105,3522,310.0,1076.75,0.0,2226.875,30.689598956635148,High
2178acf27d66b0ba57a7a1af8827a84e,BBAEDUQPZF7SKG2J,"Love Bright Jewelry Sterling Silver Cubic Zirconia, Sapphire Rhodium Bracelet",http://www.flipkart.com/love-bright-jewelry-sterling-silver-cubic-zirconia-sapphire-rhodium-bracelet/p/itmeduqpzuf4j8c6?pid=BBAEDUQPZF7SKG2J,2015-12-29 05:07:38+00:00,Jewellery,Love Bright Jewelry,49999.0,24580.0,,True,True,50.839016780335605,3522,310.0,1076.75,0.0,2226.875,30.653081186827517,High
f6620f9cede104aa00df5337ebcd7d49,RNGE7GVYUJEHNNJS,Karatcraft Intima Yellow Gold Diamond 18 K Ring,http://www.flipkart.com/karatcraft-intima-yellow-gold-diamond-18-k-ring/p/itme7gvytgacpkcj?pid=RNGE7GVYUJEHNNJS,2016-01-01 10:55:30+00:00,Jewellery,Karatcraft,35044.0,24566.0,,True,True,29.899554845337292,3522,310.0,1076.75,0.0,2226.875,30.634822301923705,High
c4826af2d7a98846e7c08e7bfacbd685,RNGEDAKEHNG9HGSH,Radiant Bay Ribbon Ripples Yellow Gold Diamond 14 K Ring,http://www.flipkart.com/radiant-bay-ribbon-ripples-yellow-gold-diamond-14-k-ring/p/itmedakd43p2zhyu?pid=RNGEDAKEHNG9HGSH,2016-01-01 10:55:30+00:00,Jewellery,Radiant Bay,30593.0,24474.0,,True,True,20.001307488641192,3522,310.0,1076.75,0.0,2226.875,30.51483534398435,High
bd81925b81b3555744c0599bde75d77a,RNGE7GVYZGVHDS2V,Karatcraft Armonia Yellow Gold Diamond 18 K Ring,http://www.flipkart.com/karatcraft-armonia-yellow-gold-diamond-18-k-ring/p/itme7gvyratayjyh?pid=RNGE7GVYZGVHDS2V,2016-01-01 10:55:30+00:00,Jewellery,Karatcraft,35022.0,24440.0,,True,True,30.215293244246475,3522,310.0,1076.75,0.0,2226.875,30.47049233778937,High
c5f2c8f36f26dcac460cd0405d633035,RNGE7M92A2RFPMED,Karatcraft Perennial Love Yellow Gold Diamond 18 K Ring,http://www.flipkart.com/karatcraft-perennial-love-yellow-gold-diamond-18-k-ring/p/itme7m92gdzvkgjr?pid=RNGE7M92A2RFPMED,2016-01-01 10:55:30+00:00,Jewellery,Karatcraft,34309.0,24438.0,,True,True,28.770876446413478,3522,310.0,1076.75,0.0,2226.875,30.467883925660253,High
342d8a80ee8a9e80907defdaac55a754,RNGE7M925Z3VHYYC,Karatcraft Gemma Yellow Gold Diamond 18 K Ring,http://www.flipkart.com/karatcraft-gemma-yellow-gold-diamond-18-k-ring/p/itme7m92hbxbdbpm?pid=RNGE7M925Z3VHYYC,2016-01-01 10:55:30+00:00,Jewellery,Karatcraft,34687.0,24368.0,,True,True,29.748897281402254,3522,310.0,1076.75,0.0,2226.875,30.37658950114118,High
7698cd2c78a1fd6105ef617445da52f9,WATECJ25SP6A7VD5,"Aries Gold G 729 S-BK Analog Watch  - For Men, Boys",http://www.flipkart.com/aries-gold-g-729-s-bk-analog-watch-men-boys/p/itmecj25rfnthwfu?pid=WATECJ25SP6A7VD5,2015-12-04 07:25:36+00:00,Watches,Unknown,13699.0,13099.0,,True,True,4.379881743192934,528,550.0,950.0,0.0,1550.0,30.3725,High
c4300d5bc871e6baf8cd459c81622d42,RNGE7M92PHFGGBUJ,Karatcraft Drupples Yellow Gold Diamond 18 K Ring,http://www.flipkart.com/karatcraft-drupples-yellow-gold-diamond-18-k-ring/p/itme7m929etc9guz?pid=RNGE7M92PHFGGBUJ,2016-01-01 10:55:30+00:00,Jewellery,Karatcraft,34283.0,24192.0,,True,True,29.434413557739987,3522,310.0,1076.75,0.0,2226.875,30.147049233778937,High
a3de163bac4757f62569c4c3b03786a3,BBAE9DDYFFG3G93V,BlueStone Yellow Gold Amethyst 18 Bracelet,http://www.flipkart.com/bluestone-yellow-gold-amethyst-18-bracelet/p/itme9wmfa4py8wyk?pid=BBAE9DDYFFG3G93V,2015-12-29 05:07:38+00:00,Jewellery,BlueStone,31836.0,24112.0,,True,True,24.261841939942205,3522,310.0,1076.75,0.0,2226.875,30.04271274861428,High
635b97fab04a8d82b072cfe21a58f822,RNGEAM4MKS2EYSTX,P.N.Gadgil Jewellers Gold Diamond 18K Yellow Gold 18 K Ring,http://www.flipkart.com/p-n-gadgil-jewellers-gold-diamond-18k-yellow-18-k-ring/p/itmeam4kby8abycw?pid=RNGEAM4MKS2EYSTX,2016-01-01 10:55:30+00:00,Jewellery,P.N.Gadgil Jewellers,34884.0,24070.0,,True,True,30.99988533425066,3522,310.0,1076.75,0.0,2226.875,29.987936093902835,High
feb199a7c024b4ed2f710fd0747eda5e,RNGE7M92DX7YNQCH,Karatcraft Gracilus Yellow Gold Diamond 18 K Ring,http://www.flipkart.com/karatcraft-gracilus-yellow-gold-diamond-18-k-ring/p/itme7m92dbpzgrhz?pid=RNGE7M92DX7YNQCH,2016-01-01 10:55:30+00:00,Jewellery,Karatcraft,34081.0,24064.0,,True,True,29.391743200023473,3522,310.0,1076.75,0.0,2226.875,29.980110857515488,High
a62445404ccaea18581e7415295573de,RNGE8RDFZZAPBPKB,Jewels5 Alena Yellow Gold Diamond 18 K Ring,http://www.flipkart.com/jewels5-alena-yellow-gold-diamond-18-k-ring/p/itme8rdfvnz9jf3p?pid=RNGE8RDFZZAPBPKB,2016-01-01 10:55:30+00:00,Jewellery,Jewels5,33706.0,24023.0,,True,True,28.727822939535987,3522,310.0,1076.75,0.0,2226.875,29.9266384088686,High
6dfd6899dc537436647fdfcda082a60e,RNGEDAKFYHUQUWBS,Radiant Bay Brilliant Knot Yellow Gold Diamond 14 K Ring,http://www.flipkart.com/radiant-bay-brilliant-knot-yellow-gold-diamond-14-k-ring/p/itmedakfcdt8ajps?pid=RNGEDAKFYHUQUWBS,2016-01-01 10:55:30+00:00,Jewellery,Radiant Bay,30023.0,24018.0,,True,True,20.001332311894213,3522,310.0,1076.75,0.0,2226.875,29.92011737854581,High
005e8286bfe14a4db4c43e6794be20c1,RNGE8Z3KSHGCMSCP,WearYourShine by PCJ The Melina Gold Diamond 18 K Ring,http://www.flipkart.com/wearyourshine-pcj-melina-gold-diamond-18-k-ring/p/itme8z3kew2s8bq8?pid=RNGE8Z3KSHGCMSCP,2016-01-06 18:20:45+00:00,Jewellery,WearYourShine by PCJ,23949.0,23949.0,,True,True,0.0,3522,310.0,1076.75,0.0,2226.875,29.830127160091294,High
7094a6eb1f44b273f281dd6a7f213687,RNGE7M922BTRCJGF,Karatcraft Sweet Flower Yellow Gold Diamond 18 K Ring,http://www.flipkart.com/karatcraft-sweet-flower-yellow-gold-diamond-18-k-ring/p/itme7m92fseckrhm?pid=RNGE7M922BTRCJGF,2016-01-01 10:55:30+00:00,Jewellery,Karatcraft,32990.0,23931.0,,True,True,27.459836314034558,3522,310.0,1076.75,0.0,2226.875,29.806651450929248,High
3cabaf05fadbda9eb9657fda8391cfe2,RNGEBKGHZYZMEREZ,Jewels of Jaipur Gold Diamond 14 K Ring,http://www.flipkart.com/jewels-jaipur-gold-diamond-14-k-ring/p/itmebkghwurgfptf?pid=RNGEBKGHZYZMEREZ,2016-01-01 10:55:30+00:00,Jewellery,Jewels of Jaipur,31869.0,23902.0,,True,True,24.99921553861119,3522,310.0,1076.75,0.0,2226.875,29.76882947505706,High
170fb8309a509ff7e786350b0e0daf68,RNGE7GVYNY2QNZVK,Karatcraft Dyumna Yellow Gold Diamond 18 K Ring,http://www.flipkart.com/karatcraft-dyumna-yellow-gold-diamond-18-k-ring/p/itme7gvymjpgge6p?pid=RNGE7GVYNY2QNZVK,2016-01-01 10:55:30+00:00,Jewellery,Karatcraft,34536.0,23868.0,,True,True,30.88950660180681,3522,310.0,1076.75,0.0,2226.875,29.72448646886208,High
64d7dc34cd1d6099a9f43d9bcb3c729e,PRMEJ4UVUWPH9WXJ,Jouer Anti Aging Moisture  Primer  - 30 ml,http://www.flipkart.com/jouer-anti-aging-moisture-primer-30-ml/p/itmej4uvzmqjmxyz?pid=PRMEJ4UVUWPH9WXJ,2016-06-15 19:32:11+00:00,Beauty and Personal Care,Jouer,6840.0,5814.0,,True,True,15.0,709,299.0,479.0,29.0,749.0,29.63888888888889,High
d9e88922d33cb1b382b793dd488be283,RNGE7GVYJYYWFNVP,Karatcraft Armonia Yellow Gold Diamond 18 K Ring,http://www.flipkart.com/karatcraft-armonia-yellow-gold-diamond-18-k-ring/p/itme7gvyuz4yyvcr?pid=RNGE7GVYJYYWFNVP,2016-01-01 10:55:30+00:00,Jewellery,Karatcraft,33965.0,23672.0,,True,True,30.304725452671867,3522,310.0,1076.75,0.0,2226.875,29.468862080208673,High
2c0883796495383eb6da761c27dff435,PTGEGUPYWSZFTDCB,GAGA Canvas Painting,http://www.flipkart.com/gaga-canvas-painting/p/itmegupyuk9r4yeb?pid=PTGEGUPYWSZFTDCB,2016-03-18 07:48:11+00:00,Home Decor & Festive Needs,GAGA,46500.0,25510.0,,True,True,45.13978494623656,927,426.5,1250.0,0.0,2485.25,29.459623557984212,High
5d3bd8a7a9f3edcec4c13aea5a926504,PTGEGUPFREGF543N,GAGA Canvas Painting,http://www.flipkart.com/gaga-canvas-painting/p/itmegupfp744tghe?pid=PTGEGUPFREGF543N,2016-03-18 08:01:41+00:00,Home Decor & Festive Needs,GAGA,46500.0,25510.0,,True,True,45.13978494623656,927,426.5,1250.0,0.0,2485.25,29.459623557984212,High
87065e889687f0c7a681950565c5c216,PTGEGUPN4DGKNRZE,GAGA Canvas Painting,http://www.flipkart.com/gaga-canvas-painting/p/itmegupntgep5y3r?pid=PTGEGUPN4DGKNRZE,2016-03-18 08:01:41+00:00,Home Decor & Festive Needs,GAGA,46500.0,25510.0,,True,True,45.13978494623656,927,426.5,1250.0,0.0,2485.25,29.459623557984212,High
ae0e2b3720dcecbb1fc244c9d3e036f8,PTGEGUP5KM48MRRW,GAGA Canvas Painting,http://www.flipkart.com/gaga-canvas-painting/p/itmegup5gcvrb7q3?pid=PTGEGUP5KM48MRRW,2016-03-18 07:48:11+00:00,Home Decor & Festive Needs,GAGA,46500.0,25510.0,,True,True,45.13978494623656,927,426.5,1250.0,0.0,2485.25,29.459623557984212,High
e09d9166357725e2906fc649b9946770,PTGEGUP2P4WHZR6E,GAGA Canvas Painting,http://www.flipkart.com/gaga-canvas-painting/p/itmegup2cn3svbeq?pid=PTGEGUP2P4WHZR6E,2016-03-18 08:01:41+00:00,Home Decor & Festive Needs,GAGA,46500.0,25510.0,,True,True,45.13978494623656,927,426.5,1250.0,0.0,2485.25,29.459623557984212,High
fd2ba7d9e7f084aa7177e1663893574a,PTGEGUPKRM4ARQFJ,GAGA Canvas Painting,http://www.flipkart.com/gaga-canvas-painting/p/itmegupknyhd3ggx?pid=PTGEGUPKRM4ARQFJ,2016-03-18 07:48:11+00:00,Home Decor & Festive Needs,GAGA,46500.0,25510.0,,True,True,45.13978494623656,927,426.5,1250.0,0.0,2485.25,29.459623557984212,High
7902fe77735f67e29fbf6b3ae1ea4797,RNGE7M928WXJWBMS,Karatcraft Camellia Yellow Gold Diamond 18 K Ring,http://www.flipkart.com/karatcraft-camellia-yellow-gold-diamond-18-k-ring/p/itme7m92qznns4uc?pid=RNGE7M928WXJWBMS,2016-01-01 10:55:30+00:00,Jewellery,Karatcraft,32199.0,23534.0,,True,True,26.91077362651014,3522,310.0,1076.75,0.0,2226.875,29.288881643299643,High
6f1677c1d5ba850ca1cb269d005009e2,RNGE7M92AC8CFMM8,Karatcraft Marigold Yellow Gold Diamond 18 K Ring,http://www.flipkart.com/karatcraft-marigold-yellow-gold-diamond-18-k-ring/p/itme7m92rhpfprr4?pid=RNGE7M92AC8CFMM8,2016-01-01 10:55:30+00:00,Jewellery,Karatcraft,32964.0,23503.0,,True,True,28.701007159325325,3522,310.0,1076.75,0.0,2226.875,29.24845125529834,High
26d62cd33babbdcd6c132bb4957598ae,RNGE88Q9U5YZG3G2,Karatcraft Symphony Gold Diamond 18 K Ring,http://www.flipkart.com/karatcraft-symphony-gold-diamond-18-k-ring/p/itme88q9atsmrafm?pid=RNGE88Q9U5YZG3G2,2016-01-01 10:55:30+00:00,Jewellery,Karatcraft,32893.0,23487.0,,True,True,28.595749855592377,3522,310.0,1076.75,0.0,2226.875,29.227583958265406,High
e1d4f67b26bdb36689778d49bb1bd7bd,RNGEDAK7ZFFEYTA3,Radiant Bay Blossom Lure White Gold Diamond 14 K Ring,http://www.flipkart.com/radiant-bay-blossom-lure-white-gold-diamond-14-k-ring/p/itmedak7zeyzuehe?pid=RNGEDAK7ZFFEYTA3,2016-01-01 10:55:30+00:00,Jewellery,Radiant Bay,29344.0,23475.0,,True,True,20.00068157033806,3522,310.0,1076.75,0.0,2226.875,29.211933485490707,High
82b3fc7349b94481cdf9b6a17123e105,RNGE7M92HQECSUYG,Karatcraft Lynne Yellow Gold Diamond 18 K Ring,http://www.flipkart.com/karatcraft-lynne-yellow-gold-diamond-18-k-ring/p/itme7m92gpbbwxxg?pid=RNGE7M92HQECSUYG,2016-01-01 10:55:30+00:00,Jewellery,Karatcraft,33357.0,23286.0,,True,True,30.191563989567406,3522,310.0,1076.75,0.0,2226.875,28.965438539289206,High
1d9720011cb79ea9b78f0d3d96d01b15,RNGE8NA4ZZYUVZHW,Jewels5 Myrte Gold Diamond 18 K Ring,http://www.flipkart.com/jewels5-myrte-gold-diamond-18-k-ring/p/itme8na4gnuqzjsw?pid=RNGE8NA4ZZYUVZHW,2016-01-01 10:55:30+00:00,Jewellery,Jewels5,32492.0,23194.0,,True,True,28.616274775329313,3522,310.0,1076.75,0.0,2226.875,28.845451581349852,High
90cba98beedb4ac022c11c7b064eb9c2,RNGEDAPFZE2K4KSD,Radiant Bay Pear Flair Yellow Gold Diamond 14 K Ring,http://www.flipkart.com/radiant-bay-pear-flair-yellow-gold-diamond-14-k-ring/p/itmedapfhz2yyfjy?pid=RNGEDAPFZE2K4KSD,2016-01-01 10:55:30+00:00,Jewellery,Radiant Bay,28909.0,23127.0,,True,True,20.000691826074924,3522,310.0,1076.75,0.0,2226.875,28.758069775024452,High
ad034c875d5c1cc032e6a2641644252d,RNGE9HCVKZXY6U5C,"BlueStone The Rajeshwari White Gold Diamond, Emerald, Ruby 18 K Ring",http://www.flipkart.com/bluestone-rajeshwari-white-gold-diamond-emerald-ruby-18-k-ring/p/itme9hcwhhhjnfcd?pid=RNGE9HCVKZXY6U5C,2016-01-06 18:20:45+00:00,Jewellery,BlueStone,24984.0,22904.0,,True,True,8.325328210054435,3522,310.0,1076.75,0.0,2226.875,28.467231822627976,High
bdd6736da0b80695ca22b0f4f835760c,RNGEBKGHZ6EKKVFB,Jewels of Jaipur Gold Diamond 14 K Ring,http://www.flipkart.com/jewels-jaipur-gold-diamond-14-k-ring/p/itmebkghte6c86xm?pid=RNGEBKGHZ6EKKVFB,2016-01-01 10:55:30+00:00,Jewellery,Jewels of Jaipur,30460.0,22845.0,,True,True,25.0,3522,310.0,1076.75,0.0,2226.875,28.39028366481904,High
9aba5e038e4d09a58c7f82de6d2804e7,RNGEDAKBYYVCFWZP,Radiant Bay Striking Three Stone Yellow Gold Diamond 18 K Ring,http://www.flipkart.com/radiant-bay-striking-three-stone-yellow-gold-diamond-18-k-ring/p/itmedakatrzgsuw8?pid=RNGEDAKBYYVCFWZP,2016-01-01 10:55:30+00:00,Jewellery,Radiant Bay,28494.0,22795.0,,True,True,20.00070190215484,3522,310.0,1076.75,0.0,2226.875,28.32507336159113,High
75401e9e1232f542d91440a6a8bf9543,RNGEA9ZXDDFHAVMZ,BlueStone The Juliette Yellow Gold Diamond 18 K Ring,http://www.flipkart.com/bluestone-juliette-yellow-gold-diamond-18-k-ring/p/itmea9zxeezyhney?pid=RNGEA9ZXDDFHAVMZ,2016-01-06 18:20:45+00:00,Jewellery,BlueStone,29348.0,22644.0,,True,True,22.843123892599156,3522,310.0,1076.75,0.0,2226.875,28.128138245842845,High
3950ace36c7dcc700451bcc653ad6069,RNGEDAK7ZHEZDHEH,Radiant Bay Infinity Bows Yellow Gold Diamond 18 K Ring,http://www.flipkart.com/radiant-bay-infinity-bows-yellow-gold-diamond-18-k-ring/p/itmedak7hncrq8sm?pid=RNGEDAK7ZHEZDHEH,2016-01-01 10:55:30+00:00,Jewellery,Radiant Bay,28285.0,22628.0,,True,True,20.0,3522,310.0,1076.75,0.0,2226.875,28.107270948809912,High
75d1f5e0ef1c59d029550b06eaf96e05,RNGE7M92GMQNSPUG,Karatcraft Lynne Yellow Gold Diamond 18 K Ring,http://www.flipkart.com/karatcraft-lynne-yellow-gold-diamond-18-k-ring/p/itme7m92qz5aytzs?pid=RNGE7M92GMQNSPUG,2016-01-01 10:55:30+00:00,Jewellery,Karatcraft,31774.0,22492.0,,True,True,29.212563731352677,3522,310.0,1076.75,0.0,2226.875,27.929898924029995,High
b5e2f348c254edd70b3c023dd8bc37b8,RNGDREYRQQGZAPQM,"BlueStone The Beatrice White Gold Diamond, Pearl 14 K Ring",http://www.flipkart.com/bluestone-beatrice-white-gold-diamond-pearl-14-k-ring/p/itmdreytv9scvfkz?pid=RNGDREYRQQGZAPQM,2016-01-06 18:20:45+00:00,Jewellery,BlueStone,22459.0,22459.0,,True,True,0.0,3522,310.0,1076.75,0.0,2226.875,27.886860123899577,High
53be56a874a0c2dce07c4dd9dc273a9c,RNGEDF5HDGKZGA3T,Karatcraft Emmima Gold Diamond 18 K Ring,http://www.flipkart.com/karatcraft-emmima-gold-diamond-18-k-ring/p/itmedf5hsdqqtyzk?pid=RNGEDF5HDGKZGA3T,2016-01-01 10:55:30+00:00,Jewellery,Karatcraft,31281.0,22343.0,,True,True,28.573255330711934,3522,310.0,1076.75,0.0,2226.875,27.735572220410823,High
aacdc3c91f240c4b65c6cb18ffd97ba0,RNGEDAK9ZKYRNXNA,Radiant Bay Luxurious Solitaire Yellow Gold Diamond 18 K Ring,http://www.flipkart.com/radiant-bay-luxurious-solitaire-yellow-gold-diamond-18-k-ring/p/itmedak9xhy5jkyp?pid=RNGEDAK9ZKYRNXNA,2016-01-01 10:55:30+00:00,Jewellery,Radiant Bay,27849.0,22279.0,,True,True,20.000718158641245,3522,310.0,1076.75,0.0,2226.875,27.6521030322791,High
dfcbada2e14bd8e721ed8747f02b3baf,RNGEDF5GSECGAM8F,Karatcraft Eleveni Gold Diamond 18 K Ring,http://www.flipkart.com/karatcraft-eleveni-gold-diamond-18-k-ring/p/itmedf5gnerqg6hr?pid=RNGEDF5GSECGAM8F,2016-01-01 10:55:30+00:00,Jewellery,Karatcraft,31085.0,22203.0,,True,True,28.573266848962522,3522,310.0,1076.75,0.0,2226.875,27.552983371372676,High
06cb03dcfff03a812f31a9226b32ddb7,RNGE7M92FC3SNGZD,Karatcraft Pinta Yellow Gold Diamond 18 K Ring,http://www.flipkart.com/karatcraft-pinta-yellow-gold-diamond-18-k-ring/p/itme7m92exc8jf3z?pid=RNGE7M92FC3SNGZD,2016-01-01 10:55:30+00:00,Jewellery,Karatcraft,31981.0,22181.0,,True,True,30.643194396673024,3522,310.0,1076.75,0.0,2226.875,27.524290837952396,High
94e946d8d9636e4e71c2cc736f22402b,RNGE8TFNWHGH2MRU,Jewels5 Hartlyn Yellow Gold Diamond 18 K Ring,http://www.flipkart.com/jewels5-hartlyn-yellow-gold-diamond-18-k-ring/p/itme8tfnxrd39gk2?pid=RNGE8TFNWHGH2MRU,2016-01-01 10:55:30+00:00,Jewellery,Jewels5,30679.0,21955.0,,True,True,28.43638971283288,3522,310.0,1076.75,0.0,2226.875,27.229540267362243,High
7be93803a3494344553be8b466d731ca,RNGEDAKBZRJKYHDJ,Radiant Bay Elementary White Gold Diamond 18 K Ring,http://www.flipkart.com/radiant-bay-elementary-white-gold-diamond-18-k-ring/p/itmedakbtvzwez6m?pid=RNGEDAKBZRJKYHDJ,2016-01-01 10:55:30+00:00,Jewellery,Radiant Bay,27434.0,21947.0,,True,True,20.000729022380987,3522,310.0,1076.75,0.0,2226.875,27.219106618845778,High
643b8345e0b78cc7ba7205b3d83d5c4d,RNGEDAPSYZY4WGJV,Radiant Bay Wish Trio White Gold Diamond 14 K Ring,http://www.flipkart.com/radiant-bay-wish-trio-white-gold-diamond-14-k-ring/p/itmedapspyvr2d8p?pid=RNGEDAPSYZY4WGJV,2016-01-01 10:55:30+00:00,Jewellery,Radiant Bay,27399.0,21919.0,,True,True,20.000729953647944,3522,310.0,1076.75,0.0,2226.875,27.182588849038147,High
d7a3fd91e17e9a4f7858ea889bdc2f75,RNGE7M92HYNHNAYS,Karatcraft Perennial Love Yellow Gold Diamond 18 K Ring,http://www.flipkart.com/karatcraft-perennial-love-yellow-gold-diamond-18-k-ring/p/itme7m92xjszjdwp?pid=RNGE7M92HYNHNAYS,2016-01-01 10:55:30+00:00,Jewellery,Karatcraft,31423.0,21901.0,,True,True,30.302644559717404,3522,310.0,1076.75,0.0,2226.875,27.1591131398761,High
a3e2ae756719757999c26c2a64907203,RNGEAY8H29HMF3KR,Kundali Gold Topaz 18 K Ring,http://www.flipkart.com/kundali-gold-topaz-18-k-ring/p/itmeay8hwzd26zu3?pid=RNGEAY8H29HMF3KR,2016-01-06 18:20:45+00:00,Jewellery,Kundali,25185.0,21900.0,,True,True,13.043478260869565,3522,310.0,1076.75,0.0,2226.875,27.15780893381154,High
c57e06e14ed10595c6609736352e9075,RNGE8UGWZZHGBJXC,Jewels5 Anluan Yellow Gold Diamond 18 K Ring,http://www.flipkart.com/jewels5-anluan-yellow-gold-diamond-18-k-ring/p/itme8ugwzhpcb5t2?pid=RNGE8UGWZZHGBJXC,2016-01-01 10:55:30+00:00,Jewellery,Jewels5,30576.0,21885.0,,True,True,28.42425431711146,3522,310.0,1076.75,0.0,2226.875,27.13824584284317,High
024ee5349c928f251ee7acb49d9dcbb9,RNGE7M92TD8CMXXF,Karatcraft Fragilis Yellow Gold Diamond 18 K Ring,http://www.flipkart.com/karatcraft-fragilis-yellow-gold-diamond-18-k-ring/p/itme7m92vsja9ruy?pid=RNGE7M92TD8CMXXF,2016-01-01 10:55:30+00:00,Jewellery,Karatcraft,31484.0,21812.0,,True,True,30.720365900139754,3522,310.0,1076.75,0.0,2226.875,27.04303880013042,High
24cf40179f65703e64e20d0bed053fe2,RNGE7M92NWJJEHDD,Karatcraft Twisted Gold Yellow Gold Diamond 18 K Ring,http://www.flipkart.com/karatcraft-twisted-gold-yellow-diamond-18-k-ring/p/itme7m92m7grexx4?pid=RNGE7M92NWJJEHDD,2016-01-01 10:55:30+00:00,Jewellery,Karatcraft,31190.0,21784.0,,True,True,30.15710163513947,3522,310.0,1076.75,0.0,2226.875,27.00652103032279,High
bbaf5c295019143388a2dddce9063a38,RNGE8Z3MGUD542BT,WearYourShine by PCJ The Brietta Gold Diamond 18 K Ring,http://www.flipkart.com/wearyourshine-pcj-brietta-gold-diamond-18-k-ring/p/itme8z3mgcyhjvdz?pid=RNGE8Z3MGUD542BT,2016-01-07 00:54:41+00:00,Jewellery,WearYourShine by PCJ,21734.0,21734.0,,True,True,0.0,3522,310.0,1076.75,0.0,2226.875,26.94131072709488,High
fe48ab3a114a9106635554b8ffe7f33c,RNGE8TQ9YUW7TTAU,Jewels5 Adan Yellow Gold Diamond 18 K Ring,http://www.flipkart.com/jewels5-adan-yellow-gold-diamond-18-k-ring/p/itme8tq9ajegefez?pid=RNGE8TQ9YUW7TTAU,2016-01-01 10:55:30+00:00,Jewellery,Jewels5,29976.0,21475.0,,True,True,28.359354149986657,3522,310.0,1076.75,0.0,2226.875,26.60352135637431,High
9dbebf3ebff2218ee743a8522962f9ec,RNGEDAKCZZGK5HXE,Radiant Bay Sumptous Infinity Knot White Gold Diamond 14 K Ring,http://www.flipkart.com/radiant-bay-sumptous-infinity-knot-white-gold-diamond-14-k-ring/p/itmedakbmmmgbmzh?pid=RNGEDAKCZZGK5HXE,2016-01-01 10:55:30+00:00,Jewellery,Radiant Bay,26838.0,21470.0,,True,True,20.001490424025636,3522,310.0,1076.75,0.0,2226.875,26.597000326051518,High
2e5d2cb7e0a5e504749b3edb3de3e6da,RNGE7M92AHYVJFTN,Karatcraft Spiral Elegance Yellow Gold Diamond 18 K Ring,http://www.flipkart.com/karatcraft-spiral-elegance-yellow-gold-diamond-18-k-ring/p/itme7m92cr27h2pm?pid=RNGE7M92AHYVJFTN,2016-01-01 10:55:30+00:00,Jewellery,Karatcraft,30445.0,21410.0,,True,True,29.676465757924124,3522,310.0,1076.75,0.0,2226.875,26.518747962178026,High
74967fd30e3de7054c7f1e7935df2d0b,RNGE7M92XHFRHZCB,Karatcraft Pinta Yellow Gold Diamond 18 K Ring,http://www.flipkart.com/karatcraft-pinta-yellow-gold-diamond-18-k-ring/p/itme7m92cpwummcz?pid=RNGE7M92XHFRHZCB,2016-01-01 10:55:30+00:00,Jewellery,Karatcraft,30445.0,21410.0,,True,True,29.676465757924124,3522,310.0,1076.75,0.0,2226.875,26.518747962178026,High
394df1ac1d6d9836dc3e2b4eb0bf40fd,RNGEH3ETCHGWGWGZ,Rasav Jewels Yellow Gold Diamond 18 K Ring,http://www.flipkart.com/rasav-jewels-yellow-gold-diamond-18-k-ring/p/itmeh3etdnbugxsu?pid=RNGEH3ETCHGWGWGZ,2016-03-25 15:39:25+00:00,Jewellery,Rasav Jewels,30461.0,21323.0,,True,True,29.999015134105907,3522,310.0,1076.75,0.0,2226.875,26.40528203456146,High
8329933c7c75281d24d6964c788cd561,AFGEFJSH4NWWPFCG,"Predator Official Licensed7"" Vs Dutch 2 Pack",http://www.flipkart.com/predator-official-licensed7-vs-dutch-2-pack/p/itmefjshqxhfmtgg?pid=AFGEFJSH4NWWPFCG,2016-03-03 06:06:42+00:00,Toys & School Supplies,Predator,12147.0,10324.0,,True,True,15.007820861117972,329,179.0,550.0,0.0,1106.5,26.345013477088948,High
607d9acdc2a30126e48860f0fbd208e7,RPEEGGDJN5D8HFRM,Hoffrichter Therapy Tube Without Sensor For Respiratory Exerciser,http://www.flipkart.com/hoffrichter-therapy-tube-without-sensor-respiratory-exerciser/p/itmeggdjyd5fxzww?pid=RPEEGGDJN5D8HFRM,2016-05-24 20:23:06+00:00,Beauty and Personal Care,Hoffrichter,6599.0,5200.0,,True,True,21.200181845734203,709,299.0,479.0,29.0,749.0,26.227777777777778,High
702befd35cb035f1346aed41129f0ea4,RNGEDAPFZ2GKRUER,Radiant Bay Pear Flair Yellow Gold Diamond 18 K Ring,http://www.flipkart.com/radiant-bay-pear-flair-yellow-gold-diamond-18-k-ring/p/itmedapffmm4kefz?pid=RNGEDAPFZ2GKRUER,2016-01-01 10:55:30+00:00,Jewellery,Radiant Bay,26450.0,21160.0,,True,True,20.0,3522,310.0,1076.75,0.0,2226.875,26.192696446038475,High
c95a4db1f0d6db7e77b66f0214b4aeb7,RNGE7M92H9QHRKEX,Karatcraft Pinta Yellow Gold Diamond 18 K Ring,http://www.flipkart.com/karatcraft-pinta-yellow-gold-diamond-18-k-ring/p/itme7m92eyp5jbac?pid=RNGE7M92H9QHRKEX,2016-01-01 10:55:30+00:00,Jewellery,Karatcraft,29793.0,21083.0,,True,True,29.235055214312087,3522,310.0,1076.75,0.0,2226.875,26.092272579067494,High
2bf22bbd1cc262e59316f22683f5b32a,RNGE8TQ9J4ZGYGFA,Jewels5 Tanessa Yellow Gold Diamond 18 K Ring,http://www.flipkart.com/jewels5-tanessa-yellow-gold-diamond-18-k-ring/p/itme8tq9b3nzqsh3?pid=RNGE8TQ9J4ZGYGFA,2016-01-07 00:54:41+00:00,Jewellery,Jewels5,29282.0,21000.0,,True,True,28.283587186667578,3522,310.0,1076.75,0.0,2226.875,25.98402347570916,High
fbfa7a231ed3ac394c5cda6b8202e06d,RNGEDAKDZXZ7ZBES,Radiant Bay For Forever Yellow Gold Diamond 18 K Ring,http://www.flipkart.com/radiant-bay-forever-yellow-gold-diamond-18-k-ring/p/itmedakddhghzgvx?pid=RNGEDAKDZXZ7ZBES,2016-01-01 10:55:30+00:00,Jewellery,Radiant Bay,26208.0,20966.0,,True,True,20.00152625152625,3522,310.0,1076.75,0.0,2226.875,25.939680469514183,High
3d3281d7c19389253b924ccfb5ea2ef5,RNGEDAPTVZZTHMY4,Radiant Bay Sumptous Sparkle White Gold Diamond 14 K Ring,http://www.flipkart.com/radiant-bay-sumptous-sparkle-white-gold-diamond-14-k-ring/p/itmedaptptvamtru?pid=RNGEDAPTVZZTHMY4,2016-01-01 10:55:30+00:00,Jewellery,Radiant Bay,26084.0,20867.0,,True,True,20.000766753565404,3522,310.0,1076.75,0.0,2226.875,25.810564069122922,High
5510991070a1e6772052172d81003a3d,RNGE88Q9GVMYM6SF,Karatcraft Solitana Gold Diamond 18 K Ring,http://www.flipkart.com/karatcraft-solitana-gold-diamond-18-k-ring/p/itme88q9qhe3spmr?pid=RNGE88Q9GVMYM6SF,2016-01-06 18:20:45+00:00,Jewellery,Karatcraft,30176.0,20749.0,,True,True,31.24005832449629,3522,310.0,1076.75,0.0,2226.875,25.656667753505054,High
a52eb1c37a65ff18c8aec1248dbae7bb,RNGEDAKFNPUNF5BJ,Radiant Bay Square Slade White Gold Diamond 18 K Ring,http://www.flipkart.com/radiant-bay-square-slade-white-gold-diamond-18-k-ring/p/itmedakevahe23ed?pid=RNGEDAKFNPUNF5BJ,2016-01-01 10:55:30+00:00,Jewellery,Radiant Bay,25929.0,20743.0,,True,True,20.000771337112884,3522,310.0,1076.75,0.0,2226.875,25.648842517117703,High
8641b2d3d40163708495f9d09a3d0cd5,RNGE87FCFE8MKGZD,Karatcraft Clariz Gold Diamond 18 K Ring,http://www.flipkart.com/karatcraft-clariz-gold-diamond-18-k-ring/p/itme87fcaxfx58gf?pid=RNGE87FCFE8MKGZD,2016-01-06 18:20:45+00:00,Jewellery,Karatcraft,32658.0,20727.0,,True,True,36.53316185926879,3522,310.0,1076.75,0.0,2226.875,25.627975220084775,High
293b14d04dc5bbe88cbc992353f15aca,RNGEYFH7JHGMKRK4,WearYourShine by PCJ The Maryse Diamond Gold Diamond Yellow Gold 18 K Ring,http://www.flipkart.com/wearyourshine-pcj-maryse-diamond-gold-yellow-18-k-ring/p/itmeyfh6kwggkmzp?pid=RNGEYFH7JHGMKRK4,2016-01-06 18:20:45+00:00,Jewellery,WearYourShine by PCJ,20717.0,20717.0,,True,True,0.0,3522,310.0,1076.75,0.0,2226.875,25.614933159439193,High
cd4f90209dcb3c428a3cde4a5ef65f2d,RNGEDAK9ZZR8MGY4,Radiant Bay Luxurious Solitaire White Gold Diamond 14 K Ring,http://www.flipkart.com/radiant-bay-luxurious-solitaire-white-gold-diamond-14-k-ring/p/itmedak9atpdzfeq?pid=RNGEDAK9ZZR8MGY4,2016-01-01 10:55:30+00:00,Jewellery,Radiant Bay,25848.0,20678.0,,True,True,20.001547508511297,3522,310.0,1076.75,0.0,2226.875,25.56406912292142,High
26b77888c8408c60006d1b3ff331b5ad,RNGE88FQG4EH5K9X,Karatcraft Twinoh Gold Diamond 18 K Ring,http://www.flipkart.com/karatcraft-twinoh-gold-diamond-18-k-ring/p/itme88frkk3au7n9?pid=RNGE88FQG4EH5K9X,2016-01-06 18:20:45+00:00,Jewellery,Karatcraft,32528.0,20672.0,,True,True,36.44859813084112,3522,310.0,1076.75,0.0,2226.875,25.556243886534073,High
26fc529ea4d74e57f4a9c7318d72c72a,RNGE88Q94HF6SCCG,Karatcraft Celebra Gold Diamond 18 K Ring,http://www.flipkart.com/karatcraft-celebra-gold-diamond-18-k-ring/p/itme88q9dhuxjehu?pid=RNGE88Q94HF6SCCG,2016-01-06 18:20:45+00:00,Jewellery,Karatcraft,32524.0,20586.0,,True,True,36.70520231213873,3522,310.0,1076.75,0.0,2226.875,25.444082164982067,High
85cea8f60b98c50f038c3ad343b9ddf0,RNGEDAKCYXSZTFKX,Radiant Bay Priceless Bond White Gold Diamond 18 K Ring,http://www.flipkart.com/radiant-bay-priceless-bond-white-gold-diamond-18-k-ring/p/itmedakctqv2sgtg?pid=RNGEDAKCYXSZTFKX,2016-01-01 10:55:30+00:00,Jewellery,Radiant Bay,25730.0,20584.0,,True,True,20.0,3522,310.0,1076.75,0.0,2226.875,25.44147375285295,High
2a18f623a9541c39c227152c40c4ae4c,RNGE9HE7BKMCZGRV,BlueStone The Sestet Yellow Gold Diamond 14 K Ring,http://www.flipkart.com/bluestone-sestet-yellow-gold-diamond-14-k-ring/p/itme9he7rz4tgdfn?pid=RNGE9HE7BKMCZGRV,2016-01-06 18:20:45+00:00,Jewellery,BlueStone,23124.0,20581.0,,True,True,10.99723231274866,3522,310.0,1076.75,0.0,2226.875,25.437561134659276,High
f1f26d670aa214df255aadd7d7c831af,RNGEA9ZWQCB2ZUFS,BlueStone The Ciara for her Yellow Gold Diamond 18 K Ring,http://www.flipkart.com/bluestone-ciara-her-yellow-gold-diamond-18-k-ring/p/itmea9zwpm2z7wcp?pid=RNGEA9ZWQCB2ZUFS,2016-01-06 18:20:45+00:00,Jewellery,BlueStone,20438.0,20438.0,,True,True,0.0,3522,310.0,1076.75,0.0,2226.875,25.251059667427455,High
5e0b7cfa18584f5c8a787387610f844c,RNGEAM4ZFGWHWMYZ,P.N.Gadgil Jewellers Gold Diamond 18K Yellow Gold 18 K Ring,http://www.flipkart.com/p-n-gadgil-jewellers-gold-diamond-18k-yellow-18-k-ring/p/itmeam4nsbwvdwrd?pid=RNGEAM4ZFGWHWMYZ,2016-01-01 10:55:30+00:00,Jewellery,P.N.Gadgil Jewellers,29614.0,20434.0,,True,True,30.998851894374283,3522,310.0,1076.75,0.0,2226.875,25.24584284316922,High
e5d2b66ac1f0dc48209bfbe4a75bec13,RNGE9HDVMPVBYPGJ,BlueStone The Crocio Band Yellow Gold Diamond 14 K Ring,http://www.flipkart.com/bluestone-crocio-band-yellow-gold-diamond-14-k-ring/p/itme9hdvffkxygcu?pid=RNGE9HDVMPVBYPGJ,2016-01-06 18:20:45+00:00,Jewellery,BlueStone,22946.0,20423.0,,True,True,10.995380458467707,3522,310.0,1076.75,0.0,2226.875,25.23149657645908,High
21b327e54c47d47b8ec120f115d4d563,RNGE88Q9FH632SHU,Karatcraft Celebra Gold Diamond 18 K Ring,http://www.flipkart.com/karatcraft-celebra-gold-diamond-18-k-ring/p/itme88q9dhuxjehu?pid=RNGE88Q9FH632SHU,2016-01-01 10:55:30+00:00,Jewellery,Karatcraft,29381.0,20399.0,,True,True,30.570777032776284,3522,310.0,1076.75,0.0,2226.875,25.200195630909683,High
ed79aada0ebaccf804748229917fee88,RNGE5GSJTGW5V9CQ,WearYourShine by PCJ The Charles Gold Diamond 18 K Ring,http://www.flipkart.com/wearyourshine-pcj-charles-gold-diamond-18-k-ring/p/itme5gsjfetfmggd?pid=RNGE5GSJTGW5V9CQ,2016-01-07 00:54:41+00:00,Jewellery,WearYourShine by PCJ,20341.0,20341.0,,True,True,0.0,3522,310.0,1076.75,0.0,2226.875,25.124551679165307,High
0a73137d18fa5f73447687988d6a9c70,CBKEHUYWBEUUCHAP,Victoria's Secret NEW! Noir Tease Gift Set,http://www.flipkart.com/victoria-s-secret-new-noir-tease-gift-set/p/itmehuywnbs7rh5s?pid=CBKEHUYWBEUUCHAP,2016-04-19 05:00:32+00:00,Beauty and Personal Care,Victoria's Secret,7850.0,4999.0,,True,True,36.318471337579616,709,299.0,479.0,29.0,749.0,25.11111111111111,High
6ae332e2bafd23267caedfcc4453257c,SHIE3QDHGXSE3PYE,Exotic India Adi Buddha Vajrasattva Showpiece  -  27.94 cm,http://www.flipkart.com/exotic-india-adi-buddha-vajrasattva-showpiece-27-94-cm/p/itme3qdhhsnmbevj?pid=SHIE3QDHGXSE3PYE,2016-01-04 00:20:04+00:00,Home Decor & Festive Needs,Exotic India,22525.0,21800.0,,True,True,3.218645948945616,927,426.5,1250.0,0.0,2485.25,24.95446265938069,High
0306190a085de25af419f19a46a53129,PTGEGUP6TA9TUFZZ,GAGA Canvas Painting,http://www.flipkart.com/gaga-canvas-painting/p/itmegup6zpswfq2q?pid=PTGEGUP6TA9TUFZZ,2016-03-18 08:01:41+00:00,Home Decor & Festive Needs,GAGA,39500.0,21780.0,,True,True,44.860759493670884,927,426.5,1250.0,0.0,2485.25,24.93017607771706,High
2a3783dde296235e074241649f5c850b,PTGEGUZHKTTY5BKJ,GAGA Canvas Painting,http://www.flipkart.com/gaga-canvas-painting/p/itmeguzhu3qgdfzm?pid=PTGEGUZHKTTY5BKJ,2016-03-18 08:01:41+00:00,Home Decor & Festive Needs,GAGA,39500.0,21780.0,,True,True,44.860759493670884,927,426.5,1250.0,0.0,2485.25,24.93017607771706,High
99317eee3b4c88d9ac4f99fef329a5be,PTGEGUZVM4X9XZWG,GAGA Canvas Painting,http://www.flipkart.com/gaga-canvas-painting/p/itmeguzvgkfc3xjt?pid=PTGEGUZVM4X9XZWG,2016-03-18 07:48:11+00:00,Home Decor & Festive Needs,GAGA,39500.0,21780.0,,True,True,44.860759493670884,927,426.5,1250.0,0.0,2485.25,24.93017607771706,High
fcce58614783216e0d85cc63f46fbaa4,PTGEGUZZJXXJBGPQ,GAGA Canvas Painting,http://www.flipkart.com/gaga-canvas-painting/p/itmeguzz93bjgtgk?pid=PTGEGUZZJXXJBGPQ,2016-03-18 07:48:11+00:00,Home Decor & Festive Needs,GAGA,39500.0,21780.0,,True,True,44.860759493670884,927,426.5,1250.0,0.0,2485.25,24.93017607771706,High
fc37ba9612111a69db7e4608b7d07ebb,RNGE7M92V5GTURFX,Karatcraft Primavera Yellow Gold Diamond 18 K Ring,http://www.flipkart.com/karatcraft-primavera-yellow-gold-diamond-18-k-ring/p/itme7m92qnzrervf?pid=RNGE7M92V5GTURFX,2016-01-01 10:55:30+00:00,Jewellery,Karatcraft,26389.0,20126.0,,True,True,23.733373754215773,3522,310.0,1076.75,0.0,2226.875,24.844147375285296,High
625b837a1e1633439a1d87e68f59a169,AFGEFM63YQH4WHRH,Discovery Toys MarbleworksÃ¢Â® Marble Run Starter Set By,http://www.flipkart.com/discovery-toys-marbleworks-marble-run-starter-set/p/itmefm63hmgnys92?pid=AFGEFM63YQH4WHRH,2016-03-03 06:06:42+00:00,Toys & School Supplies,Discovery Toys,11435.0,9719.0,,True,True,15.006558810668999,329,179.0,550.0,0.0,1106.5,24.714285714285715,High
c9363635b1d3bc04fbf50156a0d6f1ae,AFGEFJSH59XSEMVH,"Sentinel Braveact Eren Jaeger ""Attack On Titan"" Model Kit",http://www.flipkart.com/sentinel-braveact-eren-jaeger-attack-titan-model-kit/p/itmefjsmkzmhcshe?pid=AFGEFJSH59XSEMVH,2016-03-03 06:06:42+00:00,Toys & School Supplies,Sentinel,11431.0,9716.0,,True,True,15.003061849357012,329,179.0,550.0,0.0,1106.5,24.70619946091644,High
207bfa4be507f1746dcaa3adbf6038ac,RNGE7M92STBDGEGA,Karatcraft Insieme Yellow Gold Diamond 18 K Ring,http://www.flipkart.com/karatcraft-insieme-yellow-gold-diamond-18-k-ring/p/itme7m92efgv7qsj?pid=RNGE7M92STBDGEGA,2016-01-01 10:55:30+00:00,Jewellery,Karatcraft,26200.0,19986.0,,True,True,23.717557251908396,3522,310.0,1076.75,0.0,2226.875,24.66155852624715,High
1b31d7e9f1e7e7c4012ddead2104cd7e,RNGE7M92HHHRXZKG,Karatcraft Lujo Yellow Gold Diamond 18 K Ring,http://www.flipkart.com/karatcraft-lujo-yellow-gold-diamond-18-k-ring/p/itme7m92xrtfvgwz?pid=RNGE7M92HHHRXZKG,2016-01-01 10:55:30+00:00,Jewellery,Karatcraft,27603.0,19808.0,,True,True,28.239684092308806,3522,310.0,1076.75,0.0,2226.875,24.42940984675579,High
7f1f7a04e5f74b6ca57a7ef330b1a19c,RNGE7M92KAQWUBCS,Karatcraft The stream Yellow Gold Diamond 18 K Ring,http://www.flipkart.com/karatcraft-stream-yellow-gold-diamond-18-k-ring/p/itme7m92zydgxjda?pid=RNGE7M92KAQWUBCS,2016-01-01 10:55:30+00:00,Jewellery,Karatcraft,26559.0,19698.0,,True,True,25.833050943183103,3522,310.0,1076.75,0.0,2226.875,24.285947179654386,High
17a75adeac2b655c9e81b4c63647e909,RNGEDF5HNRSK8VF2,Karatcraft Emmima Gold Diamond 18 K Ring,http://www.flipkart.com/karatcraft-emmima-gold-diamond-18-k-ring/p/itmedf5hhxctffbz?pid=RNGEDF5HNRSK8VF2,2016-01-01 10:55:30+00:00,Jewellery,Karatcraft,27523.0,19659.0,,True,True,28.572466664244452,3522,310.0,1076.75,0.0,2226.875,24.235083143136617,High
c3d71fe183b71e476383bacddfeb3170,RNGEDAKAZRSRYN2X,Radiant Bay Striking Three Stone Yellow Gold Diamond 18 K Ring,http://www.flipkart.com/radiant-bay-striking-three-stone-yellow-gold-diamond-18-k-ring/p/itmedakahuzawzyk?pid=RNGEDAKAZRSRYN2X,2016-01-01 10:55:30+00:00,Jewellery,Radiant Bay,24548.0,19638.0,,True,True,20.001629460648527,3522,310.0,1076.75,0.0,2226.875,24.207694815780894,High
76789449f6f3d864b2a841fadf6c3624,RNGEDAKEZXMAXYKB,Radiant Bay Distinguishing Yellow Gold Diamond 14 K Ring,http://www.flipkart.com/radiant-bay-distinguishing-yellow-gold-diamond-14-k-ring/p/itmedakdzrpeffcg?pid=RNGEDAKEZXMAXYKB,2016-01-01 10:55:30+00:00,Jewellery,Radiant Bay,24485.0,19588.0,,True,True,20.0,3522,310.0,1076.75,0.0,2226.875,24.142484512552983,High
09f232b0563c6c0507bbc48426498ab4,RNGEDAPSYR5YHGZG,Radiant Bay Wish Trio White Gold Diamond 18 K Ring,http://www.flipkart.com/radiant-bay-wish-trio-white-gold-diamond-18-k-ring/p/itmedapsbrf3pzbd?pid=RNGEDAPSYR5YHGZG,2016-01-01 10:55:30+00:00,Jewellery,Radiant Bay,24449.0,19559.0,,True,True,20.000818029367256,3522,310.0,1076.75,0.0,2226.875,24.104662536680795,High
835d50d90ec922debf58dc7d6366d220,RNGEDAPSZFBHAGJY,Radiant Bay Wish Trio Yellow Gold Diamond 18 K Ring,http://www.flipkart.com/radiant-bay-wish-trio-yellow-gold-diamond-18-k-ring/p/itmedapsyvdkhjym?pid=RNGEDAPSZFBHAGJY,2016-01-01 10:55:30+00:00,Jewellery,Radiant Bay,24449.0,19559.0,,True,True,20.000818029367256,3522,310.0,1076.75,0.0,2226.875,24.104662536680795,High
75d9e34e866a0c66382024a29e5b47dd,RNGE7M92EF2SQPJX,Karatcraft Linius Yellow Gold Diamond 18 K Ring,http://www.flipkart.com/karatcraft-linius-yellow-gold-diamond-18-k-ring/p/itme7m92sch87ns9?pid=RNGE7M92EF2SQPJX,2016-01-01 10:55:30+00:00,Jewellery,Karatcraft,27045.0,19528.0,,True,True,27.79441671288593,3522,310.0,1076.75,0.0,2226.875,24.06423214867949,High
5cc886960f5370a90eb1d376fe9355b1,RNGE87FCCDJQYSQ9,Karatcraft Twilite Gold Diamond 18 K Ring,http://www.flipkart.com/karatcraft-twilite-gold-diamond-18-k-ring/p/itme87fca6xgahgh?pid=RNGE87FCCDJQYSQ9,2016-01-01 10:55:30+00:00,Jewellery,Karatcraft,24954.0,19438.0,,True,True,22.104672597579547,3522,310.0,1076.75,0.0,2226.875,23.946853602869254,High
c6246d94c2412b23b51e97652b13ab29,RNGEDAK8ZDN2J4FC,Radiant Bay Floral Enticement White Gold Diamond 14 K Ring,http://www.flipkart.com/radiant-bay-floral-enticement-white-gold-diamond-14-k-ring/p/itmedak74htnse3n?pid=RNGEDAK8ZDN2J4FC,2016-01-01 10:55:30+00:00,Jewellery,Radiant Bay,24240.0,19392.0,,True,True,20.0,3522,310.0,1076.75,0.0,2226.875,23.886860123899577,High
65068ebdee6ed755a42a6173ad40d9c4,RNGEDAQDHZPJHK73,Radiant Bay Blend Yellow Gold Diamond 18 K Ring,http://www.flipkart.com/radiant-bay-blend-yellow-gold-diamond-18-k-ring/p/itmedaqdhmz9kzah?pid=RNGEDAQDHZPJHK73,2016-01-07 00:54:41+00:00,Jewellery,Radiant Bay,24225.0,19380.0,,True,True,20.0,3522,310.0,1076.75,0.0,2226.875,23.87120965112488,High
d320e5e0b64cdd414b4e52f720a8371f,RNGE7M922VGFBDGG,Karatcraft Spruzzi Yellow Gold Diamond 18 K Ring,http://www.flipkart.com/karatcraft-spruzzi-yellow-gold-diamond-18-k-ring/p/itme7m92tnshdgfr?pid=RNGE7M922VGFBDGG,2016-01-01 10:55:30+00:00,Jewellery,Karatcraft,27438.0,19310.0,,True,True,29.62315037539179,3522,310.0,1076.75,0.0,2226.875,23.779915226605805,High
441362963810e913b9f615c254df381c,RNGE7GVYAP66GRDD,Karatcraft Camellia Yellow Gold Diamond 18 K Ring,http://www.flipkart.com/karatcraft-camellia-yellow-gold-diamond-18-k-ring/p/itme7gvyg85px83c?pid=RNGE7GVYAP66GRDD,2016-01-01 10:55:30+00:00,Jewellery,Karatcraft,27136.0,19214.0,,True,True,29.19369103773585,3522,310.0,1076.75,0.0,2226.875,23.654711444408218,High
cef0471e0a9f41627bcd2f7cc7d557c2,RNGEDAKBVC9TKFHZ,Radiant Bay Three Knot Yellow Gold Diamond 14 K Ring,http://www.flipkart.com/radiant-bay-three-knot-yellow-gold-diamond-14-k-ring/p/itmedakapudjvxvt?pid=RNGEDAKBVC9TKFHZ,2016-01-01 10:55:30+00:00,Jewellery,Radiant Bay,23948.0,19158.0,,True,True,20.00167028561884,3522,310.0,1076.75,0.0,2226.875,23.581675904792956,High
2f821cab9257cc435bd79b7f27d69b32,RNGEDAK7ZJ3GXRGU,Radiant Bay Floral Flakes White Gold Diamond 18 K Ring,http://www.flipkart.com/radiant-bay-floral-flakes-white-gold-diamond-18-k-ring/p/itmedak7g9mbtxqg?pid=RNGEDAK7ZJ3GXRGU,2016-01-01 10:55:30+00:00,Jewellery,Radiant Bay,23874.0,19099.0,,True,True,20.000837731423307,3522,310.0,1076.75,0.0,2226.875,23.504727746984024,High
dc8508fa43d8daa3f3c4f79ab2df92f7,RNGE7GVZYVV9XBMF,Karatcraft Sweet Flower Yellow Gold Diamond 18 K Ring,http://www.flipkart.com/karatcraft-sweet-flower-yellow-gold-diamond-18-k-ring/p/itme7gvzbffqmezk?pid=RNGE7GVZYVV9XBMF,2016-01-01 10:55:30+00:00,Jewellery,Karatcraft,26856.0,19074.0,,True,True,28.976764968722073,3522,310.0,1076.75,0.0,2226.875,23.472122595370067,High
aefee82556f9fcb23bc540daa7dc2591,RNGEDAKAZXTGZNAM,Radiant Bay Striking Three Stone Yellow Gold Diamond 14 K Ring,http://www.flipkart.com/radiant-bay-striking-three-stone-yellow-gold-diamond-14-k-ring/p/itmedakabqhecysp?pid=RNGEDAKAZXTGZNAM,2016-01-01 10:55:30+00:00,Jewellery,Radiant Bay,23819.0,19055.0,,True,True,20.000839665813007,3522,310.0,1076.75,0.0,2226.875,23.447342680143464,High
0eea78b7e8f470f1294ab46fc5211560,RNGDXNG3HGFQXGAH,JewelHub Gold 18 K Ring,http://www.flipkart.com/jewelhub-gold-18-k-ring/p/itmdxng3ekqsppu3?pid=RNGDXNG3HGFQXGAH,2016-01-01 10:55:30+00:00,Jewellery,JewelHub,25375.0,19031.0,,True,True,25.000985221674878,3522,310.0,1076.75,0.0,2226.875,23.416041734594067,High
d679b6eac9a5f6cc0f45fe965e78b1f7,RNGEDF5HNYYJGQB9,Karatcraft Tilany Gold Diamond 18 K Ring,http://www.flipkart.com/karatcraft-tilany-gold-diamond-18-k-ring/p/itmedf5hphjvdrpm?pid=RNGEDF5HNYYJGQB9,2016-01-01 10:55:30+00:00,Jewellery,Karatcraft,26616.0,19011.0,,True,True,28.573038773669975,3522,310.0,1076.75,0.0,2226.875,23.3899576133029,High
0e95fb1fa25834df776268a3ba33623b,RNGE7M92T8TC3DQH,Karatcraft Simplicity Yellow Gold Diamond 18 K Ring,http://www.flipkart.com/karatcraft-simplicity-yellow-gold-diamond-18-k-ring/p/itme7m92cwqytatw?pid=RNGE7M92T8TC3DQH,2016-01-01 10:55:30+00:00,Jewellery,Karatcraft,26848.0,18834.0,,True,True,29.849523241954707,3522,310.0,1076.75,0.0,2226.875,23.1591131398761,High
40c90e8fb7fc30db047d37e4a08360cb,AFGEFM64M3FZ5UYB,Hasbro Star Wars Clone Wars Exclusive Vehicle Action Figure Playset The Search For Luke Skywalker,http://www.flipkart.com/hasbro-star-wars-clone-exclusive-vehicle-action-figure-playset-search-luke-skywalker/p/itmefm64ag6acdut?pid=AFGEFM64M3FZ5UYB,2016-03-03 06:06:42+00:00,Toys & School Supplies,Hasbro,10749.0,9136.0,,True,True,15.006047074146432,329,179.0,550.0,0.0,1106.5,23.142857142857142,High
c9cb6682ff774d79a10b58fbce5c83e7,BBAEB73MYGVQC7KG,"BlueStone Yellow Gold Diamond, Amethyst 18 Bracelet",http://www.flipkart.com/bluestone-yellow-gold-diamond-amethyst-18-bracelet/p/itmeb73mztvtj9sg?pid=BBAEB73MYGVQC7KG,2015-12-29 05:07:38+00:00,Jewellery,BlueStone,22995.0,18775.0,,True,True,18.351815612089585,3522,310.0,1076.75,0.0,2226.875,23.082164982067166,High
474b521ff5f36356be4631d121ef0f8c,RNGEDAKBZZA5AXWV,Radiant Bay A Class Higher White Gold Diamond 18 K Ring,http://www.flipkart.com/radiant-bay-class-higher-white-gold-diamond-18-k-ring/p/itmedaka5jbphbdp?pid=RNGEDAKBZZA5AXWV,2016-01-01 10:55:30+00:00,Jewellery,Radiant Bay,23409.0,18727.0,,True,True,20.00085437224999,3522,310.0,1076.75,0.0,2226.875,23.019563090968372,High
e7cafea60ff80cb3f07885b348e0532d,RNGE7M92QZ4HZGRD,Karatcraft Fragilis Yellow Gold Diamond 18 K Ring,http://www.flipkart.com/karatcraft-fragilis-yellow-gold-diamond-18-k-ring/p/itme7m926zyvfpka?pid=RNGE7M92QZ4HZGRD,2016-01-01 10:55:30+00:00,Jewellery,Karatcraft,26134.0,18656.0,,True,True,28.614065967704907,3522,310.0,1076.75,0.0,2226.875,22.926964460384742,High
035c0fc2a77865f68a44bc48de344ecf,RNGE7GVYGYRGX5VT,Karatcraft Camellia Yellow Gold Diamond 18 K Ring,http://www.flipkart.com/karatcraft-camellia-yellow-gold-diamond-18-k-ring/p/itme7gvyw8hrjufp?pid=RNGE7GVYGYRGX5VT,2016-01-01 10:55:30+00:00,Jewellery,Karatcraft,25668.0,18583.0,,True,True,27.602462209755338,3522,310.0,1076.75,0.0,2226.875,22.83175741767199,High
14813940450763cff396bd6c1b1b0c80,BBAEB73MGG3C43ZV,"BlueStone Yellow Gold Diamond, Amethyst 18 Bracelet",http://www.flipkart.com/bluestone-yellow-gold-diamond-amethyst-18-bracelet/p/itmeb73mzas64gdw?pid=BBAEB73MGG3C43ZV,2015-12-29 05:07:38+00:00,Jewellery,BlueStone,22947.0,18519.0,,True,True,19.29664008367107,3522,310.0,1076.75,0.0,2226.875,22.748288229540268,High
de9934055949e8ce0585b8f00898a0b4,BBAEB73MPXNZE4EW,"BlueStone Yellow Gold Diamond, Amethyst 18 Bracelet",http://www.flipkart.com/bluestone-yellow-gold-diamond-amethyst-18-bracelet/p/itmeb73mchdhzs2s?pid=BBAEB73MPXNZE4EW,2015-12-29 05:07:38+00:00,Jewellery,BlueStone,23129.0,18488.0,,True,True,20.065718362229237,3522,310.0,1076.75,0.0,2226.875,22.707857841538964,High
0ef9de124cd5c9a9c1e1459a3e1468dc,RNGE7M92NZGZSZJQ,Karatcraft Pario Yellow Gold Diamond 18 K Ring,http://www.flipkart.com/karatcraft-pario-yellow-gold-diamond-18-k-ring/p/itme7m92yxuarfyv?pid=RNGE7M92NZGZSZJQ,2016-01-01 10:55:30+00:00,Jewellery,Karatcraft,26456.0,18480.0,,True,True,30.148170547323858,3522,310.0,1076.75,0.0,2226.875,22.6974241930225,High
9a38a272ae71926bae533f1087ee8927,RNGEAM4MMF8BUZZG,P.N.Gadgil Jewellers Gold Diamond 18K Yellow Gold 18 K Ring,http://www.flipkart.com/p-n-gadgil-jewellers-gold-diamond-18k-yellow-18-k-ring/p/itmeam4mvhjhn8a2?pid=RNGEAM4MMF8BUZZG,2016-01-01 10:55:30+00:00,Jewellery,P.N.Gadgil Jewellers,26614.0,18364.0,,True,True,30.99872247689186,3522,310.0,1076.75,0.0,2226.875,22.546136289533745,High
70c6f3d841688dc3bfbadc3eb5b4f319,RNGEDAKDDTWVKUEZ,Radiant Bay Fancy Ornate White Gold Diamond 14 K Ring,http://www.flipkart.com/radiant-bay-fancy-ornate-white-gold-diamond-14-k-ring/p/itmedakchesym966?pid=RNGEDAKDDTWVKUEZ,2016-01-01 10:55:30+00:00,Jewellery,Radiant Bay,22924.0,18339.0,,True,True,20.00087244808934,3522,310.0,1076.75,0.0,2226.875,22.51353113791979,High
85aec4bf3185da7ebcc45003429cbfe2,COMEAZ945RHFFGUS,HP 15-ac116TX (Notebook) (Core i3 (5th Gen)/ 4GB/ 1TB/ Win10/ 2GB Graph) (N8M19PA),http://www.flipkart.com/hp-15-ac116tx-notebook-core-i3-5th-gen-4gb-1tb-win10-2gb-graph-n8m19pa/p/itmeaz946ex4qern?pid=COMEAZ945RHFFGUS,2016-01-07 04:32:43+00:00,Computers,HP,38890.0,38890.0,5.0,True,True,0.0,573,350.0,1995.0,0.0,4462.5,22.428571428571427,High
91db815fa5b5f901016c1320ee0efcba,AFGEFM64DHQYDJPT,Beyblade Metal Fusion Battle Tops - Ultimate Meteo L-Drago Assault 85XF,http://www.flipkart.com/beyblade-metal-fusion-battle-tops-ultimate-meteo-l-drago-assault-85xf/p/itmefm64g83gzngw?pid=AFGEFM64DHQYDJPT,2016-03-03 06:06:42+00:00,Toys & School Supplies,Beyblade,10416.0,8853.0,,True,True,15.005760368663594,329,179.0,550.0,0.0,1106.5,22.380053908355794,High
8ffebb98cec9828f2ade46f1429a7995,RNGEDAKCZHXRBG9G,Radiant Bay Priceless Bond Yellow Gold Diamond 18 K Ring,http://www.flipkart.com/radiant-bay-priceless-bond-yellow-gold-diamond-18-k-ring/p/itmedakcuffutjuv?pid=RNGEDAKCZHXRBG9G,2016-01-01 10:55:30+00:00,Jewellery,Radiant Bay,22775.0,18220.0,,True,True,20.0,3522,310.0,1076.75,0.0,2226.875,22.358330616237364,High
b13b2332e32b87404b9bb27c31576aa3,RNGEE8ZHQ4HRM5WY,LinkedInLove White Gold Diamond White Gold 18 K Ring,http://www.flipkart.com/linkedinlove-white-gold-diamond-18-k-ring/p/itmee8zhawpgwnbh?pid=RNGEE8ZHQ4HRM5WY,2016-01-01 10:55:30+00:00,Jewellery,LinkedInLove,26016.0,18211.0,,True,True,30.000768757687577,3522,310.0,1076.75,0.0,2226.875,22.346592761656343,High
5cb51b803a6ea5aadf9b416f40c84d32,RNGEDAPFZWSSMHYW,Radiant Bay Pear Flair Yellow Gold Diamond 14 K Ring,http://www.flipkart.com/radiant-bay-pear-flair-yellow-gold-diamond-14-k-ring/p/itmedapfzbgwjvcf?pid=RNGEDAPFZWSSMHYW,2016-01-01 10:55:30+00:00,Jewellery,Radiant Bay,22750.0,18200.0,,True,True,20.0,3522,310.0,1076.75,0.0,2226.875,22.3322464949462,High
8dde238e7b431f12ea2f00d1cb48b5d9,RNGE7M928JSR2PZY,Karatcraft Simplicity Yellow Gold Diamond 18 K Ring,http://www.flipkart.com/karatcraft-simplicity-yellow-gold-diamond-18-k-ring/p/itme7m92ycjjqdf3?pid=RNGE7M928JSR2PZY,2016-01-01 10:55:30+00:00,Jewellery,Karatcraft,25917.0,18194.0,,True,True,29.7989736466412,3522,310.0,1076.75,0.0,2226.875,22.324421258558854,High
acbfbce36db7c4ceb061c08003358c4b,RNGE7M92FZVK8YWH,Karatcraft Stellina Yellow Gold Diamond 18 K Ring,http://www.flipkart.com/karatcraft-stellina-yellow-gold-diamond-18-k-ring/p/itme7m92nhfjfpm5?pid=RNGE7M92FZVK8YWH,2016-01-01 10:55:30+00:00,Jewellery,Karatcraft,25157.0,18166.0,,True,True,27.789482052708987,3522,310.0,1076.75,0.0,2226.875,22.287903488751223,High
593988de9cdf678353593255d8525c71,RNGE7GVYVUZTYDQN,Karatcraft Lynne Yellow Gold Diamond 18 K Ring,http://www.flipkart.com/karatcraft-lynne-yellow-gold-diamond-18-k-ring/p/itme7gvyhxawyqsd?pid=RNGE7GVYVUZTYDQN,2016-01-01 10:55:30+00:00,Jewellery,Karatcraft,26203.0,18160.0,,True,True,30.694958592527573,3522,310.0,1076.75,0.0,2226.875,22.280078252363875,High
caf65c46ea434e78ee70e2892b9e4f5d,RNGDWS2RYY9UCJAX,CaratLane Twin Sparkle Gold Diamond 18 K Ring,http://www.flipkart.com/caratlane-twin-sparkle-gold-diamond-18-k-ring/p/itmdws2r9hfgbdvh?pid=RNGDWS2RYY9UCJAX,2016-01-07 00:54:41+00:00,Jewellery,CaratLane,18086.0,18086.0,,True,True,0.0,3522,310.0,1076.75,0.0,2226.875,22.183567003586568,High
fe8eccf83bf1dc92904eca913513e04c,AFGEFM64VRTHC6FG,"Johhny Cash 2006 ""Man In Black"" Action 7"" Figure",http://www.flipkart.com/johhny-cash-2006-man-black-action-7-figure/p/itmefm642sc8zmaj?pid=AFGEFM64VRTHC6FG,2016-03-03 06:06:42+00:00,Toys & School Supplies,Johhny Cash,10318.0,8770.0,,True,True,15.002907540220972,329,179.0,550.0,0.0,1106.5,22.15633423180593,High
d96760bc91a16006b6d115d137d27971,RNGE7M92PZ8ZNMHZ,Karatcraft Simple Flower Yellow Gold Diamond 18 K Ring,http://www.flipkart.com/karatcraft-simple-flower-yellow-gold-diamond-18-k-ring/p/itme7m92hqx5uxxz?pid=RNGE7M92PZ8ZNMHZ,2016-01-01 10:55:30+00:00,Jewellery,Karatcraft,24067.0,18056.0,,True,True,24.976108364150083,3522,310.0,1076.75,0.0,2226.875,22.14444082164982,High
ac0735688c31d22b9303b0185880da90,PTGEGUP6CFE4G5XT,GAGA Canvas Painting,http://www.flipkart.com/gaga-canvas-painting/p/itmegup6zxzjvges?pid=PTGEGUP6CFE4G5XT,2016-03-18 08:01:41+00:00,Home Decor & Festive Needs,GAGA,35100.0,19380.0,,True,True,44.78632478632478,927,426.5,1250.0,0.0,2485.25,22.01578627808136,High
de6f5089a958bee11b8fdae8543a74be,PTGEGUP2PXZZ8BGC,GAGA Canvas Painting,http://www.flipkart.com/gaga-canvas-painting/p/itmegup2hfg94zvm?pid=PTGEGUP2PXZZ8BGC,2016-03-18 08:01:41+00:00,Home Decor & Festive Needs,GAGA,35100.0,19380.0,,True,True,44.78632478632478,927,426.5,1250.0,0.0,2485.25,22.01578627808136,High
ee32b1d75d0c7a30e64c11a986c46f08,PTGEGUZPFSNG6QZF,GAGA Canvas Painting,http://www.flipkart.com/gaga-canvas-painting/p/itmeguzp6qpgqw2z?pid=PTGEGUZPFSNG6QZF,2016-03-18 07:48:11+00:00,Home Decor & Festive Needs,GAGA,35100.0,19380.0,,True,True,44.78632478632478,927,426.5,1250.0,0.0,2485.25,22.01578627808136,High
d829d29eda8a80d5b8323209ade8a65c,PTPEANKGSUQC2EGN,"Lodge Lodge Deep L8dskg3 Skillet With Glass Lid, Black, 3-Quart Kadhai",http://www.flipkart.com/lodge-deep-l8dskg3-skillet-glass-lid-black-3-quart-kadhai/p/itmeankg2ezxndhm?pid=PTPEANKGSUQC2EGN,2015-12-01 12:40:44+00:00,Kitchen & Dining,Lodge,11999.0,8999.0,,True,True,25.002083506958915,645,199.0,582.0,0.0,1156.5,21.97650130548303,High
d62aa1323a2c6a1e5497707b15e995c9,RNGEH3F2FAPU3TAG,Rasav Jewels Yellow Gold Diamond 18 K Ring,http://www.flipkart.com/rasav-jewels-yellow-gold-diamond-18-k-ring/p/itmeh3f2gfnajgde?pid=RNGEH3F2FAPU3TAG,2016-03-25 15:39:25+00:00,Jewellery,Rasav Jewels,25603.0,17923.0,,True,True,29.996484786939032,3522,310.0,1076.75,0.0,2226.875,21.97098141506358,High
b661160408451777ad3d97fdc3ea258a,RNGE7M925YCWZZRR,Karatcraft Vertex Yellow Gold Diamond 18 K Ring,http://www.flipkart.com/karatcraft-vertex-yellow-gold-diamond-18-k-ring/p/itme7m92yceqgxkh?pid=RNGE7M925YCWZZRR,2016-01-01 10:55:30+00:00,Jewellery,Karatcraft,25410.0,17879.0,,True,True,29.637937819756,3522,310.0,1076.75,0.0,2226.875,21.91359634822302,High
187e37a2a3d6951f58033ed021b8c2e2,RNGE7M92A3SXRGHR,Karatcraft Stellina Yellow Gold Diamond 18 K Ring,http://www.flipkart.com/karatcraft-stellina-yellow-gold-diamond-18-k-ring/p/itme7m92hqgpynsk?pid=RNGE7M92A3SXRGHR,2016-01-01 10:55:30+00:00,Jewellery,Karatcraft,24552.0,17862.0,,True,True,27.24828934506354,3522,310.0,1076.75,0.0,2226.875,21.89142484512553,High
62c62addc2736cf37bfe5a976a5c6b9c,RNGE4YPTQYRECV9J,Jewelsnext Gold Diamond 18 K Ring,http://www.flipkart.com/jewelsnext-gold-diamond-18-k-ring/p/itme4yptjgwduhhq?pid=RNGE4YPTQYRECV9J,2016-01-01 10:55:30+00:00,Jewellery,Jewelsnext,24728.0,17837.0,,True,True,27.867195082497574,3522,310.0,1076.75,0.0,2226.875,21.858819693511574,High
e4fe48e44f8bead4a94118263435a7e4,NKCEBUSTZRTHWKNB,Nirvana Designer Diamond 18K Yellow Gold Plated Gold Necklace,http://www.flipkart.com/nirvana-designer-diamond-18k-yellow-gold-plated-necklace/p/itmebust4gpvb7gu?pid=NKCEBUSTZRTHWKNB,2015-12-31 09:19:31+00:00,Jewellery,Nirvana,29700.0,17820.0,,True,True,40.0,3522,310.0,1076.75,0.0,2226.875,21.836648190414085,High
9ed59b223dc446614ccb8f3ab5c35495,RNGE9DXYHKZJAU3F,Ojasvi Plain Charm Yellow Gold Diamond Yellow Gold 14 K Ring,http://www.flipkart.com/ojasvi-plain-charm-yellow-gold-diamond-14-k-ring/p/itme9dxybd74fggd?pid=RNGE9DXYHKZJAU3F,2016-01-01 10:55:30+00:00,Jewellery,Ojasvi,23000.0,17800.0,,True,True,22.608695652173914,3522,310.0,1076.75,0.0,2226.875,21.810564069122922,High
9b27991f7f7788c815ad099ed654ee56,RNGEDAK7ZDCDHUZF,Radiant Bay Infinity Bows Yellow Gold Diamond 14 K Ring,http://www.flipkart.com/radiant-bay-infinity-bows-yellow-gold-diamond-14-k-ring/p/itmedak7webhdeg7?pid=RNGEDAK7ZDCDHUZF,2016-01-01 10:55:30+00:00,Jewellery,Radiant Bay,22169.0,17735.0,,True,True,20.000902160674816,3522,310.0,1076.75,0.0,2226.875,21.72579067492664,High
04076658738e8bfcec3d46294abf1a67,RNGDWKZM5ETTQGGU,Nishtaa Yellow Gold 22 K Ring,http://www.flipkart.com/nishtaa-yellow-gold-22-k-ring/p/itmdwkzm5hzbgvhf?pid=RNGDWKZM5ETTQGGU,2016-01-06 18:20:45+00:00,Jewellery,Nishtaa,18350.0,17433.0,,True,True,4.997275204359673,3522,310.0,1076.75,0.0,2226.875,21.33192044343006,High
46a3890d2c6bec38f0dd2bab15853b73,RNGDY8PZCQHBYA8U,Jpearls Yellow Gold Yellow Gold 18 K Ring,http://www.flipkart.com/jpearls-yellow-gold-18-k-ring/p/itmdy8pzfjsfcvhd?pid=RNGDY8PZCQHBYA8U,2016-01-01 10:55:30+00:00,Jewellery,Jpearls,24780.0,17326.0,,True,True,30.080710250201776,3522,310.0,1076.75,0.0,2226.875,21.192370394522335,High
5b95f6c52844e65b9cc8173ea964bf1f,RNGEBKGHZFCSNZWZ,Jewels of Jaipur Gold Diamond 14 K Ring,http://www.flipkart.com/jewels-jaipur-gold-diamond-14-k-ring/p/itmebkghmtu6shse?pid=RNGEBKGHZFCSNZWZ,2016-01-01 10:55:30+00:00,Jewellery,Jewels of Jaipur,23094.0,17321.0,,True,True,24.997834935481077,3522,310.0,1076.75,0.0,2226.875,21.185849364199544,High
1a4f247117261c1431de0191c1bb24dd,RNGE7M92ZKYSGGZX,Karatcraft Spruzzi Yellow Gold Diamond 18 K Ring,http://www.flipkart.com/karatcraft-spruzzi-yellow-gold-diamond-18-k-ring/p/itme7m92wgwcwhtj?pid=RNGE7M92ZKYSGGZX,2016-01-01 10:55:30+00:00,Jewellery,Karatcraft,23284.0,17302.0,,True,True,25.69146194811888,3522,310.0,1076.75,0.0,2226.875,21.16106944897294,High
43afdbb5a2136566eb8b2fe308250fbc,RNGE7M92KMMGTSVZ,Karatcraft Ortus Yellow Gold Diamond 18 K Ring,http://www.flipkart.com/karatcraft-ortus-yellow-gold-diamond-18-k-ring/p/itme7m92bf7gzzwz?pid=RNGE7M92KMMGTSVZ,2016-01-01 10:55:30+00:00,Jewellery,Karatcraft,24919.0,17218.0,,True,True,30.90412937918857,3522,310.0,1076.75,0.0,2226.875,21.05151613955005,High
e9a9948750eb6e78e74ab313f195858a,RNGE7M92CXFX3PPA,Karatcraft Mirus Yellow Gold Diamond 18 K Ring,http://www.flipkart.com/karatcraft-mirus-yellow-gold-diamond-18-k-ring/p/itme7m92zza3k5pt?pid=RNGE7M92CXFX3PPA,2016-01-01 10:55:30+00:00,Jewellery,Karatcraft,24060.0,17201.0,,True,True,28.507896924355776,3522,310.0,1076.75,0.0,2226.875,21.02934463645256,High
fce4df22d8fad9127d6ab5bcc142a36e,RNGED78RWSSAT7GT,Radiant Bay Artistic Rope Yellow Gold Diamond 14 K Ring,http://www.flipkart.com/radiant-bay-artistic-rope-yellow-gold-diamond-14-k-ring/p/itmed78rhxpnqjgc?pid=RNGED78RWSSAT7GT,2016-01-01 10:55:30+00:00,Jewellery,Radiant Bay,21410.0,17128.0,,True,True,20.0,3522,310.0,1076.75,0.0,2226.875,20.934137593739813,High
37859eb2419ee7897c5213a9fb3b55bc,RNGEDF5HFUJ4Z6RE,Karatcraft Om Diamond Gold Diamond 18 K Ring,http://www.flipkart.com/karatcraft-om-diamond-gold-18-k-ring/p/itmedf5hzd74w3xb?pid=RNGEDF5HFUJ4Z6RE,2016-01-01 10:55:30+00:00,Jewellery,Karatcraft,23952.0,17108.0,,True,True,28.573814295257183,3522,310.0,1076.75,0.0,2226.875,20.908053472448646,High
7f2ae2459a1ab2faabfb22c3cd8eef78,RNGE9HE4FJUJ3CTH,BlueStone The Triple Radiance White Gold Diamond 14 K Ring,http://www.flipkart.com/bluestone-triple-radiance-white-gold-diamond-14-k-ring/p/itme9he3wb64gcev?pid=RNGE9HE4FJUJ3CTH,2016-01-07 00:54:41+00:00,Jewellery,BlueStone,19007.0,17106.0,,True,True,10.001578365865207,3522,310.0,1076.75,0.0,2226.875,20.90544506031953,High
a47a96aecb58818bee8e45f5cf047dd0,RNGEDAK7ZZYGQ3SF,Radiant Bay Floral Flakes Yellow Gold Diamond 18 K Ring,http://www.flipkart.com/radiant-bay-floral-flakes-yellow-gold-diamond-18-k-ring/p/itmedak7dz7ej2zk?pid=RNGEDAK7ZZYGQ3SF,2016-01-01 10:55:30+00:00,Jewellery,Radiant Bay,21365.0,17092.0,,True,True,20.0,3522,310.0,1076.75,0.0,2226.875,20.887186175415717,High
ee4428065ed6d803001887dc0af1c3c8,RNGE8AHWPEBHAPM2,Kamakhya Jewels Gold Diamond Yellow Gold 18 K Ring,http://www.flipkart.com/kamakhya-jewels-gold-diamond-yellow-18-k-ring/p/itme8ahwgwz5ksg3?pid=RNGE8AHWPEBHAPM2,2016-01-01 10:55:30+00:00,Jewellery,Kamakhya Jewels,24277.0,16993.0,,True,True,30.003707212588047,3522,310.0,1076.75,0.0,2226.875,20.758069775024452,High
302e4b8bfba1113f40e069e09a9c3511,RNGEDAKDYG555FAF,Radiant Bay Flower Focused Yellow Gold Diamond 18 K Ring,http://www.flipkart.com/radiant-bay-flower-focused-yellow-gold-diamond-18-k-ring/p/itmedakdgu9zyh2f?pid=RNGEDAKDYG555FAF,2016-01-01 10:55:30+00:00,Jewellery,Radiant Bay,21153.0,16922.0,,True,True,20.0018909847303,3522,310.0,1076.75,0.0,2226.875,20.665471144440822,High
4b16b5e5600bf2b7d0e41f9981386b47,RNGEDAKEG2DV5Y5D,Radiant Bay Flower Focused White Gold Diamond 18 K Ring,http://www.flipkart.com/radiant-bay-flower-focused-white-gold-diamond-18-k-ring/p/itmedakdyvna6fcg?pid=RNGEDAKEG2DV5Y5D,2016-01-01 10:55:30+00:00,Jewellery,Radiant Bay,21153.0,16922.0,,True,True,20.0018909847303,3522,310.0,1076.75,0.0,2226.875,20.665471144440822,High
118e8d5f6262e38f7889d076a3cea1da,RNGE7M92BFXHH5VT,Karatcraft Trenza Yellow Gold Diamond 18 K Ring,http://www.flipkart.com/karatcraft-trenza-yellow-gold-diamond-18-k-ring/p/itme7m926j9ctejb?pid=RNGE7M92BFXHH5VT,2016-01-01 10:55:30+00:00,Jewellery,Karatcraft,24314.0,16914.0,,True,True,30.435140248416552,3522,310.0,1076.75,0.0,2226.875,20.655037495924358,High
1fae05824a002e47772e0af17230b6da,RNGDXJ5UVGSEGHGQ,Jewelhub 18k Hallmark & VS-G Diamond Gold 18 K Ring,http://www.flipkart.com/jewelhub-18k-hallmark-vs-g-diamond-gold-18-k-ring/p/itmdxj5uy4zg4yat?pid=RNGDXJ5UVGSEGHGQ,2016-01-01 10:55:30+00:00,Jewellery,Jewelhub,22374.0,16781.0,,True,True,24.99776526325199,3522,310.0,1076.75,0.0,2226.875,20.481578089338115,High
226752c1d4f0ee6c0f29886e5a69eb1d,SUIECPH2HZTAGBHS,The Design Factory Single Breasted Solid Men's Suit,http://www.flipkart.com/design-factory-single-breasted-solid-men-s-suit/p/itmecph2g8cydthv?pid=SUIECPH2HZTAGBHS,2016-02-25 07:09:32+00:00,Clothing,The Design Factory,11499.0,9499.0,,True,True,17.392816766675363,6171,374.0,799.0,0.0,1436.5,20.470588235294116,High
bcb8e456728013a90ba66ab3b1b783ad,COMEAZ94HWYQTZHZ,HP 15-ac121tu (Notebook) (Core i3 (5th Gen)/ 4GB/ 1TB/ Win10) (N8M17PA),http://www.flipkart.com/hp-15-ac121tu-notebook-core-i3-5th-gen-4gb-1tb-win10-n8m17pa/p/itmeaz943ex2hknx?pid=COMEAZ94HWYQTZHZ,2016-01-07 04:32:43+00:00,Computers,HP,35390.0,35390.0,4.5,True,True,0.0,573,350.0,1995.0,0.0,4462.5,20.300911854103344,High
71f82363f7aa9e271460209ba9c02c4d,RNGE7M9279JQH6M2,Karatcraft Trenza Yellow Gold Diamond 18 K Ring,http://www.flipkart.com/karatcraft-trenza-yellow-gold-diamond-18-k-ring/p/itme7m92hbfssb6g?pid=RNGE7M9279JQH6M2,2016-01-01 10:55:30+00:00,Jewellery,Karatcraft,23615.0,16564.0,,True,True,29.8581410120686,3522,310.0,1076.75,0.0,2226.875,20.198565373328986,High
bd3c2048a753cb9067469bf5c84eb546,RNGE4BR7H4QS6JD3,Rasav Jewels White Gold Diamond 18K White Gold 18 K Ring,http://www.flipkart.com/rasav-jewels-white-gold-diamond-18k-18-k-ring/p/itme4br7z8kg9aeu?pid=RNGE4BR7H4QS6JD3,2016-01-07 00:54:41+00:00,Jewellery,Rasav Jewels,20692.0,16554.0,,True,True,19.998066885752948,3522,310.0,1076.75,0.0,2226.875,20.185523312683404,High
e47cdbb332bc5bad1080b37e34b1ac3b,RNGEBFSXWAGFPHMY,JacknJewel Enchanting Yellow Gold Diamond 18K Yellow Gold 18 K Ring,http://www.flipkart.com/jacknjewel-enchanting-yellow-gold-diamond-18k-18-k-ring/p/itmebfsxcbcpbzve?pid=RNGEBFSXWAGFPHMY,2016-01-07 00:54:41+00:00,Jewellery,JacknJewel,27764.0,16526.0,,True,True,40.476876530759256,3522,310.0,1076.75,0.0,2226.875,20.149005542875774,High
4fcc6115656b061c0a97b358d230a0f9,ACCEEV5V5VD5DR9C,Radius Earbuds Radheadphones Hp-Rhf41P Headphones,http://www.flipkart.com/radius-earbuds-radheadphones-hp-rhf41p-headphones/p/itmeev5vakp9aqmf?pid=ACCEEV5V5VD5DR9C,2016-03-11 11:26:55+00:00,Mobiles & Accessories,Radius,22630.0,22630.0,,True,True,0.0,1097,449.0,1499.0,0.0,3074.0,20.124761904761904,High
f02a393a445bf4766a64d2619f73da0c,RNGEDAK9YXVZV6G9,Radiant Bay Seven Stone White Gold Diamond 18 K Ring,http://www.flipkart.com/radiant-bay-seven-stone-white-gold-diamond-18-k-ring/p/itmedak9qkutc72d?pid=RNGEDAK9YXVZV6G9,2016-01-01 10:55:30+00:00,Jewellery,Radiant Bay,20574.0,16459.0,,True,True,20.000972100709635,3522,310.0,1076.75,0.0,2226.875,20.061623736550374,High
471a844c1912038ccd6959495c0afc53,RNGE7GVYR3UHDJNJ,Karatcraft Primavera Yellow Gold Diamond 18 K Ring,http://www.flipkart.com/karatcraft-primavera-yellow-gold-diamond-18-k-ring/p/itme7gvyjzsadj5c?pid=RNGE7GVYR3UHDJNJ,2016-01-01 10:55:30+00:00,Jewellery,Karatcraft,23190.0,16454.0,,True,True,29.047003018542476,3522,310.0,1076.75,0.0,2226.875,20.055102706227583,High
51725ada22b533426cabc7d0171d4171,RNGEDAKCZAZQTEZZ,Radiant Bay Fancy Ornate White Gold Diamond 14 K Ring,http://www.flipkart.com/radiant-bay-fancy-ornate-white-gold-diamond-14-k-ring/p/itmedakc8q4gzqaf?pid=RNGEDAKCZAZQTEZZ,2016-01-01 10:55:30+00:00,Jewellery,Radiant Bay,20458.0,16366.0,,True,True,20.00195522533972,3522,310.0,1076.75,0.0,2226.875,19.940332572546463,High
4a90e862d951d90714bc050b9cf85c17,RNGE8ARYWYEBY3YB,Kamakhya Jewels Gold Diamond Yellow Gold 18 K Ring,http://www.flipkart.com/kamakhya-jewels-gold-diamond-yellow-18-k-ring/p/itme8ary5znfhhnc?pid=RNGE8ARYWYEBY3YB,2016-01-01 10:55:30+00:00,Jewellery,Kamakhya Jewels,21230.0,16170.0,,True,True,23.83419689119171,3522,310.0,1076.75,0.0,2226.875,19.684708183893054,High
1174ac90ba61b2803a3f5bf84af8e72b,SHIEBBWHWEV8TZDS,Diviniti DG Royal Ornamental Size 4 Ganesha religious wall hanging Showpiece  -  30.5 cm,http://www.flipkart.com/diviniti-dg-royal-ornamental-size-4-ganesha-religious-wall-hanging-showpiece-30-5-cm/p/itmebbwhazyrmkpt?pid=SHIEBBWHWEV8TZDS,2016-01-04 00:20:04+00:00,Home Decor & Festive Needs,Diviniti,17460.0,17460.0,,True,True,0.0,927,426.5,1250.0,0.0,2485.25,19.6842744383728,High
181914cbb519a98425885d147829baef,SHIEBBWHC4YGH5GY,Diviniti DG Royal Ornamental Size 4 Allha religious wall hanging Showpiece  -  30.5 cm,http://www.flipkart.com/diviniti-dg-royal-ornamental-size-4-allha-religious-wall-hanging-showpiece-30-5-cm/p/itmebbwh5xjyhuvv?pid=SHIEBBWHC4YGH5GY,2016-01-04 00:20:04+00:00,Home Decor & Festive Needs,Diviniti,17460.0,17460.0,,True,True,0.0,927,426.5,1250.0,0.0,2485.25,19.6842744383728,High
18bd9b88e23b82fd19f8ab0c9cad6a1a,SHIEBBWHSYHSVV4U,Diviniti DG Royal Ornamental Size 4 Gurunanak religious wall hanging Showpiece  -  30.5 cm,http://www.flipkart.com/diviniti-dg-royal-ornamental-size-4-gurunanak-religious-wall-hanging-showpiece-30-5-cm/p/itmebbwhhgcsndbu?pid=SHIEBBWHSYHSVV4U,2016-01-04 00:20:04+00:00,Home Decor & Festive Needs,Diviniti,17460.0,17460.0,,True,True,0.0,927,426.5,1250.0,0.0,2485.25,19.6842744383728,High
b3c792b575283e05263e7a95d548407f,RNGED5YAZMEZYGGB,Radiant Bay Gold Goddess Sterling Silver Diamond Ring,http://www.flipkart.com/radiant-bay-gold-goddess-sterling-silver-diamond-ring/p/itmed5y9u4ftfbch?pid=RNGED5YAZMEZYGGB,2016-01-01 10:55:30+00:00,Jewellery,Radiant Bay,23043.0,16130.0,,True,True,30.0004339712711,3522,310.0,1076.75,0.0,2226.875,19.63253994131073,High
3b9f56d5d7837fb2f12b9a5261615586,RNGE7KFY3XZNZS48,Johareez Sterling Silver Diamond Sterling Silver Ring,http://www.flipkart.com/johareez-sterling-silver-diamond-ring/p/itme7kfyezfzcnty?pid=RNGE7KFY3XZNZS48,2016-01-01 10:55:30+00:00,Jewellery,Johareez,22520.0,15979.0,,True,True,29.045293072824155,3522,310.0,1076.75,0.0,2226.875,19.43560482556244,High
ed80f5a8c111be83ac4be4a83b49da0f,RNGEA9ZWKQWY986X,BlueStone The Elettra Yellow Gold Diamond 18 K Ring,http://www.flipkart.com/bluestone-elettra-yellow-gold-diamond-18-k-ring/p/itmea9zwwnw2ugdt?pid=RNGEA9ZWKQWY986X,2016-01-06 18:20:45+00:00,Jewellery,BlueStone,15916.0,15916.0,,True,True,0.0,3522,310.0,1076.75,0.0,2226.875,19.353439843495273,High
079be38b058d882e028798c698ed2817,RNGEDAKAZRMFFPGK,Radiant Bay Striking Three Stone White Gold Diamond 14 K Ring,http://www.flipkart.com/radiant-bay-striking-three-stone-white-gold-diamond-14-k-ring/p/itmedaka7tmgj2gh?pid=RNGEDAKAZRMFFPGK,2016-01-01 10:55:30+00:00,Jewellery,Radiant Bay,19873.0,15898.0,,True,True,20.002012781160367,3522,310.0,1076.75,0.0,2226.875,19.329964134333224,High
3f8f958c82941c04e74cfd8c5b995e97,JEAECMCFHX2HDQUZ,Reckler Slim Fit Men's Jeans,http://www.flipkart.com/reckler-slim-fit-men-s-jeans/p/itmecmcfcejhfjbh?pid=JEAECMCFHX2HDQUZ,2015-12-12 11:46:53+00:00,Clothing,Slim,18893.0,8999.0,,True,True,52.36860212777219,6171,374.0,799.0,0.0,1436.5,19.294117647058822,High
feb8f31af9830af6828126878ffc54af,RNGEAM4NQRDT26B7,P.N.Gadgil Jewellers Gold Diamond 18K Yellow Gold 18 K Ring,http://www.flipkart.com/p-n-gadgil-jewellers-gold-diamond-18k-yellow-18-k-ring/p/itmeam4nbpxvtewz?pid=RNGEAM4NQRDT26B7,2016-01-01 10:55:30+00:00,Jewellery,P.N.Gadgil Jewellers,22752.0,15699.0,,True,True,30.99947257383966,3522,310.0,1076.75,0.0,2226.875,19.07042712748614,High
1c0fdd598671f6f4e10b21435d766cf3,BEOEGXRWE4NDBJNV,Allin Exporters Cumin Seed Oil (Co2 Extract),http://www.flipkart.com/allin-exporters-cumin-seed-oil-co2-extract/p/itmegxrvdchk9p29?pid=BEOEGXRWE4NDBJNV,2016-04-16 13:01:18+00:00,Beauty and Personal Care,Allin Exporters,3899.0,3899.0,,True,True,0.0,709,299.0,479.0,29.0,749.0,19.0,High
69ca41aae61c7b5fecd53ea08fba3226,WATEBFPXFYMWJGJZ,"D'SIGNER 688RGM _BRN Analog Watch  - For Men, Boys",http://www.flipkart.com/d-signer-688rgm-brn-analog-watch-men-boys/p/itmebfpxg9mkhjwb?pid=WATEBFPXFYMWJGJZ,2015-12-04 07:25:36+00:00,Watches,Unknown,8995.0,8545.0,,True,True,5.00277932184547,528,550.0,950.0,0.0,1550.0,18.9875,High
82213a2bc18521699e2a1bd957718f13,CCVEG4ENZJCWD3C6,TPH Covers Agile Car Cover For NA,http://www.flipkart.com/tph-covers-agile-car-cover-na/p/itmeg4yyagzezyeg?pid=CCVEG4ENZJCWD3C6,2016-02-25 09:50:31+00:00,Automotive,TPH Covers,44880.0,22440.0,,True,True,50.0,1010,499.0,1599.0,0.0,3249.0,18.946363636363635,High
6fefff413dd58f9ab6b6d7a9ac769152,RNGE7M92W7Q2JWHU,Karatcraft Sp Bloom Yellow Gold Diamond 18 K Ring,http://www.flipkart.com/karatcraft-sp-bloom-yellow-gold-diamond-18-k-ring/p/itme7m92yctuezrf?pid=RNGE7M92W7Q2JWHU,2016-01-01 10:55:30+00:00,Jewellery,Karatcraft,22519.0,15599.0,,True,True,30.729606110395665,3522,310.0,1076.75,0.0,2226.875,18.940006521030323,High
f00b0156a1bc5596aec32e844ce0a3fd,RNGE9GWMKVHGEYZG,WearYourShine by PCJ The Midori Gold Diamond 18 K Ring,http://www.flipkart.com/wearyourshine-pcj-midori-gold-diamond-18-k-ring/p/itme9gwnfmuayd3b?pid=RNGE9GWMKVHGEYZG,2016-01-06 18:20:45+00:00,Jewellery,WearYourShine by PCJ,15598.0,15598.0,,True,True,0.0,3522,310.0,1076.75,0.0,2226.875,18.938702314965763,High
5c083850e7f823c49d56bc8e44fcfbc8,RNGE7M92QUGAFNW7,Karatcraft Crisanta Yellow Gold Diamond 18 K Ring,http://www.flipkart.com/karatcraft-crisanta-yellow-gold-diamond-18-k-ring/p/itme7m92njufztgb?pid=RNGE7M92QUGAFNW7,2016-01-01 10:55:30+00:00,Jewellery,Karatcraft,22426.0,15552.0,,True,True,30.651921876393473,3522,310.0,1076.75,0.0,2226.875,18.878708835996086,High
ac3216a06cf7a968fdc0cdb3e817beb5,RNGEAM4MSHF34GHZ,P.N.Gadgil Jewellers Gold Diamond 18K Yellow Gold 18 K Ring,http://www.flipkart.com/p-n-gadgil-jewellers-gold-diamond-18k-yellow-18-k-ring/p/itmeam4hvwawybmf?pid=RNGEAM4MSHF34GHZ,2016-01-01 10:55:30+00:00,Jewellery,P.N.Gadgil Jewellers,22507.0,15530.0,,True,True,30.999244679433065,3522,310.0,1076.75,0.0,2226.875,18.850016302575806,High
644f96d26b401a8dcf36d3c6675c1da3,RNGE7M92VPHQ6NJS,Karatcraft Piccolo Yellow Gold Diamond 18 K Ring,http://www.flipkart.com/karatcraft-piccolo-yellow-gold-diamond-18-k-ring/p/itme7m925u6zzmkc?pid=RNGE7M92VPHQ6NJS,2016-01-01 10:55:30+00:00,Jewellery,Karatcraft,21308.0,15489.0,,True,True,27.3089919279144,3522,310.0,1076.75,0.0,2226.875,18.79654385392892,High
3256ed9eecb08c1d13ea71910c083cc4,RNGEDAKBZPHKHGCQ,Radiant Bay Elementary Yellow Gold Diamond 14 K Ring,http://www.flipkart.com/radiant-bay-elementary-yellow-gold-diamond-14-k-ring/p/itmedakb5gr36vbp?pid=RNGEDAKBZPHKHGCQ,2016-01-01 10:55:30+00:00,Jewellery,Radiant Bay,19205.0,15364.0,,True,True,20.0,3522,310.0,1076.75,0.0,2226.875,18.633518095859145,High
97e8cf76484d8471fe5bb7827378bc23,RNGEAM4NNDFEFXGE,P.N.Gadgil Jewellers Gold Diamond 18K Yellow Gold 18 K Ring,http://www.flipkart.com/p-n-gadgil-jewellers-gold-diamond-18k-yellow-18-k-ring/p/itmeam4nmcaemdf3?pid=RNGEAM4NNDFEFXGE,2016-01-01 10:55:30+00:00,Jewellery,P.N.Gadgil Jewellers,22214.0,15328.0,,True,True,30.998469433690467,3522,310.0,1076.75,0.0,2226.875,18.58656667753505,High
9a99907b1ff6142d7108964f0d045d85,AFGEFJSDHHYRHQ25,Nendoroid Vocaloid Miku Hatsune 20,http://www.flipkart.com/nendoroid-vocaloid-miku-hatsune-20/p/itmefjsdqtvgjpxp?pid=AFGEFJSDHHYRHQ25,2016-03-03 06:06:42+00:00,Toys & School Supplies,Nendoroid,8757.0,7443.0,,True,True,15.00513874614594,329,179.0,550.0,0.0,1106.5,18.579514824797844,High
278e6f8a88f3e765ae1f3af6c6bf0cc3,RNGE7M92TGDFE3DU,Karatcraft Artifex Yellow Gold Diamond 18 K Ring,http://www.flipkart.com/karatcraft-artifex-yellow-gold-diamond-18-k-ring/p/itme7m92jrg6ketn?pid=RNGE7M92TGDFE3DU,2016-01-01 10:55:30+00:00,Jewellery,Karatcraft,21056.0,15302.0,,True,True,27.32712765957447,3522,310.0,1076.75,0.0,2226.875,18.552657319856536,High
d64ebf71b206fee1378beeaabdea0ccf,PCSE2FMZFNZ4GBWB,Autopot Plant Container Set,http://www.flipkart.com/autopot-plant-container-set/p/itme2fmzduvga4ke?pid=PCSE2FMZFNZ4GBWB,2016-01-07 05:50:25+00:00,Tools & Hardware,Autopot,13000.0,12500.0,,True,True,3.8461538461538463,387,375.0,999.0,0.0,1935.0,18.431089743589745,High
690f7d1653c662897274ab53d4ee7a83,RNGEDAKEXFZHV4GU,Radiant Bay Classic Frame Solitaire Yellow Gold Diamond 14 K Ring,http://www.flipkart.com/radiant-bay-classic-frame-solitaire-yellow-gold-diamond-14-k-ring/p/itmedake5ss29uuk?pid=RNGEDAKEXFZHV4GU,2016-01-01 10:55:30+00:00,Jewellery,Radiant Bay,18993.0,15194.0,,True,True,20.002106039067026,3522,310.0,1076.75,0.0,2226.875,18.411803064884253,High
b88e78cc6f1660e6c9aa43ce5715716e,RNGEDAKFHRCFWQN2,Radiant Bay Pristine Promise White Gold Diamond 18 K Ring,http://www.flipkart.com/radiant-bay-pristine-promise-white-gold-diamond-18-k-ring/p/itmedakefzbjhzn5?pid=RNGEDAKFHRCFWQN2,2016-01-01 10:55:30+00:00,Jewellery,Radiant Bay,18773.0,15018.0,,True,True,20.002130719650562,3522,310.0,1076.75,0.0,2226.875,18.182262797522007,High
1f369dbea8d9c94bb4a1a31d59d47651,JCKEJNH2AZGKWGZC,KAVACi Full Sleeve Solid Men's Jacket,http://www.flipkart.com/kavaci-full-sleeve-solid-men-s-jacket/p/itmejnh2ndm3ntcs?pid=JCKEJNH2AZGKWGZC,2016-06-16 06:18:58+00:00,Clothing,KAVACi,8499.0,8499.0,,True,True,0.0,6171,374.0,799.0,0.0,1436.5,18.11764705882353,High
9f0045ee465e2d9fbb462b9df73b8d0b,AFGEFJSDPDENNGTZ,Nendoroid Wf2014Winter Limited Tomoe Mami Good Smile Company [Japan],http://www.flipkart.com/nendoroid-wf2014winter-limited-tomoe-mami-good-smile-company-japan/p/itmefjsd6upfkdye?pid=AFGEFJSDPDENNGTZ,2016-03-03 06:06:42+00:00,Toys & School Supplies,Nendoroid,8509.0,7232.0,,True,True,15.007638970501821,329,179.0,550.0,0.0,1106.5,18.01078167115903,High
3f499531ad4b8a70aff0aaad8b2d1b19,MNGEGJGBTZH6RZC8,JewelFox Gold Tanmaniya,http://www.flipkart.com/jewelfox-gold-tanmaniya/p/itmegjgbxzxgfhtz?pid=MNGEGJGBTZH6RZC8,2016-03-09 03:16:39+00:00,Jewellery,JewelFox,16440.0,14796.0,,True,True,10.0,3522,310.0,1076.75,0.0,2226.875,17.892729051190088,High
b1b2c798ff157a8970540bbadb49ec22,RTRE9UPZJUNGSX3X,Ubiquiti UAP-AC,http://www.flipkart.com/ubiquiti-uap-ac/p/itme9v89hjkzn7u3?pid=RTRE9UPZJUNGSX3X,2015-12-01 06:13:00+00:00,Computers,Ubiquiti,35000.0,31000.0,,True,True,11.428571428571429,573,350.0,1995.0,0.0,4462.5,17.632218844984802,High
e4af8a3e38283c410201c8568c8f6c7f,SCHE82QGQ2XPDCYM,Reins Easy12 5 One Way Electrical Switch,http://www.flipkart.com/reins-easy12-5-one-way-electrical-switch/p/itme83bspxmvh8hg?pid=SCHE82QGQ2XPDCYM,2015-12-01 06:13:00+00:00,Home Improvement,Reins,16500.0,12250.0,,True,True,25.757575757575758,79,150.0,804.5,0.0,1786.25,17.48739495798319,High
da658b33c149dc1234cbe6cee341d0e2,RNGE864HRQRATXWQ,Karatcraft Zunia Gold Diamond 18 K Ring,http://www.flipkart.com/karatcraft-zunia-gold-diamond-18-k-ring/p/itme7t8fzh6jqvxz?pid=RNGE864HRQRATXWQ,2016-01-06 18:20:45+00:00,Jewellery,Karatcraft,19306.0,14450.0,,True,True,25.152802237646327,3522,310.0,1076.75,0.0,2226.875,17.44147375285295,High
924bfb020e7b2995cd95efb0ff7cf67b,BLUEGUWGH5GAGTGF,MAC 8 Colors Blusher,http://www.flipkart.com/mac-8-colors-blusher/p/itmeguwgzw8ckwqp?pid=BLUEGUWGH5GAGTGF,2016-03-21 02:58:41+00:00,Beauty and Personal Care,MAC,4000.0,3549.0,,True,True,11.275,709,299.0,479.0,29.0,749.0,17.055555555555557,High
95e7221679bd1953d9fb8c3de7dcecfa,JCKEJNH2UGZFF5QZ,KAVACi Full Sleeve Solid Men's Jacket,http://www.flipkart.com/kavaci-full-sleeve-solid-men-s-jacket/p/itmejnh2gus7vruf?pid=JCKEJNH2UGZFF5QZ,2016-06-23 15:59:14+00:00,Clothing,KAVACi,7999.0,7999.0,,True,True,0.0,6171,374.0,799.0,0.0,1436.5,16.941176470588236,High
5567cf0a41256bd4be5876205a52b77a,BZREHJ6ZZPZFDJQZ,Blackberrys Self Design Single Breasted Party Men's Blazer,http://www.flipkart.com/blackberrys-self-design-single-breasted-party-men-s-blazer/p/itmehj6zmcgvw6zf?pid=BZREHJ6ZZPZFDJQZ,2016-04-11 03:32:26+00:00,Clothing,Blackberrys,7995.0,7995.0,,True,True,0.0,6171,374.0,799.0,0.0,1436.5,16.931764705882355,High
96cbaf12abab40af6bcb5089f65964c6,BZREHJ6ZXZ9YWZFB,Blackberrys Self Design Single Breasted Party Men's Blazer,http://www.flipkart.com/blackberrys-self-design-single-breasted-party-men-s-blazer/p/itmehj6zkfypdmhb?pid=BZREHJ6ZXZ9YWZFB,2016-04-11 03:32:26+00:00,Clothing,Blackberrys,7995.0,7995.0,,True,True,0.0,6171,374.0,799.0,0.0,1436.5,16.931764705882355,High
4eebe3d469e283674e23e95e44215d34,AFGEFJSDG8YZNTXN,DC Universe Total Heroes Exclusive Batman Beyond,http://www.flipkart.com/dc-universe-total-heroes-exclusive-batman-beyond/p/itmefjsd5qhpfq7p?pid=AFGEFJSDG8YZNTXN,2016-03-03 06:06:42+00:00,Toys & School Supplies,DC Universe,8036.0,6830.0,,True,True,15.007466401194625,329,179.0,550.0,0.0,1106.5,16.92722371967655,High
aebfce85f0431f6b8160f111fffc6217,RNGE87FCBXPY8UU9,Karatcraft Bibiana Gold Diamond 18 K Ring,http://www.flipkart.com/karatcraft-bibiana-gold-diamond-18-k-ring/p/itme87fcexyufuyg?pid=RNGE87FCBXPY8UU9,2016-01-06 18:20:45+00:00,Jewellery,Karatcraft,24911.0,14001.0,,True,True,43.79591345188872,3522,310.0,1076.75,0.0,2226.875,16.85588522986632,High
dd5d6f0649f40d49791bbd5c00758e2f,STREDF58JH3GQZF9,Graco LiteRider Click Connect � Marco,http://www.flipkart.com/graco-literider-click-connect-marco/p/itmedf58zngfrhbz?pid=STREDF58JH3GQZF9,2016-03-11 06:55:07+00:00,Baby Care,Graco,12500.0,9375.0,,True,True,25.0,481,499.0,999.0,0.0,1749.0,16.752,High
6f84b1a41ca55361a22e08bc08442b06,RNGEDAK2VM5APFRG,Jacknjewel Winsome White Gold Diamond 18 K Ring,http://www.flipkart.com/jacknjewel-winsome-white-gold-diamond-18-k-ring/p/itmedak2hfbkfftq?pid=RNGEDAK2VM5APFRG,2016-01-07 00:54:41+00:00,Jewellery,Jacknjewel,21387.0,13888.0,,True,True,35.06335624444756,3522,310.0,1076.75,0.0,2226.875,16.708509944571244,High
bad7133369604d9dd9e56d0a141bb06d,RNGEDAK2NXNHZWGD,Jacknjewel Exquisite White Gold Diamond 18 K Ring,http://www.flipkart.com/jacknjewel-exquisite-white-gold-diamond-18-k-ring/p/itmedak2gskhx5a6?pid=RNGEDAK2NXNHZWGD,2016-01-07 00:54:41+00:00,Jewellery,Jacknjewel,21387.0,13888.0,,True,True,35.06335624444756,3522,310.0,1076.75,0.0,2226.875,16.708509944571244,High
bcff97c492dc5e66a54863afa1e79125,RNGEDAK2URYPNGYG,Jacknjewel Classical White Gold Diamond 18 K Ring,http://www.flipkart.com/jacknjewel-classical-white-gold-diamond-18-k-ring/p/itmedak2bzhgg2vp?pid=RNGEDAK2URYPNGYG,2016-01-07 00:54:41+00:00,Jewellery,Jacknjewel,21387.0,13888.0,,True,True,35.06335624444756,3522,310.0,1076.75,0.0,2226.875,16.708509944571244,High
f95f91caa89f7e689ba715ac597d65ef,RNGEDAK2HFRD72HE,Jacknjewel Charming Six Stone White Gold Diamond 18 K Ring,http://www.flipkart.com/jacknjewel-charming-six-stone-white-gold-diamond-18-k-ring/p/itmedak2ymf6wwrz?pid=RNGEDAK2HFRD72HE,2016-01-07 00:54:41+00:00,Jewellery,Jacknjewel,21387.0,13888.0,,True,True,35.06335624444756,3522,310.0,1076.75,0.0,2226.875,16.708509944571244,High
f4d4c2eec77732f56e47722d7a355f2b,SHIE3QDGUEGVZJZ8,Exotic India Blessing Buddha Showpiece  -  36.83 cm,http://www.flipkart.com/exotic-india-blessing-buddha-showpiece-36-83-cm/p/itme3qdgysexzzvq?pid=SHIE3QDGUEGVZJZ8,2016-01-04 00:20:04+00:00,Home Decor & Festive Needs,Exotic India,15000.0,15000.0,,True,True,0.0,927,426.5,1250.0,0.0,2485.25,16.697024893746207,High
eb4174d4ee463898a75d9124dd92705c,SUIE5GT3DSJCKEJF,Hangrr Premium Single Breasted Solid Men's Suit,http://www.flipkart.com/hangrr-premium-single-breasted-solid-men-s-suit/p/itme5gt38hmxgvgf?pid=SUIE5GT3DSJCKEJF,2016-02-25 07:09:32+00:00,Clothing,Hangrr,15999.0,7883.0,3.7,True,True,50.728170510656916,6171,374.0,799.0,0.0,1436.5,16.668235294117647,High
e2028ed42a372f6e87881b0fa7500ac2,SHIEBZB4QFCBMVXD,Tatvaarts Rajasthani Musicial Set Showpiece  -  15.24 cm,http://www.flipkart.com/tatvaarts-rajasthani-musicial-set-showpiece-15-24-cm/p/itmebzb4gwhphtwh?pid=SHIEBZB4QFCBMVXD,2015-12-01 12:40:44+00:00,Home Decor & Festive Needs,Tatvaarts,15700.0,14900.0,,True,True,5.095541401273885,927,426.5,1250.0,0.0,2485.25,16.57559198542805,High
3c74db45cbfc14a78b8466dca494b3bb,WATECGG4W76YEBUB,"Alfajr WQ18 Qibla Compass Digital Watch  - For Men, Boys, Girls",http://www.flipkart.com/alfajr-wq18-qibla-compass-digital-watch-men-boys-girls/p/itmecgg4ybbwegzf?pid=WATECGG4W76YEBUB,2015-12-04 07:25:36+00:00,Watches,Unknown,8995.0,7495.0,5.0,True,True,16.675931072818234,528,550.0,950.0,0.0,1550.0,16.3625,High
8572cb97cf7ac2f30db6b0cfd3f1cb93,BZREHJ6ZVHUBEKEU,Blackberrys Self Design Single Breasted Formal Men's Blazer,http://www.flipkart.com/blackberrys-self-design-single-breasted-formal-men-s-blazer/p/itmehj6zaxs8gcmu?pid=BZREHJ6ZVHUBEKEU,2016-04-11 03:32:26+00:00,Clothing,Blackberrys,7695.0,7695.0,,True,True,0.0,6171,374.0,799.0,0.0,1436.5,16.225882352941177,High
5345156278bfd21dc6714dac07471951,ETHEGBVZCUGD8FVA,Lajo Women's Salwar and Dupatta Set,http://www.flipkart.com/lajo-women-s-salwar-dupatta-set/p/itmegbvz2fkemtj9?pid=ETHEGBVZCUGD8FVA,2016-03-03 06:06:42+00:00,Clothing,Lajo,9000.0,7664.0,,True,True,14.844444444444445,6171,374.0,799.0,0.0,1436.5,16.152941176470588,High
6f0eee8c32ef6de521b4174d1e8aa30f,ETHEGBVZG4VJZAWT,Lajo Women's Salwar and Dupatta Set,http://www.flipkart.com/lajo-women-s-salwar-dupatta-set/p/itmegbvz5zubezpf?pid=ETHEGBVZG4VJZAWT,2016-03-03 06:06:42+00:00,Clothing,Lajo,9000.0,7664.0,,True,True,14.844444444444445,6171,374.0,799.0,0.0,1436.5,16.152941176470588,High
d7c109d990d736abce19ba0f5dbc33fd,HMBEGYZXBWJ3TPS4,Viari Hand-held Bag,http://www.flipkart.com/viari-hand-held-bag/p/itmegyzxm7dsshff?pid=HMBEGYZXBWJ3TPS4,2016-02-24 16:02:05+00:00,"Bags, Wallets & Belts",Viari,13750.0,12330.0,,True,True,10.327272727272728,264,399.0,1099.0,0.0,2149.0,16.044285714285714,High
78e062cb786fdd7322f9dd39d1c81c84,JCKEHETDXKFYJ3EB,LATHERO Full Sleeve Self Design Women's Jacket,http://www.flipkart.com/lathero-full-sleeve-self-design-women-s-jacket/p/itmeh5ptwkebzw3y?pid=JCKEHETDXKFYJ3EB,2016-04-28 20:11:26+00:00,Clothing,LATHERO,12500.0,7499.0,,True,True,40.008,6171,374.0,799.0,0.0,1436.5,15.764705882352942,High
d3176e405109c3cf796ecd3580493932,RNGEC8ZTXNQMVKVD,IskiUski Medieval Sterling Silver Diamond 22K Yellow Gold Ring,http://www.flipkart.com/iskiuski-medieval-sterling-silver-diamond-22k-yellow-gold-ring/p/itmec8zs8zzhsamg?pid=RNGEC8ZTXNQMVKVD,2016-01-06 18:20:45+00:00,Jewellery,IskiUski,17060.0,13120.0,,True,True,23.09495896834701,3522,310.0,1076.75,0.0,2226.875,15.706879686990545,High
aa59de3019c5d2f1f012263fd25dd654,HRCEGVZ9GNYJNREX,Loreal Diarichesse No- 1 Black sort Svart Musta ( Pack of 3 )With 20 Vol 6 % Developer Hair Color,http://www.flipkart.com/loreal-diarichesse-no-1-black-sort-svart-musta-pack-3-with-20-6-developer-hair-color/p/itmegvz9r3sqgszv?pid=HRCEGVZ9GNYJNREX,2016-05-22 10:35:27+00:00,Beauty and Personal Care,Loreal,4299.0,3295.0,,True,True,23.354268434519657,709,299.0,479.0,29.0,749.0,15.644444444444444,High
d3f4a4336324a3d180de23df1e75b9b7,HRCEGVR9HBWKYFPD,Loreal Diarichesse No- 5 Light Brown ( Pack of 3 )With 20 Vol 6 % Developer Hair Color,http://www.flipkart.com/loreal-diarichesse-no-5-light-brown-pack-3-with-20-6-developer-hair-color/p/itmegvr9fau6jyyk?pid=HRCEGVR9HBWKYFPD,2016-05-22 10:35:27+00:00,Beauty and Personal Care,Loreal,4295.0,3295.0,,True,True,23.28288707799767,709,299.0,479.0,29.0,749.0,15.644444444444444,High
ea2e9893e2dd294f495f78308b9408cf,RNGEA9ZXS7UKNRGE,BlueStone The Twin Wingflow Yellow Gold Diamond 18 K Ring,http://www.flipkart.com/bluestone-twin-wingflow-yellow-gold-diamond-18-k-ring/p/itmea9zxanzuwkgh?pid=RNGEA9ZXS7UKNRGE,2016-01-06 18:20:45+00:00,Jewellery,BlueStone,13010.0,13010.0,,True,True,0.0,3522,310.0,1076.75,0.0,2226.875,15.563417019889142,High
d2337e8480241321b907d9e06daa2e38,PTGEGUPNEZHH3UKD,GAGA Canvas Painting,http://www.flipkart.com/gaga-canvas-painting/p/itmegupn9nc7x9s8?pid=PTGEGUPNEZHH3UKD,2016-03-18 08:01:41+00:00,Home Decor & Festive Needs,GAGA,24987.0,13800.0,,True,True,44.7712810661544,927,426.5,1250.0,0.0,2485.25,15.239829993928355,High
ed470854f3cce6d10135d9b16b9e073c,BMDEGVYEMNWS2XH2,"NITGEN Hamster - DX Time & Attendance, Access Control, Door Locks",http://www.flipkart.com/nitgen-hamster-dx-time-attendance-access-control-door-locks/p/itmegvyey5hhn9vz?pid=BMDEGVYEMNWS2XH2,2016-03-20 11:28:01+00:00,Pens & Stationery,NITGEN,8778.0,5486.0,,True,True,37.50284802916382,313,225.0,550.0,0.0,1037.5,15.187692307692307,High
7ca585dffb9601ceb020d28bcc989fdd,SUIE8H94SYGX7PKR,Brahaan BLUE TAG Single Breasted Solid Men's Suit,http://www.flipkart.com/brahaan-blue-tag-single-breasted-solid-men-s-suit/p/itme8h94jzzyghht?pid=SUIE8H94SYGX7PKR,2016-02-25 07:09:32+00:00,Clothing,Brahaan BLUE TAG,8995.0,7196.0,5.0,True,True,20.0,6171,374.0,799.0,0.0,1436.5,15.051764705882354,High
d5648dac167a39031cd6a131537134bc,RNGE96Y4TQHKBXXK,Ciemme 0.09 CT Fancy Split Shank Women's Promise Yellow Gold Diamond 18 K Ring,http://www.flipkart.com/ciemme-0-09-ct-fancy-split-shank-women-s-promise-yellow-gold-diamond-18-k-ring/p/itme96y3egw5s5n9?pid=RNGE96Y4TQHKBXXK,2016-01-07 00:54:41+00:00,Jewellery,Ciemme,13282.0,12616.0,,True,True,5.014305074536967,3522,310.0,1076.75,0.0,2226.875,15.049559830453212,High
0045278cb129cc33d3a0e5ce3840ebcd,SHIEB85ZA9EMJ4BZ,Diviniti DG 4 Khanda Sahib With Gold Plated Foil Wall Hanging Showpiece  -  37 cm,http://www.flipkart.com/diviniti-dg-4-khanda-sahib-gold-plated-foil-wall-hanging-showpiece-37-cm/p/itmeb85zmc7aajvp?pid=SHIEB85ZA9EMJ4BZ,2016-01-04 00:20:04+00:00,Home Decor & Festive Needs,Diviniti,13610.0,13610.0,,True,True,0.0,927,426.5,1250.0,0.0,2485.25,15.009107468123862,High
6ae42b269ffc7c89d5e6a5eeed46a2f5,RNGECU4YGGXVGRMH,Araanz by Tribhovandas Bhimji Zaveri Delhi Gold Diamond 18K Yellow Gold 18 K Ring,http://www.flipkart.com/araanz-tribhovandas-bhimji-zaveri-delhi-gold-diamond-18k-yellow-18-k-ring/p/itmecu4yxzt5fvwq?pid=RNGECU4YGGXVGRMH,2016-01-06 18:20:45+00:00,Jewellery,Araanz by Tribhovandas Bhimji Zaveri Delhi,15720.0,12576.0,,True,True,20.0,3522,310.0,1076.75,0.0,2226.875,14.997391587870883,High
eda87bc2ef874715b6e948d6acaca907,BFAE2V5YU3ZQXWCN,Tanita UM-052 Body Fat Analyzer,http://www.flipkart.com/tanita-um-052-body-fat-analyzer/p/itme2v5ygg9zcvmf?pid=BFAE2V5YU3ZQXWCN,2015-12-01 06:13:00+00:00,Beauty and Personal Care,Unknown,4199.0,3149.0,,True,True,25.005953798523457,709,299.0,479.0,29.0,749.0,14.833333333333334,High
54ac93c4b95fc5cc44bc6811eacdfdfc,SHIEBWNUNANV22KB,Diviniti MDF Color Religious Wall Hanging Size 4 Sai Baba Showpiece  -  36.4 cm,http://www.flipkart.com/diviniti-mdf-color-religious-wall-hanging-size-4-sai-baba-showpiece-36-4-cm/p/itmebwnun6jhy9ed?pid=SHIEBWNUNANV22KB,2016-01-04 00:20:04+00:00,Home Decor & Festive Needs,Diviniti,13400.0,13400.0,,True,True,0.0,927,426.5,1250.0,0.0,2485.25,14.754098360655737,High
c7fcd0d983a51283e58b806f065cc920,SHIEBWNUB6QGHNGD,Diviniti MDF Color Religious Wall Hanging Size 4 Radha Krishna Showpiece  -  36.4 cm,http://www.flipkart.com/diviniti-mdf-color-religious-wall-hanging-size-4-radha-krishna-showpiece-36-4-cm/p/itmebwnufyzxwacs?pid=SHIEBWNUB6QGHNGD,2016-01-04 00:20:04+00:00,Home Decor & Festive Needs,Diviniti,13400.0,13400.0,,True,True,0.0,927,426.5,1250.0,0.0,2485.25,14.754098360655737,High
66408e8b234013f9abc1a9866ae858b6,MNGEGJGBAQGZGJJF,JewelFox Gold Tanmaniya,http://www.flipkart.com/jewelfox-gold-tanmaniya/p/itmegjgbwwv3pbgb?pid=MNGEGJGBAQGZGJJF,2016-03-09 03:16:39+00:00,Jewellery,JewelFox,13645.0,12280.0,,True,True,10.003664345914254,3522,310.0,1076.75,0.0,2226.875,14.611346592761656,High
f6778350834b2424cb07750f4c568887,SRWEFU5FHASPAG6V,Khaan Saab Editions Woven Sherwani,http://www.flipkart.com/khaan-saab-editions-woven-sherwani/p/itmefu5fabzy5kjg?pid=SRWEFU5FHASPAG6V,2016-03-28 17:57:30+00:00,Clothing,Khaan Saab Editions,14999.0,6999.0,,True,True,53.33688912594173,6171,374.0,799.0,0.0,1436.5,14.588235294117647,High
7ebd341e6e4b233cceeaaae7c266e9f5,JEAE4RYYMGGNNYYT,Gas Slim Fit Men's Jeans,http://www.flipkart.com/gas-slim-fit-men-s-jeans/p/itme4ryyjtan6pey?pid=JEAE4RYYMGGNNYYT,2015-12-12 11:46:53+00:00,Clothing,Slim,6990.0,6990.0,,True,True,0.0,6171,374.0,799.0,0.0,1436.5,14.567058823529411,High
b0ac176ad50ea1c83614e5fecce0f8dc,RNGEDAK2KK6VXQQ5,Jacknjewel Enchanting White Gold Diamond 18 K Ring,http://www.flipkart.com/jacknjewel-enchanting-white-gold-diamond-18-k-ring/p/itmedak2g8fgmzs8?pid=RNGEDAK2KK6VXQQ5,2016-01-07 00:54:41+00:00,Jewellery,Jacknjewel,18820.0,12221.0,,True,True,35.06376195536663,3522,310.0,1076.75,0.0,2226.875,14.534398434952722,High
fcf4ba2af27d4d367cf65605ae2cd011,RNGE96Y49HCWGUGH,Ciemme 0.11 CT Fashion Twisted Marquise Shape Women's Promise Yellow Gold Diamond 18 K Ring,http://www.flipkart.com/ciemme-0-11-ct-fashion-twisted-marquise-shape-women-s-promise-yellow-gold-diamond-18-k-ring/p/itme96y3tmmc7vzz?pid=RNGE96Y49HCWGUGH,2016-01-07 00:54:41+00:00,Jewellery,Ciemme,12851.0,12206.0,,True,True,5.019064664228464,3522,310.0,1076.75,0.0,2226.875,14.51483534398435,High
da4aa693ca4c70eef8e72d67207ffa31,RNGE87FCDDYZ9ZHU,Karatcraft Musimi Gold Diamond 18 K Ring,http://www.flipkart.com/karatcraft-musimi-gold-diamond-18-k-ring/p/itme87fcwdw9m4gv?pid=RNGE87FCDDYZ9ZHU,2016-01-06 18:20:45+00:00,Jewellery,Karatcraft,23356.0,12183.0,,True,True,47.837814694296966,3522,310.0,1076.75,0.0,2226.875,14.484838604499512,High
17c6557d47fc05e8f99716c4938d4245,RNGE87FCQJ9GRKWZ,Karatcraft Valusha Gold Diamond 18 K Ring,http://www.flipkart.com/karatcraft-valusha-gold-diamond-18-k-ring/p/itme87fc45e42xsj?pid=RNGE87FCQJ9GRKWZ,2016-01-06 18:20:45+00:00,Jewellery,Karatcraft,16646.0,12094.0,,True,True,27.345908927069566,3522,310.0,1076.75,0.0,2226.875,14.368764264753832,High
8b268c1e68f198ae2e934717d49f48e9,WATECKYCCMXUQQMS,"D'Signer 681GM_WHT Analog Watch  - For Men, Boys",http://www.flipkart.com/d-signer-681gm-wht-analog-watch-men-boys/p/itmeckycadzqydqw?pid=WATECKYCCMXUQQMS,2015-12-04 07:25:36+00:00,Watches,Unknown,6995.0,6645.0,,True,True,5.003573981415297,528,550.0,950.0,0.0,1550.0,14.2375,High
a4c42bce2e8ba3ff57a2c7834b56643c,RNGE96Y4USHKXVCY,Ciemme 0.11 CT Fashion Women's Flower Promise Yellow Gold Diamond 18 K Ring,http://www.flipkart.com/ciemme-0-11-ct-fashion-women-s-flower-promise-yellow-gold-diamond-18-k-ring/p/itme96y32ga2g3wc?pid=RNGE96Y4USHKXVCY,2016-01-07 00:54:41+00:00,Jewellery,Ciemme,12572.0,11941.0,,True,True,5.019090041361756,3522,310.0,1076.75,0.0,2226.875,14.169220736876426,High
0968768dd22d9cf04ea6cc4a59347465,PSRE2K36QU4U5HBC,Intel 3.1 GHz LGA 1150 E3-1220 v3 Processor,http://www.flipkart.com/intel-3-1-ghz-lga-1150-e3-1220-v3-processor/p/itme2k37apgxeffk?pid=PSRE2K36QU4U5HBC,2015-12-01 06:13:00+00:00,Computers,Intel,29999.0,24999.0,,True,True,16.667222240741356,573,350.0,1995.0,0.0,4462.5,13.98419452887538,High
705d177449dddf86f6c1890b24f5ba9c,RNGEH3H8UQ2FHQZ2,Malabar Gold and Diamonds HBDAAAABLZJM Gold Ruby 22 K Ring,http://www.flipkart.com/malabar-gold-diamonds-hbdaaaablzjm-ruby-22-k-ring/p/itmeh3h8rqtqhvhq?pid=RNGEH3H8UQ2FHQZ2,2016-03-25 15:39:25+00:00,Jewellery,Malabar Gold and Diamonds,11786.0,11786.0,,True,True,0.0,3522,310.0,1076.75,0.0,2226.875,13.967068796869906,High
3860fa12576516449e5032ac6e39f499,PCSE2FMZJWGY3ZY4,Autopot Plant Container Set,http://www.flipkart.com/autopot-plant-container-set/p/itme2fmzj76fvmyf?pid=PCSE2FMZJWGY3ZY4,2016-01-07 05:50:25+00:00,Tools & Hardware,Autopot,9990.0,9600.0,,True,True,3.903903903903904,387,375.0,999.0,0.0,1935.0,13.783653846153847,High
a1453ca42e3acbb324c02856e7d79c94,HCPEG62NMAA2YRGQ,Dr.Cool Dr-WT -R-MEDIUM3 Hot & Cold Pack,http://www.flipkart.com/dr-cool-dr-wt-r-medium3-hot-cold-pack/p/itmeg62n7dsaevvw?pid=HCPEG62NMAA2YRGQ,2016-03-03 06:06:42+00:00,Beauty and Personal Care,Dr.Cool,3500.0,2950.0,,True,True,15.714285714285714,709,299.0,479.0,29.0,749.0,13.727777777777778,High
33c874da18f917701d8ec681c1da64e4,SHIEBZB4NSHCQTXA,Tatvaarts Ashta Lakshmi (Bronze-Finish) Showpiece  -  27.94 cm,http://www.flipkart.com/tatvaarts-ashta-lakshmi-bronze-finish-showpiece-27-94-cm/p/itmebzb4xz7ftdk5?pid=SHIEBZB4NSHCQTXA,2015-12-01 12:40:44+00:00,Home Decor & Festive Needs,Tatvaarts,13500.0,12500.0,,True,True,7.407407407407407,927,426.5,1250.0,0.0,2485.25,13.66120218579235,High
24aa6ca14a0a9809206fd3a2e97f09c2,JEAECN2PCATHVF9V,Reckler Slim Fit Men's Jeans,http://www.flipkart.com/reckler-slim-fit-men-s-jeans/p/itmecn2p6uyg88qd?pid=JEAECN2PCATHVF9V,2015-12-12 11:46:53+00:00,Clothing,Slim,13495.0,6599.0,,True,True,51.100407558354945,6171,374.0,799.0,0.0,1436.5,13.647058823529411,High
7f5693936048c694f297ebc8f4b1b60f,JEAECN2PYNWRQEGK,Reckler Slim Fit Men's Jeans,http://www.flipkart.com/reckler-slim-fit-men-s-jeans/p/itmecn2pzx7qjgxx?pid=JEAECN2PYNWRQEGK,2015-12-12 11:46:53+00:00,Clothing,Slim,13495.0,6599.0,,True,True,51.100407558354945,6171,374.0,799.0,0.0,1436.5,13.647058823529411,High
812d5e9b2548424d4e2ae17ce3a575e9,JEAECN2PHFKTPGQF,Reckler Slim Fit Men's Jeans,http://www.flipkart.com/reckler-slim-fit-men-s-jeans/p/itmecn2pzx7qjgxx?pid=JEAECN2PHFKTPGQF,2015-12-12 11:46:53+00:00,Clothing,Slim,13495.0,6599.0,,True,True,51.100407558354945,6171,374.0,799.0,0.0,1436.5,13.647058823529411,High
c20e48cbdc40970ca8550f0269240fbb,JEAECN2PU7HS4GWF,Reckler Slim Fit Men's Jeans,http://www.flipkart.com/reckler-slim-fit-men-s-jeans/p/itmecn2pdvfzw9pq?pid=JEAECN2PU7HS4GWF,2015-12-12 11:46:53+00:00,Clothing,Slim,13495.0,6599.0,,True,True,51.100407558354945,6171,374.0,799.0,0.0,1436.5,13.647058823529411,High
7d2883d833e215d3092c7f53572f870d,SMPDJVMAKKNB69AY,Kerastase Nutritive Bain Satin 1 Complete Nutrition Shampoo,http://www.flipkart.com/kerastase-nutritive-bain-satin-1-complete-nutrition-shampoo/p/itmdjvmdhhxfzgff?pid=SMPDJVMAKKNB69AY,2016-03-03 06:06:42+00:00,Beauty and Personal Care,Kerastase,2925.0,2925.0,,True,True,0.0,709,299.0,479.0,29.0,749.0,13.588888888888889,High
1b2d3e21c2c2f30d9ffa93b559fc7221,RNGE65FGHZXFMJZM,CaratLane Jesyln Yellow Gold Diamond 18 K Ring,http://www.flipkart.com/caratlane-jesyln-yellow-gold-diamond-18-k-ring/p/itme65fgcfu8zza4?pid=RNGE65FGHZXFMJZM,2016-01-07 00:54:41+00:00,Jewellery,CaratLane,11459.0,11459.0,,True,True,0.0,3522,310.0,1076.75,0.0,2226.875,13.540593413759375,High
9f76aaed44b540869da862c5dd4b266f,SHIE9J6PH5ZKV7YX,Lal Haveli Rajasthani Handcrafted Decorative Showpiece Statue Musicians Showpiece  -  17.18 cm,http://www.flipkart.com/lal-haveli-rajasthani-handcrafted-decorative-showpiece-statue-musicians-17-18-cm/p/itme9j6pd63zwmfj?pid=SHIE9J6PH5ZKV7YX,2015-12-01 12:40:44+00:00,Home Decor & Festive Needs,Lal Haveli,16500.0,12399.0,,True,True,24.854545454545455,927,426.5,1250.0,0.0,2485.25,13.538554948391013,High
e08763f5a0dade3c4d2b4f7a48e5cc6c,CBKEAHJXYGJHFCBT,Oxyglow Fruit Massage Cream With Vitamin-E & Diamond Facial Kit,http://www.flipkart.com/oxyglow-fruit-massage-cream-vitamin-e-diamond-facial-kit/p/itmeahjxf4rfth5r?pid=CBKEAHJXYGJHFCBT,2015-12-12 11:46:53+00:00,Beauty and Personal Care,Unknown,4840.0,2904.0,,True,True,40.0,709,299.0,479.0,29.0,749.0,13.472222222222221,High
b8469bfd4e72897476dcafa6225d90cf,STIE67GJZUHZG9C6,Hoopoe Decor Large Wall Sticker,http://www.flipkart.com/hoopoe-decor-large-wall-sticker/p/itme67gjvugehb6g?pid=STIE67GJZUHZG9C6,2015-12-29 05:07:38+00:00,Home Decor & Festive Needs,Hoopoe Decor,16399.0,12299.0,,True,True,25.001524483200196,927,426.5,1250.0,0.0,2485.25,13.41712204007286,High
bb5be79ced7726c80d98ae412f762656,RNGDWKZMGSZJCGD3,Nishtaa Yellow Gold 22 K Ring,http://www.flipkart.com/nishtaa-yellow-gold-22-k-ring/p/itmdwkzmdgv5f2q2?pid=RNGDWKZMGSZJCGD3,2016-01-06 18:20:45+00:00,Jewellery,Nishtaa,11880.0,11286.0,,True,True,5.0,3522,310.0,1076.75,0.0,2226.875,13.314965764590806,High
65123840a375611a1d1553c671acb88d,RNGE65FGMRNRDSNH,CaratLane Twirl Tangle Yellow Gold Diamond 18 K Ring,http://www.flipkart.com/caratlane-twirl-tangle-yellow-gold-diamond-18-k-ring/p/itme65fhzxrhgp7h?pid=RNGE65FGMRNRDSNH,2016-01-07 00:54:41+00:00,Jewellery,CaratLane,11274.0,11274.0,,True,True,0.0,3522,310.0,1076.75,0.0,2226.875,13.299315291816107,High
7469f0111f8d34c42100f7c3001acde1,RNGDVVYB6RGSAWRZ,Nishtaa Yellow Gold Cubic Zirconia 22 K Ring,http://www.flipkart.com/nishtaa-yellow-gold-cubic-zirconia-22-k-ring/p/itmdvvybfbfupsbx?pid=RNGDVVYB6RGSAWRZ,2016-01-06 18:20:45+00:00,Jewellery,Nishtaa,11820.0,11229.0,,True,True,5.0,3522,310.0,1076.75,0.0,2226.875,13.240626018910987,High
a901da7e40063106364082bc5f1ef764,BATDTHQV76ANNZF5,GM Purist 909 English Willow Cricket  Bat,http://www.flipkart.com/gm-purist-909-english-willow-cricket-bat/p/itmdthrz8s3hw2r9?pid=BATDTHQV76ANNZF5,2016-01-07 04:32:43+00:00,Sports & Fitness,Unknown,18015.0,14214.0,,True,True,21.09908409658618,166,417.5,1386.75,0.0,2840.625,13.234201702347177,High
76b938e73e6deaf9d078aff78cc72436,CBKEAHJXVRRUDKFG,Oxyglow Diamond Facial Kit & Oxynourshing Massage Cream,http://www.flipkart.com/oxyglow-diamond-facial-kit-oxynourshing-massage-cream/p/itmeahjxhgzybpdz?pid=CBKEAHJXVRRUDKFG,2015-12-12 11:46:53+00:00,Beauty and Personal Care,Unknown,4680.0,2808.0,,True,True,40.0,709,299.0,479.0,29.0,749.0,12.938888888888888,High
39252ca92c2f3bc66950d71abb245388,RNGE96Y2KTQSGHNG,Ciemme 0.11 CT Women's Designer Circle Flower Promise Yellow Gold Diamond 18 K Ring,http://www.flipkart.com/ciemme-0-11-ct-women-s-designer-circle-flower-promise-yellow-gold-diamond-18-k-ring/p/itme96yfuxeznacf?pid=RNGE96Y2KTQSGHNG,2016-01-07 00:54:41+00:00,Jewellery,Ciemme,11455.0,10880.0,5.0,True,True,5.019642077695329,3522,310.0,1076.75,0.0,2226.875,12.785458102380176,High
fca4bd01d8b8ba6fb3d5cc5fcac13373,HSAEH6FCCGM7HKUQ,MICROi HD AHD DVR 4 Channel Home Security Camera,http://www.flipkart.com/microi-hd-ahd-dvr-4-channel-home-security-camera/p/itmeh6fcwbrp7ruy?pid=HSAEH6FCCGM7HKUQ,2016-04-16 13:01:18+00:00,Pens & Stationery,MICROi,7000.0,4700.0,,True,True,32.857142857142854,313,225.0,550.0,0.0,1037.5,12.76923076923077,High
f6009df3f310e560a9f6bfadc1ee7743,RNGE96Y3FNJ4TVSA,Ciemme 0.10 CT Sign OF True Love Women's Promise Yellow Gold Diamond 18 K Ring,http://www.flipkart.com/ciemme-0-10-ct-sign-true-love-women-s-promise-yellow-gold-diamond-18-k-ring/p/itme96y3cjd6fugw?pid=RNGE96Y3FNJ4TVSA,2016-01-07 00:54:41+00:00,Jewellery,Ciemme,11441.0,10867.0,,True,True,5.017043964688401,3522,310.0,1076.75,0.0,2226.875,12.768503423540919,High
0a71edc161e28b8205b161112e4d4a28,RNGE96Y2DCHGZ5AH,Ciemme 0.11 CT Fashion Forever Love Promise Yellow Gold Diamond 18 K Ring,http://www.flipkart.com/ciemme-0-11-ct-fashion-forever-love-promise-yellow-gold-diamond-18-k-ring/p/itme96yfzstfub8f?pid=RNGE96Y2DCHGZ5AH,2016-01-07 00:54:41+00:00,Jewellery,Ciemme,11393.0,10821.0,,True,True,5.020626700605635,3522,310.0,1076.75,0.0,2226.875,12.708509944571242,High
6e84ec471b4a694bc8f72656880136db,JCKEJG8KHHAKPQCR,HugMe.fashion Full Sleeve Solid Men's Jacket,http://www.flipkart.com/hugme-fashion-full-sleeve-solid-men-s-jacket/p/itmejg8kzzrfmbtb?pid=JCKEJG8KHHAKPQCR,2016-06-10 22:31:19+00:00,Clothing,HugMe.fashion,20663.0,6199.0,,True,True,69.99951604316895,6171,374.0,799.0,0.0,1436.5,12.705882352941176,High
d7e6bbcf5512b19ab8d896f62356a5cf,JCKEJQR2RDXBH67V,HugMe.fashion Full Sleeve Striped Men's Jacket,http://www.flipkart.com/hugme-fashion-full-sleeve-striped-men-s-jacket/p/itmejqr2dykksztx?pid=JCKEJQR2RDXBH67V,2016-06-23 15:59:14+00:00,Clothing,HugMe.fashion,20663.0,6199.0,,True,True,69.99951604316895,6171,374.0,799.0,0.0,1436.5,12.705882352941176,High
da2e5f1f5a81934a92277b8858c8833d,PRMEGT8Z6RCS7XYP,NYX Cosmetics Honey Dew Me Up  Primer  - 22 ml,http://www.flipkart.com/nyx-cosmetics-honey-dew-me-up-primer-22-ml/p/itmegt8zzg3jwzqf?pid=PRMEGT8Z6RCS7XYP,2016-04-11 14:09:33+00:00,Beauty and Personal Care,NYX,8241.0,2763.0,,True,True,66.47251547142336,709,299.0,479.0,29.0,749.0,12.688888888888888,High
030649f74aeffed68a194211cde720e6,BLAEAWAADV8TQNA8,Raymond Abstract Double Blanket Brown,http://www.flipkart.com/raymond-abstract-double-blanket-brown/p/itmeawaaafdtchc6?pid=BLAEAWAADV8TQNA8,2015-12-12 11:46:53+00:00,Home Furnishing,Raymond,11549.0,11549.0,,True,True,0.0,700,523.0,1332.0,0.0,2545.5,12.629171817058097,High
d274fe1c5d1575f2d382cec6d153c4a5,BLAEB3XAJTYHENHP,Raymond Abstract Double Blanket Brown,http://www.flipkart.com/raymond-abstract-double-blanket-brown/p/itmeb3xat8wmqhhq?pid=BLAEB3XAJTYHENHP,2015-12-12 11:46:53+00:00,Home Furnishing,Raymond,11549.0,11549.0,,True,True,0.0,700,523.0,1332.0,0.0,2545.5,12.629171817058097,High
d6684cee58412653e52c5e14aa89ce42,BLAEAWAAMHQGV5BU,Raymond Abstract Double Blanket Red,http://www.flipkart.com/raymond-abstract-double-blanket-red/p/itmeawaazgqhkhkw?pid=BLAEAWAAMHQGV5BU,2015-12-12 11:46:53+00:00,Home Furnishing,Raymond,11549.0,11549.0,,True,True,0.0,700,523.0,1332.0,0.0,2545.5,12.629171817058097,High
9d2730447be2ba0a59853627918426a6,JCKEJHBB7RHYFE6U,HugMe.fashion Full Sleeve Solid Men's Jacket,http://www.flipkart.com/hugme-fashion-full-sleeve-solid-men-s-jacket/p/itmejhbby3phg4dh?pid=JCKEJHBB7RHYFE6U,2016-06-13 19:06:01+00:00,Clothing,HugMe.fashion,20330.0,6099.0,,True,True,70.0,6171,374.0,799.0,0.0,1436.5,12.470588235294118,High
872365cba394ad511914a4b3bdf8a8e6,WRSE4G5XJHJKGQPY,Ajay A100-75x80 Double Sided Open End Wrench Set,http://www.flipkart.com/ajay-a100-75x80-double-sided-open-end-wrench-set/p/itme4g5xzt5uaaxy?pid=WRSE4G5XJHJKGQPY,2016-01-01 19:37:22+00:00,Home Improvement,Ajay,9900.0,8910.0,,True,True,10.0,79,150.0,804.5,0.0,1786.25,12.384262796027501,High
93d215f974dca0e769486f2db6ef997a,SHIEBZB4D4GDYYRS,Tatvaarts Lady Bust Showpiece  -  29.21 cm,http://www.flipkart.com/tatvaarts-lady-bust-showpiece-29-21-cm/p/itmebzb4zamjen4u?pid=SHIEBZB4D4GDYYRS,2015-12-01 12:40:44+00:00,Home Decor & Festive Needs,Tatvaarts,11999.0,11400.0,,True,True,4.99208267355613,927,426.5,1250.0,0.0,2485.25,12.325440194292653,High
c69e02777d729c8a028073c6291e12cf,RNGE96Y3GVM4MYVK,Ciemme 0.09 CT Fashion Designer Women's Promise Yellow Gold Diamond 18 K Ring,http://www.flipkart.com/ciemme-0-09-ct-fashion-designer-women-s-promise-yellow-gold-diamond-18-k-ring/p/itme96y2k6zwzcty?pid=RNGE96Y3GVM4MYVK,2016-01-07 00:54:41+00:00,Jewellery,Ciemme,11073.0,10517.0,,True,True,5.021222794184052,3522,310.0,1076.75,0.0,2226.875,12.312031300945549,High
0c69942eeb68c201e7f4e27a13198e40,BZREHH7YDUABC2TR,Blackberrys Solid Single Breasted Casual Men's Blazer,http://www.flipkart.com/blackberrys-solid-single-breasted-casual-men-s-blazer/p/itmehh7yqrbygxq2?pid=BZREHH7YDUABC2TR,2016-04-11 03:32:26+00:00,Clothing,Blackberrys,5999.0,5999.0,,True,True,0.0,6171,374.0,799.0,0.0,1436.5,12.235294117647058,High
59fd3b3f08bc794b5d76706cb2b7a31a,JCKEJHAHFHBHQS9W,HugMe.fashion Full Sleeve Solid Men's Jacket,http://www.flipkart.com/hugme-fashion-full-sleeve-solid-men-s-jacket/p/itmejhahvtvythe2?pid=JCKEJHAHFHBHQS9W,2016-06-13 19:06:01+00:00,Clothing,HugMe.fashion,19999.0,5999.0,,True,True,70.00350017500875,6171,374.0,799.0,0.0,1436.5,12.235294117647058,High
a562cf96c4e7b44369bdef1fe81b6f25,BZREHH7YANYWR3HZ,Blackberrys Solid Single Breasted Casual Men's Blazer,http://www.flipkart.com/blackberrys-solid-single-breasted-casual-men-s-blazer/p/itmehh7ye7jzmfcx?pid=BZREHH7YANYWR3HZ,2016-04-11 03:32:26+00:00,Clothing,Blackberrys,5999.0,5999.0,,True,True,0.0,6171,374.0,799.0,0.0,1436.5,12.235294117647058,High
8adedf04eb30760594081f55abfa01bf,BZREHJ6Z8WJQHFPX,Blackberrys Solid Single Breasted Casual Men's Blazer,http://www.flipkart.com/blackberrys-solid-single-breasted-casual-men-s-blazer/p/itmehj6zm9xvxaby?pid=BZREHJ6Z8WJQHFPX,2016-04-11 03:32:26+00:00,Clothing,Blackberrys,5995.0,5995.0,5.0,True,True,0.0,6171,374.0,799.0,0.0,1436.5,12.225882352941177,High
7de4d4ac676e925642912579d4f0373b,DREEJFHXDJ48EX99,Jacadi Paris Baby Girl's Gathered Multicolor Dress,http://www.flipkart.com/jacadi-paris-baby-girl-s-gathered-multicolor-dress/p/itmejfhxzghfgr3x?pid=DREEJFHXDJ48EX99,2016-06-07 14:06:00+00:00,Baby Care,Jacadi Paris,7099.0,7099.0,,True,True,0.0,481,499.0,999.0,0.0,1749.0,12.2,High
b341a94f67287b33c569619633a97af0,SCHE7YGX8SSZCHA2,Reins Touch101 5 One Way Electrical Switch,http://www.flipkart.com/reins-touch101-5-one-way-electrical-switch/p/itme7ygxzhwch524?pid=SCHE7YGX8SSZCHA2,2015-12-01 06:13:00+00:00,Home Improvement,Reins,11500.0,8750.0,,True,True,23.91304347826087,79,150.0,804.5,0.0,1786.25,12.139801375095493,High
31c4bd12d0e96f985ac58c1ab1100edf,JCKEJNEZZ2RFFJS5,HugMe.fashion Full Sleeve Solid Men's Jacket,http://www.flipkart.com/hugme-fashion-full-sleeve-solid-men-s-jacket/p/itmejnezwttaqzf4?pid=JCKEJNEZZ2RFFJS5,2016-06-16 06:18:58+00:00,Clothing,HugMe.fashion,19830.0,5949.0,,True,True,70.0,6171,374.0,799.0,0.0,1436.5,12.117647058823529,High
e4115b57b84947d945faa3d418fc3476,JCKEJHAUBCQZGTEB,HugMe.fashion Full Sleeve Solid Men's Jacket,http://www.flipkart.com/hugme-fashion-full-sleeve-solid-men-s-jacket/p/itmejhaufgf9qrwb?pid=JCKEJHAUBCQZGTEB,2016-06-13 19:06:01+00:00,Clothing,HugMe.fashion,19830.0,5949.0,,True,True,70.0,6171,374.0,799.0,0.0,1436.5,12.117647058823529,High
54c4b38e133f273095922d2830709a80,JCKEJG8JJGQMF7A2,HugMe.fashion Full Sleeve Solid Men's Jacket,http://www.flipkart.com/hugme-fashion-full-sleeve-solid-men-s-jacket/p/itmejg8juc6bd4jy?pid=JCKEJG8JJGQMF7A2,2016-06-10 22:31:19+00:00,Clothing,HugMe.fashion,19663.0,5899.0,,True,True,69.9994914306057,6171,374.0,799.0,0.0,1436.5,12.0,High
d0dca7c437af10ff97a5c125c1ddcd4d,RCTDHPZTWCHTKKSW,Nikko VaporizR,http://www.flipkart.com/nikko-vaporizr/p/itmdhpzxpyytp4zf?pid=RCTDHPZTWCHTKKSW,2016-01-01 19:37:22+00:00,Toys & School Supplies,Unknown,4995.0,4995.0,5.0,True,True,0.0,329,179.0,550.0,0.0,1106.5,11.981132075471699,High
549ef080c2acc856b5cbd18041b60e5d,RCTEBUD9SYVKVPHF,Maisto Rock Crawler 3XL,http://www.flipkart.com/maisto-rock-crawler-3xl/p/itmebfc8wthjh4gb?pid=RCTEBUD9SYVKVPHF,2016-01-01 19:37:22+00:00,Toys & School Supplies,Unknown,4990.0,4990.0,,True,True,0.0,329,179.0,550.0,0.0,1106.5,11.967654986522911,High
ba959d47815c73c262dcaefb1cccbf50,RNGEBWZUTZFZHBWN,WearYourShine by PCJ The Dawnetta Gold Diamond 18 K Ring,http://www.flipkart.com/wearyourshine-pcj-dawnetta-gold-diamond-18-k-ring/p/itmebwzu6uzhdcuc?pid=RNGEBWZUTZFZHBWN,2016-01-06 18:20:45+00:00,Jewellery,WearYourShine by PCJ,10227.0,10227.0,,True,True,0.0,3522,310.0,1076.75,0.0,2226.875,11.93381154222367,High
8d93b03e5956f1eea45fa87ce3b40417,BLUEGT8ZHVXSYAFP,SHANY Fuchsia 6 Color Blush Palette,http://www.flipkart.com/shany-fuchsia-6-color-blush-palette/p/itmegt8zhu8ytkzm?pid=BLUEGT8ZHVXSYAFP,2016-03-21 02:58:41+00:00,Beauty and Personal Care,SHANY,2855.0,2625.0,,True,True,8.056042031523642,709,299.0,479.0,29.0,749.0,11.922222222222222,High
f6a698c46120ae6718347eebc9241ac3,RNGE8Z3KSNKWHEER,WearYourShine by PCJ The Skyrah Gold Diamond 18 K Ring,http://www.flipkart.com/wearyourshine-pcj-skyrah-gold-diamond-18-k-ring/p/itme8z3ka2nxs5wu?pid=RNGE8Z3KSNKWHEER,2016-01-06 18:20:45+00:00,Jewellery,WearYourShine by PCJ,10213.0,10213.0,,True,True,0.0,3522,310.0,1076.75,0.0,2226.875,11.915552657319857,High
5e69a0dcdf90d19e429ea9cd2079b175,BDGEFMYFVFZQEHVK,Zenescope Entertainment Wonderland The Board Game,http://www.flipkart.com/zenescope-entertainment-wonderland-board-game/p/itmefmyftvguqhhy?pid=BDGEFMYFVFZQEHVK,2016-03-04 17:21:37+00:00,Toys & School Supplies,Zenescope Entertainment,5834.0,4958.0,,True,True,15.015426808364758,329,179.0,550.0,0.0,1106.5,11.881401617250674,High
ba0b37d14d4fc73b7a4f5e6cbef2a84e,JWSEJWVCTUDZRQMR,MUCHMORE Alloy Jewel Set,http://www.flipkart.com/muchmore-alloy-jewel-set/p/itmejwvdp96zbkz5?pid=JWSEJWVCTUDZRQMR,2016-06-24 05:34:41+00:00,Jewellery,MUCHMORE,12550.0,10133.0,,True,True,19.258964143426294,3522,310.0,1076.75,0.0,2226.875,11.8112161721552,High
fd2716d0e5dd7ffc367ca4dd9f97aaa0,RTREYTY2TMVNXZG4,Asus Wireless AC2400 Dual-band Gigabit Router,http://www.flipkart.com/asus-wireless-ac2400-dual-band-gigabit-router/p/itmeyty3qxhanrze?pid=RTREYTY2TMVNXZG4,2015-12-01 06:13:00+00:00,Computers,Asus,29990.0,21290.0,4.3,True,True,29.00966988996332,573,350.0,1995.0,0.0,4462.5,11.729483282674773,High
46e6853da6b0c796b7a0d8203ceaa88e,SHIE3QDHDTF4BMK4,Exotic India Relaxing Ganesha Showpiece  -  11.43 cm,http://www.flipkart.com/exotic-india-relaxing-ganesha-showpiece-11-43-cm/p/itme3qdhynrtkhfn?pid=SHIE3QDHDTF4BMK4,2016-01-04 00:20:04+00:00,Home Decor & Festive Needs,Exotic India,11250.0,10890.0,,True,True,3.2,927,426.5,1250.0,0.0,2485.25,11.706132361870067,High
036d90f4b1dc64870546b13794d6b902,PBREH6ZNVKHMUKS5,Escoda Round Paint Brushes,http://www.flipkart.com/escoda-round-paint-brushes/p/itmeh6znwccqe8as?pid=PBREH6ZNVKHMUKS5,2016-04-29 14:51:39+00:00,Pens & Stationery,Escoda,4335.0,4335.0,,True,True,0.0,313,225.0,550.0,0.0,1037.5,11.646153846153846,High
cd27aaadf0002e64ed8da4c2aba41ef0,PENEGZ28UBCHFWFV,Platinum Balance Fountain Pen,http://www.flipkart.com/platinum-balance-fountain-pen/p/itmegz28dnb6qtqg?pid=PENEGZ28UBCHFWFV,2016-03-18 19:41:12+00:00,Pens & Stationery,Platinum,4290.0,4290.0,,True,True,0.0,313,225.0,550.0,0.0,1037.5,11.507692307692308,High
40cf99f40aa188203bc60497d5d5e073,RNGEB2PG3Q5RKDW6,Jewels Of Jaipur Gold Ruby Yellow Gold 14 K Ring,http://www.flipkart.com/jewels-jaipur-gold-ruby-yellow-14-k-ring/p/itmeb2pgqrza87ab?pid=RNGEB2PG3Q5RKDW6,2016-01-06 18:20:45+00:00,Jewellery,Jewels Of Jaipur,11587.0,9848.0,,True,True,15.008198843531543,3522,310.0,1076.75,0.0,2226.875,11.439517443756113,High
669b42b98440d834525a5856f7f54f24,RNGE96Y2XUMQZWXH,Ciemme 0.08 CT Women's Circle Of Love Relation Promise Yellow Gold Diamond 18 K Ring,http://www.flipkart.com/ciemme-0-08-ct-women-s-circle-love-relation-promise-yellow-gold-diamond-18-k-ring/p/itme96yfy632mexa?pid=RNGE96Y2XUMQZWXH,2016-01-07 00:54:41+00:00,Jewellery,Ciemme,10338.0,9819.0,,True,True,5.02031340684852,3522,310.0,1076.75,0.0,2226.875,11.401695467883926,High
10bd492152ff2f1a98a026f67f10d56c,CNDEGVE6CRCDNHNV,TRESemme Naturals Nourishing Moisture Conditioner Aloe Vera And Avocado,http://www.flipkart.com/tresemme-naturals-nourishing-moisture-conditioner-aloe-vera-avocado/p/itmegve6t7epd48t?pid=CNDEGVE6CRCDNHNV,2016-03-20 14:44:44+00:00,Beauty and Personal Care,TRESemme,2696.0,2519.0,,True,True,6.5652818991097925,709,299.0,479.0,29.0,749.0,11.333333333333334,High
d601f7a1d4dff0704b034d2ddda3f06a,PRCDVFAFM2FPJBMZ,Hawkins Stainless Steel 10 L Pressure Cooker,http://www.flipkart.com/hawkins-stainless-steel-10-l-pressure-cooker/p/itmdvjqqbfc58kxy?pid=PRCDVFAFM2FPJBMZ,2015-12-03 21:49:05+00:00,Kitchen & Dining,Hawkins,4925.0,4850.0,,True,True,1.5228426395939085,645,199.0,582.0,0.0,1156.5,11.143603133159269,High
d2bab3aa28c02b840141f46478eff5f2,RNGEB2PGDCAQPBVJ,Jewels Of Jaipur Gold Ruby Yellow Gold 14 K Ring,http://www.flipkart.com/jewels-jaipur-gold-ruby-yellow-14-k-ring/p/itmeb2pg9mqaubux?pid=RNGEB2PGDCAQPBVJ,2016-01-06 18:20:45+00:00,Jewellery,Jewels Of Jaipur,11076.0,9414.0,,True,True,15.005417118093174,3522,310.0,1076.75,0.0,2226.875,10.873492011737854,High
aa2e905de244291c13592642c3ad3c1d,AFGEFM64GSRSURBU,Doctor Who Prisoner Zero Action Figure,http://www.flipkart.com/doctor-prisoner-zero-action-figure/p/itmefm64urxxhnn6?pid=AFGEFM64GSRSURBU,2016-03-03 06:06:42+00:00,Toys & School Supplies,Doctor Who,5329.0,4529.0,,True,True,15.012197410395947,329,179.0,550.0,0.0,1106.5,10.725067385444744,High
789a27a6d888ed879a61b04d3a1675bb,BLAEAWAARHRG2ZVD,Raymond Abstract Double Blanket Grey,http://www.flipkart.com/raymond-abstract-double-blanket-grey/p/itmeawaawkbf2zzv?pid=BLAEAWAARHRG2ZVD,2015-12-12 11:46:53+00:00,Home Furnishing,Raymond,9999.0,9999.0,,True,True,0.0,700,523.0,1332.0,0.0,2545.5,10.713226205191594,High
a67d4b8df18ac476cd1b0bbd80e589a4,ECMDUEKAVNRZGTAS,"Wild Ferns Lanolin Eye Creme with Collagen, Vitamins A & E",http://www.flipkart.com/wild-ferns-lanolin-eye-creme-collagen-vitamins-e/p/itmduekavnrzgtas?pid=ECMDUEKAVNRZGTAS,2015-12-12 11:46:53+00:00,Beauty and Personal Care,Unknown,2400.0,2400.0,,True,True,0.0,709,299.0,479.0,29.0,749.0,10.672222222222222,High
00653f0da0f333b3bee1d2613faed2cb,RCTE3BSA9AQGCZXX,Gifts & Arts Remote Control Jeep,http://www.flipkart.com/gifts-arts-remote-control-jeep/p/itme3bsayhzxaztq?pid=RCTE3BSA9AQGCZXX,2016-01-01 13:15:34+00:00,Toys & School Supplies,Unknown,6000.0,4499.0,5.0,True,True,25.016666666666666,329,179.0,550.0,0.0,1106.5,10.644204851752022,High
db3c229c62ce6fe5cb2892483ec56b68,RCTE5BZ4HTGYDQZC,Brunte Special Design RedDragon Big RC Helicopter with light remote and charger,http://www.flipkart.com/brunte-special-design-reddragon-big-rc-helicopter-light-remote-charger/p/itme5bz4eqchqzgt?pid=RCTE5BZ4HTGYDQZC,2016-01-01 13:15:34+00:00,Toys & School Supplies,Unknown,7499.0,4499.0,1.0,True,True,40.005334044539275,329,179.0,550.0,0.0,1106.5,10.644204851752022,High
c8b274240700c107a8a9506a65c9aaba,SHIECYFWYYZHU6NR,MCB Exports Iron Decorative Pot Showpiece  -  74 cm,http://www.flipkart.com/mcb-exports-iron-decorative-pot-showpiece-74-cm/p/itmecyfw8gngcgp2?pid=SHIECYFWYYZHU6NR,2015-12-01 12:40:44+00:00,Home Decor & Festive Needs,MCB Exports,11999.0,9999.0,,True,True,16.668055671305943,927,426.5,1250.0,0.0,2485.25,10.624165148755313,High
00db9f6ada661f4d7d813a4754d3866f,JEAECN2QDGZMGFDC,Reckler Slim Fit Men's Jeans,http://www.flipkart.com/reckler-slim-fit-men-s-jeans/p/itmecn2qt5ntwu5s?pid=JEAECN2QDGZMGFDC,2015-12-12 11:46:53+00:00,Clothing,Slim,10796.0,5299.0,,True,True,50.91700629862912,6171,374.0,799.0,0.0,1436.5,10.588235294117647,High
06d1e63a26baafb91a79d540fff55cd2,JEAECN2QK92QMAXJ,Reckler Slim Fit Men's Jeans,http://www.flipkart.com/reckler-slim-fit-men-s-jeans/p/itmecn2prk7mqjcg?pid=JEAECN2QK92QMAXJ,2015-12-12 11:46:53+00:00,Clothing,Slim,10796.0,5299.0,,True,True,50.91700629862912,6171,374.0,799.0,0.0,1436.5,10.588235294117647,High
39d0c9d2f58af29d4f12851bc37e20a0,JEAECN2PHAGBUNF9,Reckler Slim Fit Men's Jeans,http://www.flipkart.com/reckler-slim-fit-men-s-jeans/p/itmecn2pbjp4kuwu?pid=JEAECN2PHAGBUNF9,2015-12-12 11:46:53+00:00,Clothing,Slim,10796.0,5299.0,,True,True,50.91700629862912,6171,374.0,799.0,0.0,1436.5,10.588235294117647,High
3eb9c3ee5672a51331441c54bc998356,JEAECN2PCKQM9WAH,Reckler Slim Fit Men's Jeans,http://www.flipkart.com/reckler-slim-fit-men-s-jeans/p/itmecn2pzuyz5dtt?pid=JEAECN2PCKQM9WAH,2015-12-12 11:46:53+00:00,Clothing,Slim,10796.0,5299.0,,True,True,50.91700629862912,6171,374.0,799.0,0.0,1436.5,10.588235294117647,High
48cd3de7df6a3aeaf3a9a74ceb90c2da,JEAECN2PWZBZPWQN,Reckler Slim Fit Men's Jeans,http://www.flipkart.com/reckler-slim-fit-men-s-jeans/p/itmecn2pzy7fjdzc?pid=JEAECN2PWZBZPWQN,2015-12-12 11:46:53+00:00,Clothing,Slim,10796.0,5299.0,,True,True,50.91700629862912,6171,374.0,799.0,0.0,1436.5,10.588235294117647,High
824432ac348bafa8e251a18db489fe3f,JEAECN2Q57NX4WFF,Reckler Slim Fit Men's Jeans,http://www.flipkart.com/reckler-slim-fit-men-s-jeans/p/itmecn2pas6tqgua?pid=JEAECN2Q57NX4WFF,2015-12-12 11:46:53+00:00,Clothing,Slim,10796.0,5299.0,,True,True,50.91700629862912,6171,374.0,799.0,0.0,1436.5,10.588235294117647,High
8829519289d4c0c1d4046521c9ff69b7,JEAECN2P2RQNPWJK,Reckler Slim Fit Men's Jeans,http://www.flipkart.com/reckler-slim-fit-men-s-jeans/p/itmecn2pezhy3fne?pid=JEAECN2P2RQNPWJK,2015-12-12 11:46:53+00:00,Clothing,Slim,10796.0,5299.0,,True,True,50.91700629862912,6171,374.0,799.0,0.0,1436.5,10.588235294117647,High
8b09258b3f1b68fa8fb7704812aec77a,JEAECN2PKFM8G8SW,Reckler Slim Fit Men's Jeans,http://www.flipkart.com/reckler-slim-fit-men-s-jeans/p/itmecn2pbjp4kuwu?pid=JEAECN2PKFM8G8SW,2015-12-12 11:46:53+00:00,Clothing,Slim,10796.0,5299.0,,True,True,50.91700629862912,6171,374.0,799.0,0.0,1436.5,10.588235294117647,High
8fbf0fee6f13e952d9ee9a5c0c0a6d89,JEAECN2Q3HHDEJKD,Reckler Slim Fit Men's Jeans,http://www.flipkart.com/reckler-slim-fit-men-s-jeans/p/itmecn2pezhy3fne?pid=JEAECN2Q3HHDEJKD,2015-12-12 11:46:53+00:00,Clothing,Slim,10796.0,5299.0,,True,True,50.91700629862912,6171,374.0,799.0,0.0,1436.5,10.588235294117647,High
d5707b78df87c74465aa9f95659a6a07,JEAECN2PAGXBTKPU,Reckler Slim Fit Men's Jeans,http://www.flipkart.com/reckler-slim-fit-men-s-jeans/p/itmecn2pzuyz5dtt?pid=JEAECN2PAGXBTKPU,2015-12-12 11:46:53+00:00,Clothing,Slim,10796.0,5299.0,,True,True,50.91700629862912,6171,374.0,799.0,0.0,1436.5,10.588235294117647,High
fa65923ac614e33694e27273e5545fad,RNGE8URWFPRT4QZ3,Jewels5 Daliah Yellow Gold Diamond 18 K Ring,http://www.flipkart.com/jewels5-daliah-yellow-gold-diamond-18-k-ring/p/itme8urw7wu6gzbh?pid=RNGE8URWFPRT4QZ3,2016-01-07 00:54:41+00:00,Jewellery,Jewels5,13053.0,8918.0,,True,True,31.678541331494674,3522,310.0,1076.75,0.0,2226.875,10.226605803716987,High
a378736c1510a13966b42c2d6462f526,DREEJFHXDWUFDFFV,Jacadi Paris Baby Girl's Gathered Blue Dress,http://www.flipkart.com/jacadi-paris-baby-girl-s-gathered-blue-dress/p/itmejfhxs8trbvd9?pid=DREEJFHXDWUFDFFV,2016-06-07 14:06:00+00:00,Baby Care,Jacadi Paris,6099.0,6099.0,,True,True,0.0,481,499.0,999.0,0.0,1749.0,10.2,High
d2778b96839bacb80f491ae503a94726,CHDE3PBEFRSCE84S,Secrid 5 Card Holder,http://www.flipkart.com/secrid-5-card-holder/p/itme3pbe5hmchvfh?pid=CHDE3PBEFRSCE84S,2015-12-12 11:46:53+00:00,"Bags, Wallets & Belts",Unknown,8200.0,8200.0,,True,True,0.0,264,399.0,1099.0,0.0,2149.0,10.144285714285715,High
c33cc253f7031178ed65e6951ecf6d78,RNGDWKZN9DSHFHYY,Nishtaa Yellow Gold 22 K Ring,http://www.flipkart.com/nishtaa-yellow-gold-22-k-ring/p/itmdwkznspp5hs3p?pid=RNGDWKZN9DSHFHYY,2016-01-06 18:20:45+00:00,Jewellery,Nishtaa,9300.0,8835.0,,True,True,5.0,3522,310.0,1076.75,0.0,2226.875,10.118356700358657,High
41384da51732c0b4df3de8f395714fbb,WATECHFU4QGFQEJG,"Alfajr WY16B Youth Digital Watch  - For Men, Boys",http://www.flipkart.com/alfajr-wy16b-youth-digital-watch-men-boys/p/itmechfufumwbtnz?pid=WATECHFU4QGFQEJG,2015-12-04 07:25:36+00:00,Watches,Unknown,5495.0,4995.0,,True,True,9.099181073703367,528,550.0,950.0,0.0,1550.0,10.1125,High
4e09d5a71d46d61de3d4c9c5aedb73f2,CNDEGEPEK5GEH58K,TIGI BED HEAD COLOUR GODDESS OIL INFUSED CONDITIONER,http://www.flipkart.com/tigi-bed-head-colour-goddess-oil-infused-conditioner/p/itmegepedfffnjz7?pid=CNDEGEPEK5GEH58K,2016-03-11 11:26:55+00:00,Beauty and Personal Care,TIGI BED HEAD,2749.0,2299.0,,True,True,16.36958894143325,709,299.0,479.0,29.0,749.0,10.11111111111111,High
91d3eda9314e7530bf3f31a36af15445,AFGEFJSHE2NERYX8,The Loyal Subjects Diy Optimus Prime,http://www.flipkart.com/loyal-subjects-diy-optimus-prime/p/itmefjsh6v6kxg4f?pid=AFGEFJSHE2NERYX8,2016-03-03 06:06:42+00:00,Toys & School Supplies,The Loyal Subjects,5023.0,4269.0,,True,True,15.010949631694206,329,179.0,550.0,0.0,1106.5,10.024258760107816,High
12bcce666a88b0c259e03569e072dc88,SHIE4Q76YVE6GFHZ,Murtiwala Showpiece  -  45 cm,http://www.flipkart.com/murtiwala-showpiece-45-cm/p/itme4q76ptdfgvwq?pid=SHIE4Q76YVE6GFHZ,2015-12-01 12:40:44+00:00,Home Decor & Festive Needs,Murtiwala,9500.0,9500.0,,True,True,0.0,927,426.5,1250.0,0.0,2485.25,10.018214936247723,High
49dc3f9cb9ead3edbc6eb64edbdc1e90,RNGE5GH4RABWFC7P,JacknJewel Gold Pearl Yellow Gold 14 K Ring,http://www.flipkart.com/jacknjewel-gold-pearl-yellow-14-k-ring/p/itme5gh4hzrc3vmy?pid=RNGE5GH4RABWFC7P,2016-01-06 18:20:45+00:00,Jewellery,JacknJewel,17732.0,8689.0,,True,True,50.99819535303406,3522,310.0,1076.75,0.0,2226.875,9.92794261493316,High
2c4419dba5d8e590528c458d89354201,BATDCG2BN6HDVWPW,SS Ton Professional English Willow Cricket  Bat,http://www.flipkart.com/ss-ton-professional-english-willow-cricket-bat/p/itmdczzz23xa7zpn?pid=BATDCG2BN6HDVWPW,2016-01-07 04:32:43+00:00,Sports & Fitness,Unknown,13599.0,10999.0,5.0,True,True,19.11905287153467,166,417.5,1386.75,0.0,2840.625,9.917204023729688,High
deb7f006d042a395e01f8d4c4f287e3f,BZREHY5S4DCBDFGE,"BACHELORS N BEYOND Self Design Single Breasted Festive, Festive, Casual Men's Blazer",http://www.flipkart.com/bachelors-n-beyond-self-design-single-breasted-festive-casual-men-s-blazer/p/itmehy5sm9tqwzjv?pid=BZREHY5S4DCBDFGE,2016-04-11 03:32:26+00:00,Clothing,BACHELORS N BEYOND,6000.0,5000.0,,True,True,16.666666666666668,6171,374.0,799.0,0.0,1436.5,9.884705882352941,High
4efc1e410abc486ab671ceb1bd077106,BZREHH7YNDYA637D,Blackberrys Printed Single Breasted Casual Men's Blazer,http://www.flipkart.com/blackberrys-printed-single-breasted-casual-men-s-blazer/p/itmehh7znnhsnefp?pid=BZREHH7YNDYA637D,2016-04-11 03:32:26+00:00,Clothing,Blackberrys,4999.0,4999.0,,True,True,0.0,6171,374.0,799.0,0.0,1436.5,9.882352941176471,High
849588c6934255174b56d26814709ad8,WCTEHU6FYRC6WWCG,Mizuno Lightweight Hoody Solid Men's Wind Cheater,http://www.flipkart.com/mizuno-lightweight-hoody-solid-men-s-wind-cheater/p/itmehu6fbpeag9wk?pid=WCTEHU6FYRC6WWCG,2016-04-24 05:28:49+00:00,Clothing,Mizuno,4999.0,4999.0,,True,True,0.0,6171,374.0,799.0,0.0,1436.5,9.882352941176471,High
c2564bca116f04d1fa530d516ba7432e,BZREHH7ZER7QNYZB,Blackberrys Solid Single Breasted Casual Men's Blazer,http://www.flipkart.com/blackberrys-solid-single-breasted-casual-men-s-blazer/p/itmehh7z7r5hvzqj?pid=BZREHH7ZER7QNYZB,2016-04-11 03:32:26+00:00,Clothing,Blackberrys,4999.0,4999.0,,True,True,0.0,6171,374.0,799.0,0.0,1436.5,9.882352941176471,High
f728ae5368062d0bc8339ccde5633a4e,RCTE6BQ4BK8XQQKF,Syma X5 Quadcopter,http://www.flipkart.com/syma-x5-quadcopter/p/itme6bq43ycz5ehr?pid=RCTE6BQ4BK8XQQKF,2016-01-01 19:37:22+00:00,Toys & School Supplies,Unknown,6999.0,4199.0,1.3,True,True,40.00571510215745,329,179.0,550.0,0.0,1106.5,9.835579514824797,High
92b9ea96e2bc01863dbe0396ea540f99,RNGECNH3EGGBCQSQ,"KuberBox Ravishing Ring White Gold Diamond, Topaz 14K White Gold 14 K Ring",http://www.flipkart.com/kuberbox-ravishing-ring-white-gold-diamond-topaz-14k-14-k/p/itmecnh3bj5wg2bf?pid=RNGECNH3EGGBCQSQ,2016-01-06 18:20:45+00:00,Jewellery,KuberBox,8538.0,8538.0,,True,True,0.0,3522,310.0,1076.75,0.0,2226.875,9.731007499184871,High
ab98183be4aefb8e0577eade84da041a,RTRECBJHGSARFZN2,Setu Infocom 4 Port Fxo Gateway,http://www.flipkart.com/setu-infocom-4-port-fxo-gateway/p/itmecbjhvzhfnvf8?pid=RTRECBJHGSARFZN2,2015-12-01 06:13:00+00:00,Computers,Setu Infocom,21000.0,18000.0,,True,True,14.285714285714286,573,350.0,1995.0,0.0,4462.5,9.729483282674773,High
dc530e4d9ad668006e37a1d5ee631f06,RTREFH7UGSFUT6PB,Asus DSL-AC68U Dual Band Wireless AC1900 VDSL / ADSL Modem Router,http://www.flipkart.com/asus-dsl-ac68u-dual-band-wireless-ac1900-vdsl-adsl-modem-router/p/itmefh84edgfmsqm?pid=RTREFH7UGSFUT6PB,2015-12-01 06:13:00+00:00,Computers,Asus,22000.0,17973.0,4.5,True,True,18.304545454545455,573,350.0,1995.0,0.0,4462.5,9.713069908814589,High
5b712f613215c5f674207c4ba51b840b,ACCEGWH3M56QEA7Q,Steelseries Siberia 200 Wired Headset,http://www.flipkart.com/steelseries-siberia-200-wired-headset/p/itmegwh3vvyhh2wp?pid=ACCEGWH3M56QEA7Q,2016-03-25 15:39:25+00:00,Gaming,Steelseries,6999.0,5999.0,,True,True,14.287755393627661,35,159.0,704.5,0.0,1522.75,9.7057745187901,High
de16889237b5e4d3a1af8b5f7a97b0d5,ACCEGWH3SKZJQXJQ,Steelseries Siberia 200 Wired Headset,http://www.flipkart.com/steelseries-siberia-200-wired-headset/p/itmegwh3vvyhh2wp?pid=ACCEGWH3SKZJQXJQ,2016-03-25 15:39:25+00:00,Gaming,Steelseries,6999.0,5999.0,,True,True,14.287755393627661,35,159.0,704.5,0.0,1522.75,9.7057745187901,High
0d527d4bfb1cd3fbc259569256a9f9bc,RNGEAWYFMVWZUEWE,Avsar Sachi Gold Diamond 18 K Ring,http://www.flipkart.com/avsar-sachi-gold-diamond-18-k-ring/p/itmeawyfzq4bfvxx?pid=RNGEAWYFMVWZUEWE,2016-01-06 18:20:45+00:00,Jewellery,Avsar,16880.0,8440.0,,True,True,50.0,3522,310.0,1076.75,0.0,2226.875,9.603195304858168,High
0cf2d2f73416c8718e034c3f9032e55b,BLAEAWABMNZFGGYJ,Raymond Abstract Double Blanket Blue,http://www.flipkart.com/raymond-abstract-double-blanket-blue/p/itmeawabdqeq8kja?pid=BLAEAWABMNZFGGYJ,2015-12-12 11:46:53+00:00,Home Furnishing,Raymond,8999.0,8999.0,,True,True,0.0,700,523.0,1332.0,0.0,2545.5,9.477132262051915,High
ffc2e1fc7c886ec09a331040ada038aa,BLAEAWAB6GVKTJGW,Raymond Abstract Double Blanket Grey,http://www.flipkart.com/raymond-abstract-double-blanket-grey/p/itmeawabdxgy9dsb?pid=BLAEAWAB6GVKTJGW,2015-12-12 11:46:53+00:00,Home Furnishing,Raymond,8999.0,8999.0,,True,True,0.0,700,523.0,1332.0,0.0,2545.5,9.477132262051915,High
3b86a1e9d9b92aef312c0b991f0a9217,FSEEG8HWCWCDXSQF,EGON 7512_TM_P Faucet Set,http://www.flipkart.com/egon-7512-tm-p-faucet-set/p/itmeg8hxhjuyeqkc?pid=FSEEG8HWCWCDXSQF,2016-05-10 11:57:25+00:00,Home Improvement,EGON,6995.0,6995.0,,True,True,0.0,79,150.0,804.5,0.0,1786.25,9.458365164247517,High
e366a7ad567ccc6273711327b6a6b991,RCTE38HXGH4CJEPH,Prism Sky king Four Axis Aircraft 2.4g Rc X39,http://www.flipkart.com/prism-sky-king-four-axis-aircraft-2-4g-rc-x39/p/itme38hxdz8m49hz?pid=RCTE38HXGH4CJEPH,2016-01-01 19:37:22+00:00,Toys & School Supplies,Unknown,5749.0,4059.0,5.0,True,True,29.396416768133587,329,179.0,550.0,0.0,1106.5,9.45822102425876,High
fc2e49287cd9fd5cfff605a8aff22dc4,RNGDWKZMKNTUBPSF,Nishtaa Yellow Gold 22 K Ring,http://www.flipkart.com/nishtaa-yellow-gold-22-k-ring/p/itmdwkzmjgywgdee?pid=RNGDWKZMKNTUBPSF,2016-01-06 18:20:45+00:00,Jewellery,Nishtaa,8700.0,8265.0,,True,True,5.0,3522,310.0,1076.75,0.0,2226.875,9.374959243560482,High
04227ea8441464d6ac1d9d209e62e9d6,RNGDUZU5VCYXAAEM,Ishtaa Gold Cubic Zirconia 18 K Ring,http://www.flipkart.com/ishtaa-gold-cubic-zirconia-18-k-ring/p/itmdv4f6stgqvtq3?pid=RNGDUZU5VCYXAAEM,2016-01-06 18:20:45+00:00,Jewellery,Ishtaa,8690.0,8255.0,,True,True,5.005753739930955,3522,310.0,1076.75,0.0,2226.875,9.361917182914901,High
1931de182ac7bb8844b9cf2b1cc7ce86,RNGEA9ZYZHCM83WC,BlueStone The Venera Yellow Gold Diamond 14 K Ring,http://www.flipkart.com/bluestone-venera-yellow-gold-diamond-14-k-ring/p/itmea9zywmtzzrhd?pid=RNGEA9ZYZHCM83WC,2016-01-07 00:54:41+00:00,Jewellery,BlueStone,8249.0,8249.0,,True,True,0.0,3522,310.0,1076.75,0.0,2226.875,9.354091946527552,High
16b9c46ddc192c86094849655d4ea24d,AFGEFJSFEKNWGRGC,Eaglemoss Publications Star Trek Starships Figurine Collection Magazine 27,http://www.flipkart.com/eaglemoss-publications-star-trek-starships-figurine-collection-magazine-27/p/itmefjsfywhtgkcx?pid=AFGEFJSFEKNWGRGC,2016-03-03 06:06:42+00:00,Toys & School Supplies,Eaglemoss Publications,4718.0,4010.0,,True,True,15.006358626536668,329,179.0,550.0,0.0,1106.5,9.326145552560646,High
d0f0ff3de77f0aed4ade3654f74dfb8d,RNGE88FRWWZECGGM,Karatcraft Duma Stackable Gold Diamond 18 K Ring,http://www.flipkart.com/karatcraft-duma-stackable-gold-diamond-18-k-ring/p/itme88frqckynfey?pid=RNGE88FRWWZECGGM,2016-01-06 18:20:45+00:00,Jewellery,Karatcraft,13859.0,8222.0,,True,True,40.6739302980013,3522,310.0,1076.75,0.0,2226.875,9.31887838278448,High
2e3586dc60df258c5478446d65a317d2,SHIE3FHYRRQGFFXN,S C Handicrafts Sandalwood Carved Chinese Queen Big Showpiece  -  20 cm,http://www.flipkart.com/s-c-handicrafts-sandalwood-carved-chinese-queen-big-showpiece-20-cm/p/itme3fhyjfrrbmfp?pid=SHIE3FHYRRQGFFXN,2015-12-01 12:40:44+00:00,Home Decor & Festive Needs,S C Handicrafts,11900.0,8900.0,,True,True,25.210084033613445,927,426.5,1250.0,0.0,2485.25,9.289617486338798,High
9906d8f74589c452b00f2b5642a63c5f,SHIE2QTSMSXF9QAH,S C Handicrafts Showpiece  -  40 cm,http://www.flipkart.com/s-c-handicrafts-showpiece-40-cm/p/itme2qtscjuwxgmt?pid=SHIE2QTSMSXF9QAH,2015-12-01 12:40:44+00:00,Home Decor & Festive Needs,S C Handicrafts,9500.0,8900.0,,True,True,6.315789473684211,927,426.5,1250.0,0.0,2485.25,9.289617486338798,High
ebbf3fb05a5ed0981a43e60e342d93eb,SHIE2XDXPYYGJJZN,S C Handicrafts Showpiece  -  62 cm,http://www.flipkart.com/s-c-handicrafts-showpiece-62-cm/p/itme2xdxkjdscx4w?pid=SHIE2XDXPYYGJJZN,2015-12-01 12:40:44+00:00,Home Decor & Festive Needs,S C Handicrafts,12900.0,8900.0,,True,True,31.007751937984494,927,426.5,1250.0,0.0,2485.25,9.289617486338798,High
1eaa218f7cdc92cff15572f337d44bbe,SHIEJWDQATXMFH5C,Collectible India Showpiece  -  19 cm,http://www.flipkart.com/collectible-india-showpiece-19-cm/p/itmejwdqu4y6n8tx?pid=SHIEJWDQATXMFH5C,2016-06-23 02:25:03+00:00,Home Decor & Festive Needs,Collectible India,8819.0,8819.0,,True,True,0.0,927,426.5,1250.0,0.0,2485.25,9.191256830601093,High
711e4e4ce5ca3aab75a6a8f67c56a6fd,PTGEGUPZQDZ4NDBY,GAGA Canvas Painting,http://www.flipkart.com/gaga-canvas-painting/p/itmegupzhy36q37g?pid=PTGEGUPZQDZ4NDBY,2016-03-18 08:01:41+00:00,Home Decor & Festive Needs,GAGA,15783.0,8720.0,,True,True,44.7506811125895,927,426.5,1250.0,0.0,2485.25,9.07103825136612,High
97cb1abb0e890512a4849eb421b9a61e,PTGEGUPGE9HAB84Z,GAGA Canvas Painting,http://www.flipkart.com/gaga-canvas-painting/p/itmegupgqfgyjwhe?pid=PTGEGUPGE9HAB84Z,2016-03-18 07:48:11+00:00,Home Decor & Festive Needs,GAGA,15783.0,8720.0,,True,True,44.7506811125895,927,426.5,1250.0,0.0,2485.25,9.07103825136612,High
f47a9975b462a78788daf6e52457a8b3,PTGEGUZVRWYQXTWF,GAGA Canvas Painting,http://www.flipkart.com/gaga-canvas-painting/p/itmeguzvfruzyzxg?pid=PTGEGUZVRWYQXTWF,2016-03-18 08:01:41+00:00,Home Decor & Festive Needs,GAGA,15783.0,8720.0,,True,True,44.7506811125895,927,426.5,1250.0,0.0,2485.25,9.07103825136612,High
2037c9c1f0b512f847e881a2ab44c991,RNGEHQHNGF5Y8UGT,diwine jewels Silver Zircon Rhodium NA K Ring,http://www.flipkart.com/diwine-jewels-silver-zircon-rhodium-na-k-ring/p/itmehqhnrtddn74h?pid=RNGEHQHNGF5Y8UGT,2016-04-18 15:23:58+00:00,Jewellery,diwine jewels,12000.0,8000.0,,True,True,33.333333333333336,3522,310.0,1076.75,0.0,2226.875,9.02934463645256,High
5298630b961fc1bbada97740f2f2fdfb,AFGEFJSDTRTTRQRK,"X-Plus Hanna Barbera History Collection Scoo Doo 3 3/4""",http://www.flipkart.com/x-plus-hanna-barbera-history-collection-scoo-doo-3-3-4/p/itmefjsd9zzyfykt?pid=AFGEFJSDTRTTRQRK,2016-03-03 06:06:42+00:00,Toys & School Supplies,X-Plus,4554.0,3870.0,,True,True,15.019762845849803,329,179.0,550.0,0.0,1106.5,8.94878706199461,High
2001fb493b003fae1f840ade568e2f57,BZREHBMHYQVG4FAR,TOC Self Design Single Breasted Festive Men's Blazer,http://www.flipkart.com/toc-self-design-single-breasted-festive-men-s-blazer/p/itmehbmhkwdh4gg9?pid=BZREHBMHYQVG4FAR,2016-04-11 03:32:26+00:00,Clothing,TOC,6999.0,4599.0,,True,True,34.29061294470639,6171,374.0,799.0,0.0,1436.5,8.941176470588236,High
581dbbf7b465a3a7d957bed2a438bf1f,BBAEJZCAK4YJFHMN,Be You Sterling Silver Quartz Rhodium Tennis Bracelet,http://www.flipkart.com/you-sterling-silver-quartz-rhodium-tennis-bracelet/p/itmejzcaz4karhgz?pid=BBAEJZCAK4YJFHMN,2016-06-16 08:51:06+00:00,Jewellery,Be You,13200.0,7920.0,,True,True,40.0,3522,310.0,1076.75,0.0,2226.875,8.925008151287903,High
41d7c9263e22c13f24fc50cb655a2d73,ERGE4JGZH2DZS9WU,Treta Pretty Kundan Style With Red Drops And White Crystal Stone Silver Drop Earring,http://www.flipkart.com/treta-pretty-kundan-style-red-drops-white-crystal-stone-silver-drop-earring/p/itme4jgz5cg8yctz?pid=ERGE4JGZH2DZS9WU,2015-12-12 11:46:53+00:00,Jewellery,Treta,7900.0,7900.0,,True,True,0.0,3522,310.0,1076.75,0.0,2226.875,8.89892402999674,High
abf5330730a4f3457d441af67cbcb97a,RNGDUZU5QVRZMSVB,Ishtaa Gold Cubic Zirconia 18 K Ring,http://www.flipkart.com/ishtaa-gold-cubic-zirconia-18-k-ring/p/itmdv42r2vjqhvce?pid=RNGDUZU5QVRZMSVB,2016-01-06 18:20:45+00:00,Jewellery,Ishtaa,8300.0,7885.0,,True,True,5.0,3522,310.0,1076.75,0.0,2226.875,8.879360939028366,High
81a695f80d3f5c445910d310f1a83eb8,SHIE3FHYZYD3JHQD,S C Handicrafts Sandalwood Chinese Queen. Showpiece  -  16 cm,http://www.flipkart.com/s-c-handicrafts-sandalwood-chinese-queen-showpiece-16-cm/p/itme3fhywgvcr5ys?pid=SHIE3FHYZYD3JHQD,2015-12-01 12:40:44+00:00,Home Decor & Festive Needs,S C Handicrafts,8500.0,8500.0,,True,True,0.0,927,426.5,1250.0,0.0,2485.25,8.80388585306618,High
bd74e895221de4441dc3725269d712ca,STIE67GJBCF7YFGX,Hoopoe Decor Large Wall Sticker,http://www.flipkart.com/hoopoe-decor-large-wall-sticker/p/itme67gjcec5qa32?pid=STIE67GJBCF7YFGX,2015-12-29 05:07:38+00:00,Home Decor & Festive Needs,Hoopoe Decor,11299.0,8499.0,,True,True,24.78095406673157,927,426.5,1250.0,0.0,2485.25,8.802671523983,High
ee5549ea34672eb313d4c5e2c04d8a30,RNGDWKZNGUHGKETQ,Nishtaa Yellow Gold 22 K Ring,http://www.flipkart.com/nishtaa-yellow-gold-22-k-ring/p/itmdwkzn6zdqcmgt?pid=RNGDWKZNGUHGKETQ,2016-01-06 18:20:45+00:00,Jewellery,Nishtaa,8190.0,7781.0,,True,True,4.993894993894994,3522,310.0,1076.75,0.0,2226.875,8.743723508314314,High
c097ef9d93f55afde67edc265d649978,HRCEHF2CWZAFQKBN,L Oreal Couleur Experte Express  Hair Color,http://www.flipkart.com/l-oreal-couleur-experte-express-hair-color/p/itmehf2cfhnupmsg?pid=HRCEHF2CWZAFQKBN,2016-03-22 19:59:16+00:00,Beauty and Personal Care,L Oreal,6061.0,2051.0,,True,True,66.16069955452896,709,299.0,479.0,29.0,749.0,8.733333333333333,High
4676a8f96abb86c5d1dc5b06c7a11d95,ECMDQBY28WDJQDWA,Wild Ferns Manuka Honey Intensive Eye Creme,http://www.flipkart.com/wild-ferns-manuka-honey-intensive-eye-creme/p/itmdqby2ptqfr5cu?pid=ECMDQBY28WDJQDWA,2015-12-12 11:46:53+00:00,Beauty and Personal Care,Unknown,2000.0,2000.0,,True,True,0.0,709,299.0,479.0,29.0,749.0,8.45,High
9ee297046e1b7d5952d76c0135c73fea,BFAEYCBMXNQQJ89Y,Shikon SKO42 BMI Personal Weighing Scale Body Fat Analyzer,http://www.flipkart.com/shikon-sko42-bmi-personal-weighing-scale-body-fat-analyzer/p/itmeycbmvd8q7vsw?pid=BFAEYCBMXNQQJ89Y,2015-12-01 06:13:00+00:00,Beauty and Personal Care,Unknown,2490.0,2000.0,,True,True,19.67871485943775,709,299.0,479.0,29.0,749.0,8.45,High
23704dd51c975e845c574b044aae0a9f,BFAD3ZJYYCXDAVGH,Equinox EB-EQ 33 Body Fat Analyzer,http://www.flipkart.com/equinox-eb-eq-33-body-fat-analyzer/p/itmdsqhjmfhzhmug?pid=BFAD3ZJYYCXDAVGH,2015-12-01 06:13:00+00:00,Beauty and Personal Care,Unknown,4440.0,1999.0,3.6,True,True,54.97747747747748,709,299.0,479.0,29.0,749.0,8.444444444444445,High
28dc7679277a1f7156ad70c92e7dc862,BLUEJQRHM9VA48GF,The balm Blush,http://www.flipkart.com/the-balm-blush/p/itmejqrh4jmfy8kg?pid=BLUEJQRHM9VA48GF,2016-06-17 14:13:36+00:00,Beauty and Personal Care,The balm,2299.0,1999.0,,True,True,13.049151805132666,709,299.0,479.0,29.0,749.0,8.444444444444445,High
94b63da95ab1c0f101260330377689f1,VANEG47EKAQE3CQT,Krg Enterprises Denesigr Makeup Box Vanity Multi Purpose,http://www.flipkart.com/krg-enterprises-denesigr-makeup-box-vanity-multi-purpose/p/itmeg47ehg3qaqbt?pid=VANEG47EKAQE3CQT,2016-04-29 14:51:39+00:00,Beauty and Personal Care,Krg Enterprises,4499.0,1999.0,,True,True,55.567903978661924,709,299.0,479.0,29.0,749.0,8.444444444444445,High
15513b40d845452af800cd1c41799e70,VANE5BVUBG3XTYWQ,Artist Haat Handcrafted Marble With Floral Design7 Inlay Grill Work Jewellery Vanity Box,http://www.flipkart.com/artist-haat-handcrafted-marble-floral-design7-inlay-grill-work-jewellery-vanity-box/p/itme5bvuxsnjqkxk?pid=VANE5BVUBG3XTYWQ,2016-01-04 00:20:04+00:00,Beauty and Personal Care,Unknown,2500.0,1998.0,,True,True,20.08,709,299.0,479.0,29.0,749.0,8.438888888888888,High
4f3610da7296e9592b90d2d13bf7a0b8,STIE67GJUZVM3ZR4,Hoopoe Decor Small Wall Sticker,http://www.flipkart.com/hoopoe-decor-small-wall-sticker/p/itme67gjcvpmkj3h?pid=STIE67GJUZVM3ZR4,2015-12-29 05:07:38+00:00,Home Decor & Festive Needs,Hoopoe Decor,10799.0,8099.0,,True,True,25.002315029169367,927,426.5,1250.0,0.0,2485.25,8.316939890710383,High
5510f63b552eba51de803852dd1f8d34,AFGEFJSDRYS9ETH2,Eaglemoss Publications Dc Superhero Chess & Magazine 54 Ocean Master Black Pawn,http://www.flipkart.com/eaglemoss-publications-dc-superhero-chess-magazine-54-ocean-master-black-pawn/p/itmefjsdkbtvqwn7?pid=AFGEFJSDRYS9ETH2,2016-03-03 06:06:42+00:00,Toys & School Supplies,Eaglemoss Publications,4262.0,3622.0,,True,True,15.016424213984045,329,179.0,550.0,0.0,1106.5,8.280323450134771,High
74a2999e4bc0d85041cfbc9b4d7280f0,GWNEDURHSSJNEGEU,Leo n Babes A-line,http://www.flipkart.com/leo-n-babes-a-line/p/itmedurma8bkrczz?pid=GWNEDURHSSJNEGEU,2016-06-12 21:55:11+00:00,Clothing,Leo n Babes,4315.0,4315.0,,True,True,0.0,6171,374.0,799.0,0.0,1436.5,8.272941176470589,High
2e147ae9af0687c2f3e42cefd1c4470c,RNGDWKZHDVFQTDYV,Nishtaa Yellow Gold 22 K Ring,http://www.flipkart.com/nishtaa-yellow-gold-22-k-ring/p/itmdwkzhewvbhw4z?pid=RNGDWKZHDVFQTDYV,2016-01-06 18:20:45+00:00,Jewellery,Nishtaa,7810.0,7420.0,5.0,True,True,4.99359795134443,3522,310.0,1076.75,0.0,2226.875,8.272905119008803,High
ac98399133585dd819644414120bd6cd,RNGEYFH7FFZBBHCB,WearYourShine by PCJ The Nitza Diamond Gold Diamond Yellow Gold 18 K Ring,http://www.flipkart.com/wearyourshine-pcj-nitza-diamond-gold-yellow-18-k-ring/p/itmeyfh6a9jdjz9q?pid=RNGEYFH7FFZBBHCB,2016-01-07 00:54:41+00:00,Jewellery,WearYourShine by PCJ,7403.0,7403.0,1.0,True,True,0.0,3522,310.0,1076.75,0.0,2226.875,8.250733615911313,High
27a32ee07be61e165d05f1be26cc6229,BLAEAWAAYNB3BKZV,Raymond Abstract Double Blanket Green,http://www.flipkart.com/raymond-abstract-double-blanket-green/p/itmeawaaeszahjgk?pid=BLAEAWAAYNB3BKZV,2015-12-12 11:46:53+00:00,Home Furnishing,Raymond,7999.0,7999.0,,True,True,0.0,700,523.0,1332.0,0.0,2545.5,8.241038318912237,High
bbfedd5a5c816a49ce1eeec5e8b19752,BAREGAHW4DESS2FS,YOA Premium Synthetic Kabuki Makeup Brush Set,http://www.flipkart.com/yoa-premium-synthetic-kabuki-makeup-brush-set/p/itmegahwqmhtu9cj?pid=BAREGAHW4DESS2FS,2016-04-11 14:23:21+00:00,Beauty and Personal Care,YOA,3583.0,1962.0,,True,True,45.24141780630757,709,299.0,479.0,29.0,749.0,8.238888888888889,High
d3417dd994248fb1c332d4f29c669175,SHTEJWHZKQGRNFG7,Calvin Klein Men's Solid Casual White Shirt,http://www.flipkart.com/calvin-klein-men-s-solid-casual-white-shirt/p/itmejwhzjkspgeeu?pid=SHTEJWHZKQGRNFG7,2016-06-23 15:59:14+00:00,Clothing,Calvin Klein,4299.0,4299.0,,True,True,0.0,6171,374.0,799.0,0.0,1436.5,8.235294117647058,High
ba24af22e8c2da15608aab5e121073f5,RNGEYFH7K2DUKUMB,WearYourShine by PCJ The Ramizah Diamond Gold Diamond Yellow Gold 18 K Ring,http://www.flipkart.com/wearyourshine-pcj-ramizah-diamond-gold-yellow-18-k-ring/p/itmeyfh6cbfegqjp?pid=RNGEYFH7K2DUKUMB,2016-01-07 00:54:41+00:00,Jewellery,WearYourShine by PCJ,7390.0,7390.0,,True,True,0.0,3522,310.0,1076.75,0.0,2226.875,8.233778937072058,High
91a8607de972b452d3c3e7933c7b4906,PSREFBQM8V7GVCGX,Intel 3.2 GHz LGA 1150 i5-4460 (BX80646I54460) Processor,http://www.flipkart.com/intel-3-2-ghz-lga-1150-i5-4460-bx80646i54460-processor/p/itmefbqmfr7n6her?pid=PSREFBQM8V7GVCGX,2015-12-01 06:13:00+00:00,Computers,Intel,18000.0,15485.0,3.3,True,True,13.972222222222221,573,350.0,1995.0,0.0,4462.5,8.200607902735563,High
a51b2c34b3d5a6e5d0591ee6e0b4d335,DREEJFHXWZDFYBGH,Jacadi Paris Baby Girl's Gathered Dark Blue Dress,http://www.flipkart.com/jacadi-paris-baby-girl-s-gathered-dark-blue-dress/p/itmejfhxedg8y6e3?pid=DREEJFHXWZDFYBGH,2016-06-07 14:06:00+00:00,Baby Care,Jacadi Paris,5099.0,5099.0,,True,True,0.0,481,499.0,999.0,0.0,1749.0,8.2,High
34d9024af7870fbce9b704694b4fe906,HRCEHF2CFBSKR9RD,Clairol Nice N Easy 2.5 Hair Color,http://www.flipkart.com/clairol-nice-n-easy-2-5-hair-color/p/itmehf2ccz8q6qy5?pid=HRCEHF2CFBSKR9RD,2016-03-22 19:59:16+00:00,Beauty and Personal Care,Clairol,1954.0,1954.0,,True,True,0.0,709,299.0,479.0,29.0,749.0,8.194444444444445,High
522cc294663f3cf4bf1774d060ef949e,SHOE9UDJKNVSDH72,Roxy Boots,http://www.flipkart.com/roxy-boots/p/itme9udkeqb5gtre?pid=SHOE9UDJKNVSDH72,2015-12-04 07:25:36+00:00,Footwear,Unknown,19995.0,9997.0,,True,True,50.00250062515629,1225,499.0,1540.0,0.0,3101.5,8.12391930835735,High
dc46eca017f4190b3bd4a67bf7b6a5e7,CATEGGZBHAN7EKHN,Only Women's Double Breasted,http://www.flipkart.com/only-women-s-double-breasted/p/itmeggzbybfygv5b?pid=CATEGGZBHAN7EKHN,2016-03-09 03:59:36+00:00,Clothing,Only,4995.0,4245.0,,True,True,15.015015015015015,6171,374.0,799.0,0.0,1436.5,8.108235294117646,High
ceb354d23c3159c7c520c4b82bd2844b,RNGEA8Z5PHCTUKFF,His & Her Gold Diamond 18K Yellow Gold 18 K Ring,http://www.flipkart.com/his-her-gold-diamond-18k-yellow-18-k-ring/p/itmea8z5ypg4ntsf?pid=RNGEA8Z5PHCTUKFF,2016-01-07 00:54:41+00:00,Jewellery,His & Her,10386.0,7271.0,,True,True,29.992297323319853,3522,310.0,1076.75,0.0,2226.875,8.078578415389632,High
266090042dad587745c0e9a1b4e3baf4,RTRDPEUPQRZGWHGC,Linksys EA6700 Dual Band N450+AC1300 HD Video Pro,http://www.flipkart.com/linksys-ea6700-dual-band-n450-ac1300-hd-video-pro/p/itmdpeuppvzgq8zz?pid=RTRDPEUPQRZGWHGC,2015-12-01 06:13:00+00:00,Computers,Linksys,21999.0,15200.0,5.0,True,True,30.90595027046684,573,350.0,1995.0,0.0,4462.5,8.027355623100304,High
7d43264faf838a9b9513f8de4b3b8f0d,AFGEFM64Z5PHJHYR,"Tom and Jerry 9 Piece Play Set with 9 Tom, Jerry, and Spike Figures",http://www.flipkart.com/tom-jerry-9-piece-play-set-tom-jerry-spike-figures/p/itmefm64v3gczr9j?pid=AFGEFM64Z5PHJHYR,2016-03-03 06:06:42+00:00,Toys & School Supplies,Tom and Jerry,4141.0,3519.0,,True,True,15.02052644288819,329,179.0,550.0,0.0,1106.5,8.002695417789758,High
4c464a763de0a90524f9305a01f6e387,RNGE8Z3KPNB93ARN,WearYourShine by PCJ The Xaria Gold Diamond 18 K Ring,http://www.flipkart.com/wearyourshine-pcj-xaria-gold-diamond-18-k-ring/p/itme8z3kggfhrzf4?pid=RNGE8Z3KPNB93ARN,2016-01-07 00:54:41+00:00,Jewellery,WearYourShine by PCJ,7193.0,7193.0,,True,True,0.0,3522,310.0,1076.75,0.0,2226.875,7.9768503423540915,High
61522a6599f0d18d5aa94740c6aeedca,AFGEFM63KZJ577GG,Moulin Roty Les Petittes Merveilles Nighttime Shadows Castle / 9,http://www.flipkart.com/moulin-roty-les-petittes-merveilles-nighttime-shadows-castle-9/p/itmefm64d9zrxcxp?pid=AFGEFM63KZJ577GG,2016-03-03 06:06:42+00:00,Toys & School Supplies,Moulin Roty,4122.0,3503.0,,True,True,15.016982047549734,329,179.0,550.0,0.0,1106.5,7.959568733153639,High
9363fbb4e82d3bf7c56604122f2abeb4,AFGEFJSGM4ZDHS3W,Eaglemoss Publications Dc Superhero Chess & Magazine 55 Doomsday Black Rook,http://www.flipkart.com/eaglemoss-publications-dc-superhero-chess-magazine-55-doomsday-black-rook/p/itmefjsghtkjmydg?pid=AFGEFJSGM4ZDHS3W,2016-03-03 06:06:42+00:00,Toys & School Supplies,Eaglemoss Publications,4118.0,3500.0,,True,True,15.007285089849441,329,179.0,550.0,0.0,1106.5,7.951482479784366,High
f8aa59c4a170e8a90ae832b173b2b2d9,POXEHPSHDKBCTWCF,NAMS 06 Fully Automatic Pulse Oximeter,http://www.flipkart.com/nams-06-fully-automatic-pulse-oximeter/p/itmehpsmqcwqtxtv?pid=POXEHPSHDKBCTWCF,2016-04-19 09:52:52+00:00,Beauty and Personal Care,NAMS,3000.0,1899.0,,True,True,36.7,709,299.0,479.0,29.0,749.0,7.888888888888889,High
4b0624908d756f2e01a7026140013e02,BLAEAWAAXCRZAKZH,Raymond Abstract Single Blanket Purple,http://www.flipkart.com/raymond-abstract-single-blanket-purple/p/itmeawaaqqdteawd?pid=BLAEAWAAXCRZAKZH,2015-12-12 11:46:53+00:00,Home Furnishing,Raymond,7699.0,7699.0,,True,True,0.0,700,523.0,1332.0,0.0,2545.5,7.870210135970334,High
31cfd3fb40b37dfbbe2634128a369440,STCEGDYGEY3JCWHE,American Club ExclusiveTrolleyBag4DT Expandable  Check-in Luggage - 28,http://www.flipkart.com/american-club-exclusivetrolleybag4dt-expandable-check-in-luggage-28/p/itmegdygbgu9w6hc?pid=STCEGDYGEY3JCWHE,2016-03-03 06:06:42+00:00,"Bags, Wallets & Belts",American Club,14500.0,6583.0,,True,True,54.6,264,399.0,1099.0,0.0,2149.0,7.8342857142857145,High
ae28d6dacbbd20460d48b00c984b1fdb,STCEGDYGHCFMR5HB,American Club ExclusiveTrolleyBag1AW Expandable  Check-in Luggage - 28,http://www.flipkart.com/american-club-exclusivetrolleybag1aw-expandable-check-in-luggage-28/p/itmegdygnfrqhfqt?pid=STCEGDYGHCFMR5HB,2016-03-03 06:06:42+00:00,"Bags, Wallets & Belts",American Club,14500.0,6583.0,,True,True,54.6,264,399.0,1099.0,0.0,2149.0,7.8342857142857145,High
32bd75e9a44d76b2793169598f9ffc81,SHIEFZ2GJGAHATFG,Redbag Standing Beauty Sculpture BS0240 Showpiece  -  43.18 cm,http://www.flipkart.com/redbag-standing-beauty-sculpture-bs0240-showpiece-43-18-cm/p/itmefz2hg6vsgykd?pid=SHIEFZ2GJGAHATFG,2015-12-01 12:40:44+00:00,Home Decor & Festive Needs,Redbag,7680.0,7680.0,,True,True,0.0,927,426.5,1250.0,0.0,2485.25,7.8081360048573165,High
db83b9237eec0f076ced054c74877719,AFGEFM633J32DSZG,Calico Critters Cottontail Rabbit Twins,http://www.flipkart.com/calico-critters-cottontail-rabbit-twins/p/itmefm63tjwj96hc?pid=AFGEFM633J32DSZG,2016-03-03 06:06:42+00:00,Toys & School Supplies,Calico Critters,4022.0,3418.0,,True,True,15.017404276479363,329,179.0,550.0,0.0,1106.5,7.730458221024259,High
71d441b2122136600f586de928a08dc8,JCKEGH3GXZA6FPVT,Change360° Full Sleeve Solid Women's Jacket,http://www.flipkart.com/change360-full-sleeve-solid-women-s-jacket/p/itmegh3ggsfufmsm?pid=JCKEGH3GXZA6FPVT,2016-05-26 12:20:35+00:00,Clothing,Change360°,4499.0,4049.0,,True,True,10.002222716159146,6171,374.0,799.0,0.0,1436.5,7.647058823529412,High
70e5e8830dcb9ae0f30c516f2db039e3,CWRE4ZUHAEQGSMGH,Black & Decker PW 1300 Electric Pressure Washer,http://www.flipkart.com/black-decker-pw-1300-electric-pressure-washer/p/itme4zuhpthehjhf?pid=CWRE4ZUHAEQGSMGH,2015-12-29 05:07:38+00:00,Automotive,Black & Decker,9990.0,9990.0,,True,True,0.0,1010,499.0,1599.0,0.0,3249.0,7.628181818181818,High
d10ce77fbadd56dc697441b74986556e,BLAEAWAAKYGNVWPC,Raymond Abstract Double Blanket Brown,http://www.flipkart.com/raymond-abstract-double-blanket-brown/p/itmeawaagvgxzxwk?pid=BLAEAWAAKYGNVWPC,2015-12-12 11:46:53+00:00,Home Furnishing,Raymond,7499.0,7499.0,,True,True,0.0,700,523.0,1332.0,0.0,2545.5,7.622991347342398,High
5da3b6e3696858c6af34534da67547bd,SHIE7BZ9CHKNXZJU,Marwar Antique Graham Bell Telephone with Dial Showpiece  -  30 cm,http://www.flipkart.com/marwar-antique-graham-bell-telephone-dial-showpiece-30-cm/p/itme7bz94gekzt3m?pid=SHIE7BZ9CHKNXZJU,2015-12-01 12:40:44+00:00,Home Decor & Festive Needs,Marwar,9999.0,7499.0,,True,True,25.002500250025,927,426.5,1250.0,0.0,2485.25,7.5883424408014575,High
ac2116c12271d6435283fc111fc51473,ACCEGXK4F5AQPYUD,Polaroid .43X Hd Wide Angle Lens 52Mm  Lens,http://www.flipkart.com/polaroid-43x-hd-wide-angle-lens-52mm/p/itmegxk4tghfqcw3?pid=ACCEGXK4F5AQPYUD,2016-04-15 20:20:45+00:00,Cameras & Accessories,Polaroid,8285.0,7574.0,,True,True,8.581774290887145,72,674.0,1480.0,0.0,2689.0,7.560794044665013,High
59b3919cfde1c177c6ee1dae6c9f07e2,ETYEFZ5YHWHZ8XAK,GEMKOLABWELL G-S-725-14,http://www.flipkart.com/gemkolabwell-g-s-725-14/p/itmefz5yespn7tds?pid=ETYEFZ5YHWHZ8XAK,2016-02-24 02:50:54+00:00,Toys & School Supplies,GEMKOLABWELL,6590.0,3345.0,,True,True,49.241274658573595,329,179.0,550.0,0.0,1106.5,7.533692722371968,High
5ca8b4ef6a300027fd8a336b5b28a117,JCKEBMZ8EH7XAD6D,Mr Button Full Sleeve Solid Men's Linen Jacket,http://www.flipkart.com/mr-button-full-sleeve-solid-men-s-linen-jacket/p/itmebmz8qxx9x7tj?pid=JCKEBMZ8EH7XAD6D,2016-01-07 00:54:41+00:00,Clothing,Unknown,4999.0,3999.0,,True,True,20.004000800160032,6171,374.0,799.0,0.0,1436.5,7.529411764705882,High
cf2e4067dd2ee3ef27e01567b0c9de1b,TSHEBGC3SBJM3AQN,Reebok Printed Women's Round Neck T-Shirt,http://www.flipkart.com/reebok-printed-women-s-round-neck-t-shirt/p/itmebgc37zcwewha?pid=TSHEBGC3SBJM3AQN,2016-01-07 00:54:41+00:00,Clothing,Unknown,3999.0,3999.0,,True,True,0.0,6171,374.0,799.0,0.0,1436.5,7.529411764705882,High
d5a7607d2d762fbec2424b95711763ae,HRCEHF2CDHYWPFVN,Clairol Perfect 10 By Nice N Easy  Hair Color,http://www.flipkart.com/clairol-perfect-10-nice-n-easy-hair-color/p/itmehf2cduyszadh?pid=HRCEHF2CDHYWPFVN,2016-03-22 19:59:16+00:00,Beauty and Personal Care,Clairol,1900.0,1832.0,,True,True,3.5789473684210527,709,299.0,479.0,29.0,749.0,7.516666666666667,High
06b8da0c6a24b91c8020f8b1c78d04c3,CPGEGUDZKSTV74GH,FURNISHINGLAND Maroon Silk Carpet,http://www.flipkart.com/furnishingland-maroon-silk-carpet/p/itmegudzftxxgqeh?pid=CPGEGUDZKSTV74GH,2016-03-18 08:01:41+00:00,Home Furnishing,FURNISHINGLAND,14798.0,7399.0,,True,True,50.0,700,523.0,1332.0,0.0,2545.5,7.49938195302843,High
115a0da7b965f56f1564953518537792,CPGEGUDZWEGMZ9DZ,FURNISHINGLAND Orange Silk Carpet,http://www.flipkart.com/furnishingland-orange-silk-carpet/p/itmegudzcmunajkf?pid=CPGEGUDZWEGMZ9DZ,2016-03-18 08:01:41+00:00,Home Furnishing,FURNISHINGLAND,14798.0,7399.0,,True,True,50.0,700,523.0,1332.0,0.0,2545.5,7.49938195302843,High
cf6a4daf0e795838061b0eb832bbc99d,CPGEGUDZHD4N67JU,FURNISHINGLAND Green Silk Carpet,http://www.flipkart.com/furnishingland-green-silk-carpet/p/itmegudzsxvuqyqn?pid=CPGEGUDZHD4N67JU,2016-03-18 08:01:41+00:00,Home Furnishing,FURNISHINGLAND,14798.0,7399.0,,True,True,50.0,700,523.0,1332.0,0.0,2545.5,7.49938195302843,High
51ed47da1fa24924fcbebacbc956a3da,FABEJKJ2UAWA3JXC,"Shonaya Georgette, Crepe Embroidered Semi-stitched Gown",http://www.flipkart.com/shonaya-georgette-crepe-embroidered-semi-stitched-gown/p/itmejkj2ysnzbhdp?pid=FABEJKJ2UAWA3JXC,2016-06-15 08:34:34+00:00,Clothing,Shonaya,15940.0,3985.0,,True,True,75.0,6171,374.0,799.0,0.0,1436.5,7.496470588235294,High
5599405561a65b267e616d579b818ec3,RNGDWKZNWESHKECP,Nishtaa Yellow Gold 22 K Ring,http://www.flipkart.com/nishtaa-yellow-gold-22-k-ring/p/itmdwkzn4sft7tew?pid=RNGDWKZNWESHKECP,2016-01-06 18:20:45+00:00,Jewellery,Nishtaa,7180.0,6821.0,,True,True,5.0,3522,310.0,1076.75,0.0,2226.875,7.491685686338442,High
9de6c1211732a409a0b889095077e089,RNGEAXGWCT4VVTWR,G-Luck Gomed Stone Weight - 12.3 Carat / 14.47 Ratti Silver Garnet Ring,http://www.flipkart.com/g-luck-gomed-stone-weight-12-3-carat-14-47-ratti-silver-garnet-ring/p/itmeaxgwgqbyuhq7?pid=RNGEAXGWCT4VVTWR,2016-01-06 18:20:45+00:00,Jewellery,G-Luck,7820.0,6800.0,,True,True,13.043478260869565,3522,310.0,1076.75,0.0,2226.875,7.464297358982719,High
1296149ed4dc726df759d7ac7243a40e,ETHEGBVZX6WHXAK6,"Lajo Women's Kurta, Pyjama & Dupatta Set",http://www.flipkart.com/lajo-women-s-kurta-pyjama-dupatta-set/p/itmegbvzqpdcweyp?pid=ETHEGBVZX6WHXAK6,2016-03-03 06:06:42+00:00,Clothing,Lajo,5500.0,3964.0,,True,True,27.927272727272726,6171,374.0,799.0,0.0,1436.5,7.447058823529412,High
70ecc69158742da9495afccde852e25f,BBAE4NS6DPU8GUQ5,Love Bright Jewelry Sterling Silver Enamel Bracelet,http://www.flipkart.com/love-bright-jewelry-sterling-silver-enamel-bracelet/p/itme4ns6zve9brds?pid=BBAE4NS6DPU8GUQ5,2015-12-20 08:26:17+00:00,Jewellery,Love Bright Jewelry,14077.0,6781.0,,True,True,51.82922497691269,3522,310.0,1076.75,0.0,2226.875,7.439517443756113,High
86181384864fa5b0e49cec3e89c8ddde,BBADWKPTGZNYYXGP,Love Bright Jewelry Sterling Silver Bracelet,http://www.flipkart.com/love-bright-jewelry-sterling-silver-bracelet/p/itmdwkptshg8ahmt?pid=BBADWKPTGZNYYXGP,2015-12-20 08:26:17+00:00,Jewellery,Love Bright Jewelry,15138.0,6781.0,,True,True,55.205443255383805,3522,310.0,1076.75,0.0,2226.875,7.439517443756113,High
c9f7c5972fa5be820149302bcf1c222b,BBAE4NS6QEDG9FDV,Love Bright Jewelry Sterling Silver Rose Gold Bracelet,http://www.flipkart.com/love-bright-jewelry-sterling-silver-rose-gold-bracelet/p/itme4ns6jqbcfpwa?pid=BBAE4NS6QEDG9FDV,2015-12-20 08:26:17+00:00,Jewellery,Love Bright Jewelry,14077.0,6781.0,,True,True,51.82922497691269,3522,310.0,1076.75,0.0,2226.875,7.439517443756113,High
2f00c8e4b5c02fbec5839b913eeb8eba,RTREFR77EH5G8AH4,Netgear AC2350 Nighthawk X4 Smart WiFi Router (R7500),http://www.flipkart.com/netgear-ac2350-nighthawk-x4-smart-wifi-router-r7500/p/itmefr78phq3zgzw?pid=RTREFR77EH5G8AH4,2015-12-01 06:13:00+00:00,Computers,Netgear,24040.0,14200.0,4.4,True,True,40.93178036605657,573,350.0,1995.0,0.0,4462.5,7.419452887537994,High
4976ac37140f4224981c12c7851af4e4,RTRDNHMRFZTR3ZPZ,Apple ME918HN/A,http://www.flipkart.com/apple-me918hn-a/p/itmdnhmsakxhmhjq?pid=RTRDNHMRFZTR3ZPZ,2015-12-01 06:13:00+00:00,Computers,Apple,14200.0,14200.0,4.7,True,True,0.0,573,350.0,1995.0,0.0,4462.5,7.419452887537994,High
6f053e4c78c6057d616e66ae6cc9222d,RCTEE9GGHDFFWEF9,Taaza Garam 6 Axis Seeker 2.4GHZ Remote Control Drone,http://www.flipkart.com/taaza-garam-6-axis-seeker-2-4ghz-remote-control-drone/p/itmee9ggby8mv26k?pid=RCTEE9GGHDFFWEF9,2016-01-01 13:15:34+00:00,Toys & School Supplies,Unknown,3799.0,3299.0,5.0,True,True,13.161358252171624,329,179.0,550.0,0.0,1106.5,7.409703504043127,High
479142b376811cd017183473fd8a18f1,PRCEA7HFDBNGFFM4,Varun 10 L Pressure Cooker,http://www.flipkart.com/varun-10-l-pressure-cooker/p/itmea7hfby9bm9fk?pid=PRCEA7HFDBNGFFM4,2015-12-03 21:49:05+00:00,Kitchen & Dining,Varun,3595.0,3399.0,,True,True,5.45201668984701,645,199.0,582.0,0.0,1156.5,7.35509138381201,High
be1bb7c6623017de3c2ecbe86af4d0e0,LPBEG2N9ZHAHZ6HY,Lady Diana Collection Lip Balm for Dry Lips Straberry,http://www.flipkart.com/lady-diana-collection-lip-balm-dry-lips-straberry/p/itmeg2n9gsfvbfgk?pid=LPBEG2N9ZHAHZ6HY,2016-03-03 06:06:42+00:00,Beauty and Personal Care,Lady Diana,2500.0,1799.0,,True,True,28.04,709,299.0,479.0,29.0,749.0,7.333333333333333,High
dc1319bb52dde2a8442eea5482f6c7e3,BEOEGXRVKHSGJHMR,Allin Exporters Ginger Oil (Co2 Extract),http://www.flipkart.com/allin-exporters-ginger-oil-co2-extract/p/itmegxrvceuxsmjx?pid=BEOEGXRVKHSGJHMR,2016-04-16 13:01:18+00:00,Beauty and Personal Care,Allin Exporters,1799.0,1799.0,,True,True,0.0,709,299.0,479.0,29.0,749.0,7.333333333333333,High
1e4d1abf488f36b7f8a921fdf6f5203f,GOGEHYHYSYZARTWY,720 Armour Tack B318-8 Sports Goggles,http://www.flipkart.com/720-armour-tack-b318-8-sports-goggles/p/itmehyhyrjd7c9vg?pid=GOGEHYHYSYZARTWY,2016-04-23 02:17:20+00:00,Sports & Fitness,720 Armour,8490.0,8490.0,,True,True,0.0,166,417.5,1386.75,0.0,2840.625,7.328604591178746,High
ba6d5d2990764ccc0a1fb29ceb60f8c0,RTRECEYMHGP3JXFV,TP-LINK D9 AC1900,http://www.flipkart.com/tp-link-d9-ac1900/p/itmeceymt6ezcphg?pid=RTRECEYMHGP3JXFV,2015-12-01 06:13:00+00:00,Computers,TP-LINK,24999.0,13999.0,,True,True,44.00176007040282,573,350.0,1995.0,0.0,4462.5,7.29726443768997,High
15a5cdd2d5f8444455e388c85f7682b3,JCKEE8F6SYDX4HCY,Jogur Full Sleeve Solid Men's Jacket,http://www.flipkart.com/jogur-full-sleeve-solid-men-s-jacket/p/itmee8f6ydj2jgsf?pid=JCKEE8F6SYDX4HCY,2016-01-07 00:54:41+00:00,Clothing,Unknown,6499.0,3899.0,,True,True,40.006154793045084,6171,374.0,799.0,0.0,1436.5,7.294117647058823,High
1b1670cfc8849c6df6ac966b9ad2dfae,JEAECN2PS9UZRFXV,Reckler Slim Fit Men's Jeans,http://www.flipkart.com/reckler-slim-fit-men-s-jeans/p/itmecn2pwzhepv78?pid=JEAECN2PS9UZRFXV,2015-12-12 11:46:53+00:00,Clothing,Slim,8097.0,3899.0,,True,True,51.84636285043843,6171,374.0,799.0,0.0,1436.5,7.294117647058823,High
9da3bcc4013135674daacd5d5b827b56,JEAECN2PPHYYH9XF,Reckler Slim Fit Men's Jeans,http://www.flipkart.com/reckler-slim-fit-men-s-jeans/p/itmecn2ptyn7xkhk?pid=JEAECN2PPHYYH9XF,2015-12-12 11:46:53+00:00,Clothing,Slim,8097.0,3899.0,,True,True,51.84636285043843,6171,374.0,799.0,0.0,1436.5,7.294117647058823,High
de1abd558c361f49eb127845d1c5b941,JEAECN2QQX3JE2KS,Reckler Slim Fit Men's Jeans,http://www.flipkart.com/reckler-slim-fit-men-s-jeans/p/itmecn2phzymtbhf?pid=JEAECN2QQX3JE2KS,2015-12-12 11:46:53+00:00,Clothing,Slim,8097.0,3899.0,,True,True,51.84636285043843,6171,374.0,799.0,0.0,1436.5,7.294117647058823,High
d661f733faf2f88f56ad412b1d8089ac,JEAEB969SDQ5ZXUQ,Jack & Jones Slim Fit Men's Jeans,http://www.flipkart.com/jack-jones-slim-fit-men-s-jeans/p/itmeb96andrzkggq?pid=JEAEB969SDQ5ZXUQ,2015-12-12 11:46:53+00:00,Clothing,Slim,6495.0,3897.0,,True,True,40.0,6171,374.0,799.0,0.0,1436.5,7.289411764705882,High
574363d7296e527be00ac94a953f79a6,CBKEAHJXNHWVZUKE,Oxyglow Fruit Massage Cream With Vitamin-E & Kesar Fairness Glow Facial Kit,http://www.flipkart.com/oxyglow-fruit-massage-cream-vitamin-e-kesar-fairness-glow-facial-kit/p/itmeahjxcbbn2yxz?pid=CBKEAHJXNHWVZUKE,2015-12-12 11:46:53+00:00,Beauty and Personal Care,Unknown,2975.0,1785.0,,True,True,40.0,709,299.0,479.0,29.0,749.0,7.2555555555555555,High
8f88acfa19f9555045711099ca278ea6,RNGE4Z3DDZ3YAKSG,"Royal Diamond Jewellery Charisma Gold, Yellow Gold Diamond Yellow Gold 14 K Ring",http://www.flipkart.com/royal-diamond-jewellery-charisma-gold-yellow-gold-14-k-ring/p/itme4z3djtphvrmp?pid=RNGE4Z3DDZ3YAKSG,2016-01-07 00:54:41+00:00,Jewellery,Royal Diamond Jewellery,6900.0,6624.0,4.0,True,True,4.0,3522,310.0,1076.75,0.0,2226.875,7.234757091620476,High
feda6ab49988f9f0f4be43a365378ffd,RCTDWR8FFE5FCH5H,Silverlit Sky Dagger,http://www.flipkart.com/silverlit-sky-dagger/p/itmdwr8fzjrgshpb?pid=RCTDWR8FFE5FCH5H,2016-01-01 19:37:22+00:00,Toys & School Supplies,Unknown,3230.0,3230.0,3.0,True,True,0.0,329,179.0,550.0,0.0,1106.5,7.223719676549865,High
64d8230b5362a9af558ba05cfb20943d,SHIE9J6P8QHDZWXF,Lal Haveli Antique Indian Home Decor Handmade Painted Pair of Wooden Sculpture / Statue of Door Keeper Showpiece  -  76.2 cm,http://www.flipkart.com/lal-haveli-antique-indian-home-decor-handmade-painted-pair-wooden-sculpture-statue-door-keeper-showpiece-76-2-cm/p/itme9j6pq2nafe5g?pid=SHIE9J6P8QHDZWXF,2015-12-01 12:40:44+00:00,Home Decor & Festive Needs,Lal Haveli,9400.0,7049.0,,True,True,25.01063829787234,927,426.5,1250.0,0.0,2485.25,7.041894353369763,High
68ec948becf54d22b95830adb3e46e7b,TNREFBYF3NYEWX5R,ORIFLAME SWEDEN Oriflame Ecollagen (3D+) Revitalising Anti-Ageing Toner-20273,http://www.flipkart.com/oriflame-sweden-ecollagen-3d-revitalising-anti-ageing-toner-20273/p/itmefbfekykxtdwz?pid=TNREFBYF3NYEWX5R,2016-04-16 13:01:18+00:00,Beauty and Personal Care,ORIFLAME SWEDEN,1999.0,1745.0,,True,True,12.706353176588294,709,299.0,479.0,29.0,749.0,7.033333333333333,High
788ded58b0f32acfe9c1f57ce2878c8f,BZREHKG2FRA8BS3X,Romano Checkered Single Breasted Formal Men's Blazer,http://www.flipkart.com/romano-checkered-single-breasted-formal-men-s-blazer/p/itmehkg2uywvsmrn?pid=BZREHKG2FRA8BS3X,2016-04-11 03:32:26+00:00,Clothing,Romano,3775.0,3775.0,,True,True,0.0,6171,374.0,799.0,0.0,1436.5,7.00235294117647,High
cf717fdb88e340349a555bb681c3dfae,BZREHKG23PKHXCNC,Romano Solid Single Breasted Formal Men's Blazer,http://www.flipkart.com/romano-solid-single-breasted-formal-men-s-blazer/p/itmehkg2gn9zp7yg?pid=BZREHKG23PKHXCNC,2016-04-11 03:32:26+00:00,Clothing,Romano,3775.0,3775.0,,True,True,0.0,6171,374.0,799.0,0.0,1436.5,7.00235294117647,High
b9bd43061b7f526c27d5f92815a1ca7f,AFGEFM63VZFAQXCV,Safari Ltd. Designer TOOBS Days of Old,http://www.flipkart.com/safari-ltd-designer-toobs-days-old/p/itmefm63e8cefyzp?pid=AFGEFM63VZFAQXCV,2016-03-03 06:06:42+00:00,Toys & School Supplies,Safari Ltd.,3700.0,3145.0,,True,True,15.0,329,179.0,550.0,0.0,1106.5,6.994609164420485,High
64b463dc0b75ae40a848498c657041e6,RTRDZTF9DBT4CW8U,Linksys Smart Wi-Fi Router,http://www.flipkart.com/linksys-smart-wi-fi-router/p/itmdztfckpushzkd?pid=RTRDZTF9DBT4CW8U,2015-12-01 06:13:00+00:00,Computers,Linksys,14999.0,13500.0,,True,True,9.993999599973332,573,350.0,1995.0,0.0,4462.5,6.993920972644377,High
bf78344fda90d22617070d7e28d0d729,ACCEH8HCRKMVZBVF,Axcess replacement adapter for X-box One Gaming Adapter,http://www.flipkart.com/axcess-replacement-adapter-x-box-one-gaming/p/itmeh8hcbpqhqrnv?pid=ACCEH8HCRKMVZBVF,2016-04-02 19:26:28+00:00,Gaming,Axcess,9999.0,4499.0,,True,True,55.005500550055004,35,159.0,704.5,0.0,1522.75,6.956003666361137,High
0d21660b459034c836cb3eb59fecdae9,SNRE6RN4WM64VEVP,Thalgo Age Defence Sun Lotion - SPF 30 PA++,http://www.flipkart.com/thalgo-age-defence-sun-lotion-spf-30-pa/p/itme6rn45krjjygc?pid=SNRE6RN4WM64VEVP,2015-12-31 09:19:31+00:00,Beauty and Personal Care,Unknown,1730.0,1730.0,,True,True,0.0,709,299.0,479.0,29.0,749.0,6.95,High
29cdf5689181b2f86f2c480db525a263,RNGDWKZMMKGXBEB6,Nishtaa Yellow Gold 22 K Ring,http://www.flipkart.com/nishtaa-yellow-gold-22-k-ring/p/itmdwkzmq67euzk9?pid=RNGDWKZMMKGXBEB6,2016-01-06 18:20:45+00:00,Jewellery,Nishtaa,6740.0,6403.0,,True,True,5.0,3522,310.0,1076.75,0.0,2226.875,6.946527551353114,High
cb0afa31d9ca796908fde019cd64044d,RTRDRDPR9JHCSBGH,Asus RT-AC68U Dual-band Wireless-AC1900 Gigabit Router,http://www.flipkart.com/asus-rt-ac68u-dual-band-wireless-ac1900-gigabit-router/p/itmdrdpr7q935k2s?pid=RTRDRDPR9JHCSBGH,2015-12-01 06:13:00+00:00,Computers,Asus,25000.0,13390.0,4.3,True,True,46.44,573,350.0,1995.0,0.0,4462.5,6.927051671732523,High
55cd36887a7eb991955045ca64d1ed63,RCTEY6CMQFMUVZRJ,AdraxX AdraXx Mini Gyro Stabilized X-Drone Flyer,http://www.flipkart.com/adraxx-mini-gyro-stabilized-x-drone-flyer/p/itmey6cm9byaeb2h?pid=RCTEY6CMQFMUVZRJ,2016-01-01 19:37:22+00:00,Toys & School Supplies,Unknown,6499.0,3119.0,,True,True,52.00800123095861,329,179.0,550.0,0.0,1106.5,6.9245283018867925,High
be0e65c6d8c2cc8cb913b36aa4168cf0,SHIE9J6QKG4SD5WG,Lal Haveli Iron Wall Decorative Musician Showpiece  -  50.8 cm,http://www.flipkart.com/lal-haveli-iron-wall-decorative-musician-showpiece-50-8-cm/p/itme9j6qg5fyrvuv?pid=SHIE9J6QKG4SD5WG,2015-12-01 12:40:44+00:00,Home Decor & Festive Needs,Lal Haveli,9250.0,6949.0,,True,True,24.875675675675677,927,426.5,1250.0,0.0,2485.25,6.920461445051609,High
e1d3377b7d5dc174660e7681a7fa0e49,STCEGDYJZFW5Y2WV,Polo House USA ExclusiveTrolleyBag13MD Check-in Luggage - 28,http://www.flipkart.com/polo-house-usa-exclusivetrolleybag13md-check-in-luggage-28/p/itmegdyjyre3hzax?pid=STCEGDYJZFW5Y2WV,2016-03-03 06:06:42+00:00,"Bags, Wallets & Belts",Polo House USA,15999.0,5890.0,,True,True,63.18519907494218,264,399.0,1099.0,0.0,2149.0,6.844285714285714,High
4942e0a9c0527dc00319a39fc8f103e6,LLIEGTMFJBD7ZZZM,Giorgio Armani SMOOTH SILK LIP PENCIL 12,http://www.flipkart.com/giorgio-armani-smooth-silk-lip-pencil-12/p/itmegtmfgd874hyz?pid=LLIEGTMFJBD7ZZZM,2016-03-17 12:56:51+00:00,Beauty and Personal Care,Giorgio Armani,1800.0,1710.0,,True,True,5.0,709,299.0,479.0,29.0,749.0,6.838888888888889,High
1ed859b52a4bcb252599c1820eada139,BZREHKGFK8UGZFQK,Romano Checkered Single Breasted Formal Men's Blazer,http://www.flipkart.com/romano-checkered-single-breasted-formal-men-s-blazer/p/itmehkgf8kyzygzz?pid=BZREHKGFK8UGZFQK,2016-04-11 03:32:26+00:00,Clothing,Romano,3700.0,3700.0,,True,True,0.0,6171,374.0,799.0,0.0,1436.5,6.825882352941177,High
dfab5d6669493c0133603a6522f60d4e,PCSEA7HBHMUNHZRP,Martha Plant Container Set,http://www.flipkart.com/martha-plant-container-set/p/itmea7hbgxy8dvkr?pid=PCSEA7HBHMUNHZRP,2016-01-07 05:50:25+00:00,Tools & Hardware,Martha,6500.0,5250.0,5.0,True,True,19.23076923076923,387,375.0,999.0,0.0,1935.0,6.8125,High
7c41798b327b28eeb302d18fa076f216,PRCE3WRYGKBAZGR8,Ultra 8 L Pressure Cooker,http://www.flipkart.com/ultra-8-l-pressure-cooker/p/itme3wryezghhmnh?pid=PRCE3WRYGKBAZGR8,2015-12-03 21:49:05+00:00,Kitchen & Dining,Ultra,3390.0,3190.0,,True,True,5.899705014749262,645,199.0,582.0,0.0,1156.5,6.809399477806789,High
a9e7709fcc41c5280e351119bcd1db92,TLCEJ6F3UFGHG3AH,"Johnson's Baby Powder, Pure Cornstarch, Aloe & Vitamin E, 22 Ounce (Pack of 2)",http://www.flipkart.com/johnson-s-baby-powder-pure-cornstarch-aloe-vitamin-e-22-ounce-pack-2/p/itmej6f3uwvyb4q2?pid=TLCEJ6F3UFGHG3AH,2016-06-17 02:04:19+00:00,Baby Care,Johnson's Baby,5178.0,4401.0,,True,True,15.005793742757822,481,499.0,999.0,0.0,1749.0,6.804,High
4a9196ba1d3a1c41a6acc2fa12d68669,SUIEB772NQ8UHFWG,Maveric Pleasing Single Breasted Solid Men's Suit,http://www.flipkart.com/maveric-pleasing-single-breasted-solid-men-s-suit/p/itmeb772wzupddzn?pid=SUIEB772NQ8UHFWG,2016-02-25 07:09:32+00:00,Clothing,Maveric,4140.0,3690.0,,True,True,10.869565217391305,6171,374.0,799.0,0.0,1436.5,6.802352941176471,High
770b3db9cc475bd9565993976b43adc9,SARE3F6HTYNP7VGG,"Annapurna Silks Woven, Embroidered Kanjivaram Handloom Art Silk Sari",http://www.flipkart.com/annapurna-silks-woven-embroidered-kanjivaram-handloom-art-silk-sari/p/itme3f6h3msabnv8?pid=SARE3F6HTYNP7VGG,2015-12-12 11:46:53+00:00,Clothing,Unknown,5800.0,3690.0,,True,True,36.37931034482759,6171,374.0,799.0,0.0,1436.5,6.802352941176471,High
0b2591c1109ab90e7862cd29cbe07f87,VANEGPA7QRCS9YT7,Soulful Threads Yellow Thread Aari Embroidered Black Net Bangle Vanity Multi Purpose,http://www.flipkart.com/soulful-threads-yellow-thread-aari-embroidered-black-net-bangle-vanity-multi-purpose/p/itmegpa7yhmzfux3?pid=VANEGPA7QRCS9YT7,2016-03-12 14:25:06+00:00,Beauty and Personal Care,Soulful Threads,2125.0,1700.0,,True,True,20.0,709,299.0,479.0,29.0,749.0,6.783333333333333,High
afc829d45be38102afaa20f4bce2f627,VANEGPA7ZKGT2UUH,Soulful Threads Red Thread Aari Embroidered Black Net Clips Vanity Multi Purpose,http://www.flipkart.com/soulful-threads-red-thread-aari-embroidered-black-net-clips-vanity-multi-purpose/p/itmegpa7zjghagmh?pid=VANEGPA7ZKGT2UUH,2016-03-12 14:25:06+00:00,Beauty and Personal Care,Soulful Threads,21125.0,1700.0,,True,True,91.95266272189349,709,299.0,479.0,29.0,749.0,6.783333333333333,High
b8de9950c408ff62a7fbd11b25c0782c,FSEEJVNPNZHCXNNK,Ganga 1514 New Line Wall Mixer 3 In 1 System With Provision For Both Telephone Shower & Overhead Shower Faucet Set,http://www.flipkart.com/ganga-1514-new-line-wall-mixer-3-1-system-provision-both-telephone-shower-overhead-faucet-set/p/itmejvnpvnzrxewb?pid=FSEEJVNPNZHCXNNK,2016-06-24 16:03:26+00:00,Home Improvement,Ganga,5518.0,5242.0,,True,True,5.0018122508155125,79,150.0,804.5,0.0,1786.25,6.779984721161192,High
040c21dbda47c7e6308f3675fce08246,VANEF8CF3QKU8CQN,Goldencollections Marriage Jewellery Vanity Box,http://www.flipkart.com/goldencollections-marriage-jewellery-vanity-box/p/itmef8cfqz8xqbff?pid=VANEF8CF3QKU8CQN,2016-01-04 03:25:23+00:00,Beauty and Personal Care,Unknown,3060.0,1699.0,,True,True,44.47712418300654,709,299.0,479.0,29.0,749.0,6.777777777777778,High
d29e425f09b81e1752fbcbdcd3542d01,VANE8QE8BYPPWHUU,Essart 0074B Makeup and Jewellery Vanity Box,http://www.flipkart.com/essart-0074b-makeup-jewellery-vanity-box/p/itme8qe8cwaz5x9a?pid=VANE8QE8BYPPWHUU,2016-01-04 03:25:23+00:00,Beauty and Personal Care,Unknown,2199.0,1699.0,,True,True,22.737608003638016,709,299.0,479.0,29.0,749.0,6.777777777777778,High
2319add3d3c2a72ccd9ec9b6026b484e,STIEAE2Z2JKZHKNH,Hoopoe Decor Large Wall Sticker,http://www.flipkart.com/hoopoe-decor-large-wall-sticker/p/itmeae2zyffpemjf?pid=STIEAE2Z2JKZHKNH,2015-12-29 05:07:38+00:00,Home Decor & Festive Needs,Hoopoe Decor,8999.0,6799.0,,True,True,24.44716079564396,927,426.5,1250.0,0.0,2485.25,6.738312082574378,High
90895b5117d3fbb861ef73bd7ba3f305,SHIECQHNRRBCFBFG,MCB Exports Jheel Decorative Brass Surahi Showpiece  -  36 cm,http://www.flipkart.com/mcb-exports-jheel-decorative-brass-surahi-showpiece-36-cm/p/itmecqhngwymqzax?pid=SHIECQHNRRBCFBFG,2015-12-01 12:40:44+00:00,Home Decor & Festive Needs,MCB Exports,6799.0,6799.0,,True,True,0.0,927,426.5,1250.0,0.0,2485.25,6.738312082574378,High
f3d42484f98de19b06ad63bec6749833,BZREHKGY7CD5QEFT,Romano Solid Single Breasted Formal Men's Blazer,http://www.flipkart.com/romano-solid-single-breasted-formal-men-s-blazer/p/itmehkgy347hxzsm?pid=BZREHKGY7CD5QEFT,2016-04-11 03:32:26+00:00,Clothing,Romano,3600.0,3600.0,,True,True,0.0,6171,374.0,799.0,0.0,1436.5,6.590588235294118,High
3a2546675bc399953779e58d84d56650,SOFEE7ACBVAGKYUV,Durian Leather 2 Seater Sofa,http://www.flipkart.com/durian-leather-2-seater-sofa/p/itmee7achvpnagyk?pid=SOFEE7ACBVAGKYUV,2015-12-31 09:19:31+00:00,Furniture,Durian,250500.0,162825.0,,True,True,35.0,180,1299.0,22646.0,0.0,54666.5,6.5666838431629735,High
d1e18b4a3aafb0040da2111c8b8ce2e5,SHIE6G82KNDJUCAQ,Exotic India Vaishnava Symbols - Shankha And Chakra Showpiece  -  37 cm,http://www.flipkart.com/exotic-india-vaishnava-symbols-shankha-chakra-showpiece-37-cm/p/itme6g82q5muzhum?pid=SHIE6G82KNDJUCAQ,2016-01-04 00:20:04+00:00,Home Decor & Festive Needs,Exotic India,6875.0,6655.0,,True,True,3.2,927,426.5,1250.0,0.0,2485.25,6.563448694596236,High
397095d7b50f44ed182f9bf1f919194c,HTSEG6YUUKQYSBWT,"Surgical e Sstudio M0005 Gown, Pant Hospital Scrub",http://www.flipkart.com/surgical-e-sstudio-m0005-gown-pant-hospital-scrub/p/itmeg6yuasqmhshp?pid=HTSEG6YUUKQYSBWT,2016-03-03 06:06:42+00:00,Beauty and Personal Care,Surgical e Sstudio,2500.0,1650.0,,True,True,34.0,709,299.0,479.0,29.0,749.0,6.5055555555555555,High
7821fb1cbf8d3bb294c3c20527119f15,HTSEG6YUAFSNFG6M,"Surgical e Sstudio S0004 Gown, Pant Hospital Scrub",http://www.flipkart.com/surgical-e-sstudio-s0004-gown-pant-hospital-scrub/p/itmeg6yur3fwfbfs?pid=HTSEG6YUAFSNFG6M,2016-03-03 06:06:42+00:00,Beauty and Personal Care,Surgical e Sstudio,2500.0,1650.0,,True,True,34.0,709,299.0,479.0,29.0,749.0,6.5055555555555555,High
4addccae8daccee73d3283eec736b704,GOGEHYHHWSGGVY5D,720 Armour Hitman Asian Fit T948B2-18-H-P Sports Goggles,http://www.flipkart.com/720-armour-hitman-asian-fit-t948b2-18-h-p-sports-goggles/p/itmehyhh9zjzbbbr?pid=GOGEHYHHWSGGVY5D,2016-04-23 02:17:20+00:00,Sports & Fitness,720 Armour,7690.0,7690.0,,True,True,0.0,166,417.5,1386.75,0.0,2840.625,6.503224142378127,High
d24245498e43b38098bc7e8483643752,GOGEHYHYGRZFMC9D,720 Armour Hitman T948D1-3-P Sports Goggles,http://www.flipkart.com/720-armour-hitman-t948d1-3-p-sports-goggles/p/itmehyhyhdsg9u8k?pid=GOGEHYHYGRZFMC9D,2016-04-23 02:17:20+00:00,Sports & Fitness,720 Armour,7690.0,7690.0,,True,True,0.0,166,417.5,1386.75,0.0,2840.625,6.503224142378127,High
4c8eb5e8ce2725cf4784f44842c539fe,SHIEC8ATXGYEJ4GD,Rajo Raja Golden Buddha Artpiece Showpiece  -  44.5 cm,http://www.flipkart.com/rajo-raja-golden-buddha-artpiece-showpiece-44-5-cm/p/itmec8at9fyhayfy?pid=SHIEC8ATXGYEJ4GD,2015-12-01 12:40:44+00:00,Home Decor & Festive Needs,Rajo Raja,6599.0,6599.0,,True,True,0.0,927,426.5,1250.0,0.0,2485.25,6.495446265938069,High
3fbb3eee77894edf67a47f873fc13280,TMKEGWTM9RBGGFM4,Spin Master 1,http://www.flipkart.com/spin-master-1/p/itmegwtmsxk62udn?pid=TMKEGWTM9RBGGFM4,2016-03-22 19:59:16+00:00,Toys & School Supplies,Spin Master,3488.0,2959.0,,True,True,15.166284403669724,329,179.0,550.0,0.0,1106.5,6.493261455525606,High
815f09e6982a6b5900f30ebefb770e23,STCEGDYGGZZAZFVK,American Club ExclusiveTrolleyBag8HO Expandable  Check-in Luggage - 24,http://www.flipkart.com/american-club-exclusivetrolleybag8ho-expandable-check-in-luggage-24/p/itmegdygvwqmmkyd?pid=STCEGDYGGZZAZFVK,2016-03-03 06:06:42+00:00,"Bags, Wallets & Belts",American Club,12500.0,5643.0,,True,True,54.856,264,399.0,1099.0,0.0,2149.0,6.491428571428571,High
bd14dd59679d591eba6101144bfc0a04,STCEGDYJFPZYFGSZ,American Club ExclusiveTrolleyBag11KH Expandable  Check-in Luggage - 24,http://www.flipkart.com/american-club-exclusivetrolleybag11kh-expandable-check-in-luggage-24/p/itmegdyjhyggggag?pid=STCEGDYJFPZYFGSZ,2016-03-03 06:06:42+00:00,"Bags, Wallets & Belts",American Club,12500.0,5643.0,,True,True,54.856,264,399.0,1099.0,0.0,2149.0,6.491428571428571,High
f7ad053961d7119ddbc903723dfac021,STCEGDYG8WAQCF3V,American Club ExclusiveTrolleyBag2BE Expandable  Check-in Luggage - 24,http://www.flipkart.com/american-club-exclusivetrolleybag2be-expandable-check-in-luggage-24/p/itmegdygjh4khtyj?pid=STCEGDYG8WAQCF3V,2016-03-03 06:06:42+00:00,"Bags, Wallets & Belts",American Club,12500.0,5643.0,,True,True,54.856,264,399.0,1099.0,0.0,2149.0,6.491428571428571,High
05b6bcade339537d34f62b2dd6c3b4cb,BBAEFG3B7FV7JBNZ,YugshaJewels Silver Ruby Rhodium Bracelet,http://www.flipkart.com/yugshajewels-silver-ruby-rhodium-bracelet/p/itmefg3bzbhzkfbn?pid=BBAEFG3B7FV7JBNZ,2015-12-20 08:26:17+00:00,Jewellery,YugshaJewels,14000.0,5999.0,,True,True,57.15,3522,310.0,1076.75,0.0,2226.875,6.419628301271601,High
e46be818c560189174653e1d9bd4fb00,RNGEB98WFFRHH9RY,"Vivre Jewels Silver Sapphire, Cubic Zirconia Ring",http://www.flipkart.com/vivre-jewels-silver-sapphire-cubic-zirconia-ring/p/itmeb98wzkzsezq9?pid=RNGEB98WFFRHH9RY,2016-01-07 00:54:41+00:00,Jewellery,Vivre Jewels,11998.0,5999.0,,True,True,50.0,3522,310.0,1076.75,0.0,2226.875,6.419628301271601,High
0c4e7646251e7646e152cca7f614ed36,RTRDFFYGTZUBKJTS,Belkin Play Max Modem Router,http://www.flipkart.com/belkin-play-max-modem-router/p/itmdffystcgaxnhb?pid=RTRDFFYGTZUBKJTS,2015-12-01 06:13:00+00:00,Computers,Belkin,12499.0,12499.0,2.9,True,True,0.0,573,350.0,1995.0,0.0,4462.5,6.3854103343465045,High
8e965bccda76215fb3b44ac1901a4345,SHIEBZB4SXXAG6TH,Tatvaarts Tribal Musicians ( Turquoise Stone) Showpiece  -  10.16 cm,http://www.flipkart.com/tatvaarts-tribal-musicians-turquoise-stone-showpiece-10-16-cm/p/itmebzb4mncfx86r?pid=SHIEBZB4SXXAG6TH,2015-12-01 12:40:44+00:00,Home Decor & Festive Needs,Tatvaarts,7000.0,6500.0,,True,True,7.142857142857143,927,426.5,1250.0,0.0,2485.25,6.375227686703097,High
b04b7417d4cb3f6a1b752bd5a5c15ec1,SHIEBJH8XQ2TEASA,Mable Brass - Pair Of Duck- Hand Carved Showpiece  -  64 cm,http://www.flipkart.com/mable-brass-pair-duck-hand-carved-showpiece-64-cm/p/itmebjh8e3ykpypw?pid=SHIEBJH8XQ2TEASA,2015-12-01 12:40:44+00:00,Home Decor & Festive Needs,Mable,7800.0,6500.0,,True,True,16.666666666666668,927,426.5,1250.0,0.0,2485.25,6.375227686703097,High
aec713f5b14b5641973b857c5672221a,STIE7VYZRDVMCHFH,Hoopoe Decor Large Wall Sticker,http://www.flipkart.com/hoopoe-decor-large-wall-sticker/p/itme7vyzwf2mtnk6?pid=STIE7VYZRDVMCHFH,2015-12-29 05:07:38+00:00,Home Decor & Festive Needs,Hoopoe Decor,8599.0,6499.0,,True,True,24.42144435399465,927,426.5,1250.0,0.0,2485.25,6.374013357619915,High
f139683b7089bc2ccf47bd58f1ddcd58,STIE78RVZS6NH3SW,Hoopoe Decor Large Wall Sticker,http://www.flipkart.com/hoopoe-decor-large-wall-sticker/p/itme78rvgubqkh5f?pid=STIE78RVZS6NH3SW,2015-12-29 05:07:38+00:00,Home Decor & Festive Needs,Hoopoe Decor,8599.0,6499.0,,True,True,24.42144435399465,927,426.5,1250.0,0.0,2485.25,6.374013357619915,High
fbaeda1f73390c9d3f84725a7103b894,SHIE9FMZAH4U4H6Z,Lal Haveli Decorative Colorful Handmade Rajasthani Iron Musician Set Of 5 Pcs Showpiece  -  56 cm,http://www.flipkart.com/lal-haveli-decorative-colorful-handmade-rajasthani-iron-musician-set-5-pcs-showpiece-56-cm/p/itme9fmzhcb5fzgm?pid=SHIE9FMZAH4U4H6Z,2015-12-01 12:40:44+00:00,Home Decor & Festive Needs,Lal Haveli,8650.0,6485.0,,True,True,25.028901734104046,927,426.5,1250.0,0.0,2485.25,6.3570127504553735,High
c8213c420f92d339f6e542c298ef7004,JCKEBSD2QTXR3BYH,Ridhi-Impex Full Sleeve Solid Women's Jacket,http://www.flipkart.com/ridhi-impex-full-sleeve-solid-women-s-jacket/p/itmebsd2xkk38cqg?pid=JCKEBSD2QTXR3BYH,2016-04-10 20:16:57+00:00,Clothing,Ridhi-Impex,9250.0,3500.0,,True,True,62.16216216216216,6171,374.0,799.0,0.0,1436.5,6.355294117647059,High
0efea1c88d3a1eaafe7b61e10924764d,BZREHKZPM6DKYXH3,EASIES Solid Single Breasted Casual Men's Blazer,http://www.flipkart.com/easies-solid-single-breasted-casual-men-s-blazer/p/itmehkzp2bxyyzjd?pid=BZREHKZPM6DKYXH3,2016-04-11 03:32:26+00:00,Clothing,EASIES,4999.0,3499.0,,True,True,30.006001200240046,6171,374.0,799.0,0.0,1436.5,6.352941176470588,High
17792c58ad1777eeceb188505ee5ebaf,SHTECDGF2GCBAXNY,Scot Wilson Men's Checkered Casual Shirt,http://www.flipkart.com/scot-wilson-men-s-checkered-casual-shirt/p/itmecdgfk8e8epfg?pid=SHTECDGF2GCBAXNY,2016-05-10 13:43:05+00:00,Clothing,Scot Wilson,4599.0,3499.0,,True,True,23.918243096325288,6171,374.0,799.0,0.0,1436.5,6.352941176470588,High
c4600860ed92c3ad86dd99b5f4873505,BZREHKZPBJTCY5MR,EASIES Solid Single Breasted Casual Men's Blazer,http://www.flipkart.com/easies-solid-single-breasted-casual-men-s-blazer/p/itmehkzpesb2xg4s?pid=BZREHKZPBJTCY5MR,2016-04-11 03:32:26+00:00,Clothing,EASIES,4999.0,3499.0,,True,True,30.006001200240046,6171,374.0,799.0,0.0,1436.5,6.352941176470588,High
c87b8e2b8df75c48deeff9e67b894ca5,BZREHKZQZF7EVGMZ,EASIES Solid Single Breasted Casual Men's Blazer,http://www.flipkart.com/easies-solid-single-breasted-casual-men-s-blazer/p/itmehkzquf9f5uzu?pid=BZREHKZQZF7EVGMZ,2016-04-11 03:32:26+00:00,Clothing,EASIES,4999.0,3499.0,,True,True,30.006001200240046,6171,374.0,799.0,0.0,1436.5,6.352941176470588,High
f1f87c56b3884f8503f110ff0005347c,BZREHKZPQ4GHFCZP,EASIES Solid Single Breasted Casual Men's Blazer,http://www.flipkart.com/easies-solid-single-breasted-casual-men-s-blazer/p/itmehkzparqgutf5?pid=BZREHKZPQ4GHFCZP,2016-04-11 03:32:26+00:00,Clothing,EASIES,4999.0,3499.0,,True,True,30.006001200240046,6171,374.0,799.0,0.0,1436.5,6.352941176470588,High
d3aa28f3d8a747c16acfd1d9cb95604a,TSHEDHVRZBJZZFRN,Northern Lights Striped Men's Polo Neck T-Shirt,http://www.flipkart.com/northern-lights-striped-men-s-polo-neck-t-shirt/p/itmedhvryu4ahctx?pid=TSHEDHVRZBJZZFRN,2015-12-13 00:29:55+00:00,Clothing,Unknown,3497.0,3497.0,,True,True,0.0,6171,374.0,799.0,0.0,1436.5,6.348235294117647,High
b4010cdfa0be9bf04905da1453ca7abe,BZREGXNGANDWYZKU,Sting Solid Single Breasted Casual Men's Blazer,http://www.flipkart.com/sting-solid-single-breasted-casual-men-s-blazer/p/itmegxngr3nbzuqk?pid=BZREGXNGANDWYZKU,2016-04-11 03:32:26+00:00,Clothing,Sting,3495.0,3495.0,,True,True,0.0,6171,374.0,799.0,0.0,1436.5,6.343529411764706,High
ba6f0e8af49d70b1561d0aeb089909f8,TROEGNQFB7DJ6JEN,Vero Moda Regular Fit Women's Trousers,http://www.flipkart.com/vero-moda-regular-fit-women-s-trousers/p/itmegnqfmgajrftv?pid=TROEGNQFB7DJ6JEN,2016-03-11 11:26:55+00:00,Clothing,Vero Moda,3495.0,3495.0,,True,True,0.0,6171,374.0,799.0,0.0,1436.5,6.343529411764706,High
4d2e9f36823bad0f6fe8c6b19bb92bdb,WATEHYHJZDVZXNHZ,Yves Bertelin YBSCR557 Analog Watch  - For Women,http://www.flipkart.com/yves-bertelin-ybscr557-analog-watch-women/p/itmehyhj8ah7fxnm?pid=WATEHYHJZDVZXNHZ,2016-04-24 18:34:50+00:00,Watches,Yves Bertelin,6950.0,3475.0,,True,True,50.0,528,550.0,950.0,0.0,1550.0,6.3125,High
1062ba72cbbf60554c6adeda3550e567,PRCEGG7WXSSRWQWS,United United Hard andiosed 3in1 (cooker+strainer+server) 5ltr 5 L Pressure Cooker,http://www.flipkart.com/united-hard-andiosed-3in1-cooker-strainer-server-5ltr-5-l-pressure-cooker/p/itmegg7wmn34e3k8?pid=PRCEGG7WXSSRWQWS,2016-04-02 19:26:28+00:00,Kitchen & Dining,United,2999.0,2999.0,,True,True,0.0,645,199.0,582.0,0.0,1156.5,6.310704960835509,High
6ed4eb71c0707f1d6fdddcf62562cb02,PTPEJVNJHB6FXHDJ,Wonderchef Windsor Roaster 26cm Pot 3.4 L,http://www.flipkart.com/wonderchef-windsor-roaster-26cm-pot-3-4-l/p/itmejvnjsgcbzfym?pid=PTPEJVNJHB6FXHDJ,2016-06-23 23:50:58+00:00,Kitchen & Dining,Wonderchef,2999.0,2999.0,,True,True,0.0,645,199.0,582.0,0.0,1156.5,6.310704960835509,High
d8095d9ad85b68007e547ba9ac613dd6,SHIEAT33F8AZFEFS,Ray-Pro Lady Figure Showpiece  -  33 cm,http://www.flipkart.com/ray-pro-lady-figure-showpiece-33-cm/p/itmeat33a7jye3wv?pid=SHIEAT33F8AZFEFS,2015-12-01 12:40:44+00:00,Home Decor & Festive Needs,Ray-Pro,9200.0,6440.0,,True,True,30.0,927,426.5,1250.0,0.0,2485.25,6.302367941712204,High
3960ba7d816590b5e5ed71787a2a4470,RTRDF7QU6QFFZFKB,WD My Net N900 HD Dual-Band,http://www.flipkart.com/wd-my-net-n900-hd-dual-band/p/itmdf7qutnznsqdu?pid=RTRDF7QU6QFFZFKB,2015-12-01 06:13:00+00:00,Computers,WD,15999.0,12316.0,3.0,True,True,23.020188761797613,573,350.0,1995.0,0.0,4462.5,6.274164133738602,High
dd83dbd70c6b36ec4e4672cd65dfc86d,ETYEGW59FFDEFGMU,Aimedu Toy Combo Pack Of 6 Frames And 1 Carving Board No. For Kids Learning - Kids Toy,http://www.flipkart.com/aimedu-toy-combo-pack-6-frames-1-carving-board-no-kids-learning/p/itmegw59puxn6zxu?pid=ETYEGW59FFDEFGMU,2016-05-24 01:22:12+00:00,Toys & School Supplies,Aimedu Toy,5700.0,2850.0,,True,True,50.0,329,179.0,550.0,0.0,1106.5,6.199460916442049,High
38c30b0d78d08f62b1824560b25fd142,TKPEGAKYXBMSAMG8,Quiksilver Solid Men's Track Pants,http://www.flipkart.com/quiksilver-solid-men-s-track-pants/p/itmegakyxdnqgvqx?pid=TKPEGAKYXBMSAMG8,2016-03-05 16:23:23+00:00,Clothing,Quiksilver,3795.0,3415.0,,True,True,10.013175230566535,6171,374.0,799.0,0.0,1436.5,6.155294117647059,High
0c4107de5304e5ab616d6d607d3654ed,TOPEGHM2EZYHWUEW,Trend Notes Casual Sleeveless Solid Women's Pink Top,http://www.flipkart.com/trend-notes-casual-sleeveless-solid-women-s-pink-top/p/itmeghm2ufzfyzw2?pid=TOPEGHM2EZYHWUEW,2016-05-12 14:18:51+00:00,Clothing,Trend Notes,3390.0,3390.0,,True,True,0.0,6171,374.0,799.0,0.0,1436.5,6.096470588235294,High
311fda99be546cf5aefea561b9cec54c,ETHEGBVPKX3ZDAES,Lajo Women's Salwar and Dupatta Set,http://www.flipkart.com/lajo-women-s-salwar-dupatta-set/p/itmegbvpzysuybg8?pid=ETHEGBVPKX3ZDAES,2016-03-03 06:06:42+00:00,Clothing,Lajo,4500.0,3372.0,,True,True,25.066666666666666,6171,374.0,799.0,0.0,1436.5,6.054117647058823,High
7ea41f38b60b86692683fb5bb7764393,ETHEGBVPBYTNMZ7Y,Lajo Women's Salwar and Dupatta Set,http://www.flipkart.com/lajo-women-s-salwar-dupatta-set/p/itmegbvpp9hnndg8?pid=ETHEGBVPBYTNMZ7Y,2016-03-03 06:06:42+00:00,Clothing,Lajo,5500.0,3372.0,,True,True,38.69090909090909,6171,374.0,799.0,0.0,1436.5,6.054117647058823,High
ab99745e605ed16852e53f3f50974945,ETHEGBVP9VHFZD7R,Lajo Women's Salwar and Dupatta Set,http://www.flipkart.com/lajo-women-s-salwar-dupatta-set/p/itmegbvp2fwfvxta?pid=ETHEGBVP9VHFZD7R,2016-03-03 06:06:42+00:00,Clothing,Lajo,5500.0,3372.0,,True,True,38.69090909090909,6171,374.0,799.0,0.0,1436.5,6.054117647058823,High
d614ff35686fafb7e6ce8cc98605c767,ASLDZKCYDYGKQZGJ,C. O. Bigelow Barber Cologne - Elixir White - No. 1585,http://www.flipkart.com/c-o-bigelow-barber-cologne-elixir-white-no-1585/p/itmdzkcyhprgzkqq?pid=ASLDZKCYDYGKQZGJ,2016-03-03 22:49:41+00:00,Beauty and Personal Care,C. O. Bigelow,1899.0,1565.0,,True,True,17.58820431806214,709,299.0,479.0,29.0,749.0,6.033333333333333,High
fe51638e8c9ab8093bee45fb798b3d71,AFGEFM64DHDFU7A4,Great Eastern Soul Eater - Maka and Soul Notebook,http://www.flipkart.com/great-eastern-soul-eater-maka-notebook/p/itmefm64seeuujzy?pid=AFGEFM64DHDFU7A4,2016-03-03 06:06:42+00:00,Toys & School Supplies,Great Eastern,3276.0,2784.0,,True,True,15.018315018315018,329,179.0,550.0,0.0,1106.5,6.02156334231806,High
c49bdf8fe3bfe5c449b1546c77569614,SHIEBZB49VZZQRKK,Tatvaarts Tribal Danda Lady Showpiece  -  48.26 cm,http://www.flipkart.com/tatvaarts-tribal-danda-lady-showpiece-48-26-cm/p/itmebzb4gfs88hwj?pid=SHIEBZB49VZZQRKK,2015-12-01 12:40:44+00:00,Home Decor & Festive Needs,Tatvaarts,7000.0,6200.0,,True,True,11.428571428571429,927,426.5,1250.0,0.0,2485.25,6.0109289617486334,High
3c48af4f01a956657232b80bca36a148,SHIE9FMPWV8U4RWX,Lal Haveli Decorative Colorful Handmade Rajasthani Iron Musician Set Of 5 Pcs Showpiece  -  20.58 cm,http://www.flipkart.com/lal-haveli-decorative-colorful-handmade-rajasthani-iron-musician-set-5-pcs-showpiece-20-58-cm/p/itme9fmpbkwngytq?pid=SHIE9FMPWV8U4RWX,2015-12-01 12:40:44+00:00,Home Decor & Festive Needs,Lal Haveli,8250.0,6185.0,,True,True,25.03030303030303,927,426.5,1250.0,0.0,2485.25,5.992714025500911,High
91e1396b9a9f3621a460cef4a226b2c1,DIAD4Y8ZG8QGG6GX,Filofax Apex Planner/Organizer Ring Bound,http://www.flipkart.com/filofax-apex-planner-organizer-ring-bound/p/itmd4y8zg8qgg6gx?pid=DIAD4Y8ZG8QGG6GX,2015-12-31 09:19:31+00:00,Pens & Stationery,Filofax,2490.0,2490.0,,True,True,0.0,313,225.0,550.0,0.0,1037.5,5.969230769230769,High
380f9ad8b59694149e55e2536c3e0c03,SNRE8GR3PFYVXEVV,Banana Boat Quick Dri Sport Sunscreen Spray Body & Scalp - SPF 10 PA+,http://www.flipkart.com/banana-boat-quick-dri-sport-sunscreen-spray-body-scalp-spf-10-pa/p/itme8gr36jehx788?pid=SNRE8GR3PFYVXEVV,2015-12-31 09:19:31+00:00,Beauty and Personal Care,Unknown,1600.0,1550.0,,True,True,3.125,709,299.0,479.0,29.0,749.0,5.95,High
660e91db93e04b564565942f32a22244,HSYEE3PERJWWMYHB,Proganix Agave Nectar Plus Silica Curling Cream Plus Defrizzant Hair Styler,http://www.flipkart.com/proganix-agave-nectar-plus-silica-curling-cream-defrizzant-hair-styler/p/itmee3pesjmvtzhu?pid=HSYEE3PERJWWMYHB,2016-03-03 23:09:59+00:00,Beauty and Personal Care,Proganix,1550.0,1550.0,,True,True,0.0,709,299.0,479.0,29.0,749.0,5.95,High
d3a86f6fee39106821c091d2fe8420db,SGLEJ56EENJEMV2Z,Pepe Jeans Wayfarer Sunglasses,http://www.flipkart.com/pepe-jeans-wayfarer-sunglasses/p/itmej56eggx2h4wh?pid=SGLEJ56EENJEMV2Z,2016-06-10 22:31:19+00:00,Sunglasses,Pepe Jeans,2199.0,1759.0,,True,True,20.009095043201455,40,269.0,484.0,0.0,806.5,5.930232558139535,High
6501a11f2377b74d53487d9f612d9ce4,WATDM5YRFYJHCHBU,Playboy BPB-1002-C Analog Watch  - For Women,http://www.flipkart.com/playboy-bpb-1002-c-analog-watch-women/p/itmdm5ysqhkrykqu?pid=WATDM5YRFYJHCHBU,2015-12-29 05:07:38+00:00,Watches,Unknown,4200.0,3310.0,4.0,True,True,21.19047619047619,528,550.0,950.0,0.0,1550.0,5.9,High
256e24d0ec135add7574d89e98a41326,SNRE777GADUHTECX,Lotus Daily Multi-Function Sun Block - SPF 70 PA+++,http://www.flipkart.com/lotus-daily-multi-function-sun-block-spf-70-pa/p/itme777gzdmcf8d7?pid=SNRE777GADUHTECX,2015-12-31 09:19:31+00:00,Beauty and Personal Care,Unknown,1540.0,1540.0,,True,True,0.0,709,299.0,479.0,29.0,749.0,5.894444444444445,High
fdf453498f713e0ede58e1105bd59217,AFGEFM63JABYTPYJ,Blizzard Entertainment World of Warcraft Illidan Funko POP! Vinyl Figure,http://www.flipkart.com/blizzard-entertainment-world-warcraft-illidan-funko-pop-vinyl-figure/p/itmefm63qtg9stnh?pid=AFGEFM63JABYTPYJ,2016-03-03 06:06:42+00:00,Toys & School Supplies,Blizzard Entertainment,3219.0,2736.0,,True,True,15.00465983224604,329,179.0,550.0,0.0,1106.5,5.892183288409703,High
e3e7c584f317d1b5d6ac0088c411565e,SHIEBZB4JM2ZDFGM,Tatvaarts Tribal Face Showpiece  -  21.59 cm,http://www.flipkart.com/tatvaarts-tribal-face-showpiece-21-59-cm/p/itmebzb4ckr2hqrx?pid=SHIEBZB4JM2ZDFGM,2015-12-01 12:40:44+00:00,Home Decor & Festive Needs,Tatvaarts,6800.0,6100.0,,True,True,10.294117647058824,927,426.5,1250.0,0.0,2485.25,5.88949605343048,High
760af5ecbeac691435b5244bb8b7565d,SWTDSG8ZN9PMPYWK,ALX New York Striped V-neck Casual Men's Sweater,http://www.flipkart.com/alx-new-york-striped-v-neck-casual-men-s-sweater/p/itmdsg9y3acqyk6f?pid=SWTDSG8ZN9PMPYWK,2015-12-20 08:26:17+00:00,Clothing,Unknown,3300.0,3300.0,,True,True,0.0,6171,374.0,799.0,0.0,1436.5,5.884705882352941,High
c386803d67a34e889c409dc12c42c59c,DREEHFYMBXCFZ5HB,Vero Moda Women's Maxi Dress,http://www.flipkart.com/vero-moda-women-s-maxi-dress/p/itmehfymh8pd6qnd?pid=DREEHFYMBXCFZ5HB,2016-04-02 19:26:28+00:00,Clothing,Vero Moda,3295.0,3295.0,,True,True,0.0,6171,374.0,799.0,0.0,1436.5,5.872941176470588,High
73a34ddcfef3633484a1ae99312846d3,BATDCG2BY234294F,SS Ton Heritage English Willow Cricket  Bat,http://www.flipkart.com/ss-ton-heritage-english-willow-cricket-bat/p/itmdczzzybjwn5j9?pid=BATDCG2BY234294F,2016-01-07 04:32:43+00:00,Sports & Fitness,Unknown,7775.0,7075.0,4.0,True,True,9.003215434083602,166,417.5,1386.75,0.0,2840.625,5.8687129223626515,High
fe1f6527ea7647090f65648e68d67472,COVEJVF7ENJZTYCJ,Craze PU Leather Car Seat Cover For Ford Endeavour,http://www.flipkart.com/craze-pu-leather-car-seat-cover-ford-endeavour/p/itmejvf7sys3e2uh?pid=COVEJVF7ENJZTYCJ,2016-06-23 02:54:11+00:00,Automotive,Craze,13999.0,7999.0,,True,True,42.86020430030717,1010,499.0,1599.0,0.0,3249.0,5.818181818181818,High
08288f6062e03ae82e5e6eae2cd573a6,BLAEAWAA2BHQUZRG,Raymond Abstract Double Blanket Red,http://www.flipkart.com/raymond-abstract-double-blanket-red/p/itmeawaagkrsptsx?pid=BLAEAWAA2BHQUZRG,2015-12-12 11:46:53+00:00,Home Furnishing,Raymond,5999.0,5999.0,,True,True,0.0,700,523.0,1332.0,0.0,2545.5,5.76885043263288,High
58ff6c616df643895653f49f22d23866,BLAEB3XA82K6JBCA,Raymond Abstract Double Blanket Brown,http://www.flipkart.com/raymond-abstract-double-blanket-brown/p/itmeb3xad54bgwyf?pid=BLAEB3XA82K6JBCA,2015-12-12 11:46:53+00:00,Home Furnishing,Raymond,5999.0,5999.0,,True,True,0.0,700,523.0,1332.0,0.0,2545.5,5.76885043263288,High
6b03c8933376d95b336ba6968b63f8d3,BLAEB3XAKHKYN5SX,Raymond Abstract Double Blanket Brown,http://www.flipkart.com/raymond-abstract-double-blanket-brown/p/itmeb3xazzhc2na2?pid=BLAEB3XAKHKYN5SX,2015-12-12 11:46:53+00:00,Home Furnishing,Raymond,5999.0,5999.0,,True,True,0.0,700,523.0,1332.0,0.0,2545.5,5.76885043263288,High
82709b53d50b7bbc43fc815f669f8af2,BLAEB3XACYHKJGTZ,Raymond Abstract Double Blanket Brown,http://www.flipkart.com/raymond-abstract-double-blanket-brown/p/itmeawaaw6ncgmht?pid=BLAEB3XACYHKJGTZ,2015-12-12 11:46:53+00:00,Home Furnishing,Raymond,5999.0,5999.0,,True,True,0.0,700,523.0,1332.0,0.0,2545.5,5.76885043263288,High
9754449e2acd1d5313849a0974be1d5c,BLAEAWAA4EZN6YFG,Raymond Abstract Double Blanket Purple,http://www.flipkart.com/raymond-abstract-double-blanket-purple/p/itmeawaagcahzrjy?pid=BLAEAWAA4EZN6YFG,2015-12-12 11:46:53+00:00,Home Furnishing,Raymond,5999.0,5999.0,,True,True,0.0,700,523.0,1332.0,0.0,2545.5,5.76885043263288,High
fa2f912df69c8bd2bda1138ca8a44d67,BLAEAWAAU4YGAABS,Raymond Abstract Double Blanket Orange,http://www.flipkart.com/raymond-abstract-double-blanket-orange/p/itmeawaaaja7uame?pid=BLAEAWAAU4YGAABS,2015-12-12 11:46:53+00:00,Home Furnishing,Raymond,5999.0,5999.0,,True,True,0.0,700,523.0,1332.0,0.0,2545.5,5.76885043263288,High
8b7a51c69b47f4714b5f7131077b5d30,RCLECBJ9HPGHCYCP,Weldecor 1800 inch Red Rice Lights,http://www.flipkart.com/weldecor-1800-inch-red-rice-lights/p/itmecbj9erurscyk?pid=RCLECBJ9HPGHCYCP,2016-01-01 13:15:34+00:00,Home Decor & Festive Needs,Weldecor,9999.0,5999.0,,True,True,40.004000400040006,927,426.5,1250.0,0.0,2485.25,5.766848816029144,High
d2678647b6063708a4ea0ac16fac6154,PTPDVPEXQ88YHBEE,Alda 3 Ply SS Lid Pan 26 cm diameter,http://www.flipkart.com/alda-3-ply-ss-lid-pan-26-cm-diameter/p/itmdvrh4qfjkgtbr?pid=PTPDVPEXQ88YHBEE,2016-01-07 04:32:43+00:00,Kitchen & Dining,Alda,3390.0,2790.0,5.0,True,True,17.699115044247787,645,199.0,582.0,0.0,1156.5,5.765013054830288,High
544e9220edf5182b62dd8d955d347784,HSAEGZAV4UGWJAAH,Emagica Home Security 1 Channel Home Security Camera,http://www.flipkart.com/emagica-home-security-1-channel-camera/p/itmegzavt2hsgfhv?pid=HSAEGZAV4UGWJAAH,2016-04-16 13:01:18+00:00,Pens & Stationery,Emagica,3590.0,2420.0,,True,True,32.590529247910865,313,225.0,550.0,0.0,1037.5,5.753846153846154,High
5521039f086041cc2495951343097889,SWSEHZY2FZH6W4ZZ,Prrem's Full Sleeve Solid Women's Sweatshirt,http://www.flipkart.com/prrem-s-full-sleeve-solid-women-s-sweatshirt/p/itmehzy2fd37yj4h?pid=SWSEHZY2FZH6W4ZZ,2016-05-26 23:54:46+00:00,Clothing,Prrem's,3240.0,3240.0,,True,True,0.0,6171,374.0,799.0,0.0,1436.5,5.7435294117647056,High
3c71bf8036266014269e4964df5126e1,VANEA92TVYHVE29G,Aaina Home Decor Traditional Series-WB-103 Storage Vanity Basket,http://www.flipkart.com/aaina-home-decor-traditional-series-wb-103-storage-vanity-basket/p/itmea92tktfhyzmw?pid=VANEA92TVYHVE29G,2016-01-04 00:20:04+00:00,Beauty and Personal Care,Unknown,1950.0,1500.0,,True,True,23.076923076923077,709,299.0,479.0,29.0,749.0,5.6722222222222225,High
92206cff28fcfa54ff685a49dccb2a39,VANEF8CFWH9NQQYT,Goldencollections Beautiful Stylish Jewellery Vanity Box,http://www.flipkart.com/goldencollections-beautiful-stylish-jewellery-vanity-box/p/itmef8cfggyyyshv?pid=VANEF8CFWH9NQQYT,2016-01-04 03:25:23+00:00,Beauty and Personal Care,Unknown,2700.0,1499.0,,True,True,44.48148148148148,709,299.0,479.0,29.0,749.0,5.666666666666667,High
edb97bd2433fd9de301c8a44344777bb,VANEE2FFWVZZQHJV,Artist Haat Vanity Box Makeup and Jewellery Vanity Jewellery,http://www.flipkart.com/artist-haat-vanity-box-makeup-jewellery/p/itmee2ffhmfsp4au?pid=VANEE2FFWVZZQHJV,2016-01-04 03:25:23+00:00,Beauty and Personal Care,Unknown,1800.0,1499.0,,True,True,16.72222222222222,709,299.0,479.0,29.0,749.0,5.666666666666667,High
dfefdf927a4866fe4d833b28fcf1a6c0,BBAEJZCA6NYFVFJR,Be You Sterling Silver Peridot Rhodium Tennis Bracelet,http://www.flipkart.com/you-sterling-silver-peridot-rhodium-tennis-bracelet/p/itmejzcaukek5zgr?pid=BBAEJZCA6NYFVFJR,2016-06-16 08:51:06+00:00,Jewellery,Be You,9000.0,5400.0,,True,True,40.0,3522,310.0,1076.75,0.0,2226.875,5.638408868601239,High
9e0953d59d9f173bc05d2677f9cb4fa1,RNGEH3H8VBHZGEGK,Malabar Gold and Diamonds HBDAAAABLZLD Gold Emerald 22 K Ring,http://www.flipkart.com/malabar-gold-diamonds-hbdaaaablzld-emerald-22-k-ring/p/itmeh3h8btaftqh2?pid=RNGEH3H8VBHZGEGK,2016-03-25 15:39:25+00:00,Jewellery,Malabar Gold and Diamonds,5373.0,5373.0,,True,True,0.0,3522,310.0,1076.75,0.0,2226.875,5.6031953048581675,High
d9fa5b1d8917b841abaef2a1ce032114,SOFECYFA8R8T5HNG,Durian Laze/3 Leather 3 Seater Sofa,http://www.flipkart.com/durian-laze-3-leather-3-seater-sofa/p/itmecyfaybgymd2f?pid=SOFECYFA8R8T5HNG,2015-12-31 09:19:31+00:00,Furniture,Durian,217500.0,141375.0,,True,True,35.0,180,1299.0,22646.0,0.0,54666.5,5.561858809200356,High
ba5e1e61db93c25ca73a20c075d82591,SWTEGDY4KH8FGPZ3,Nautica Solid Turtle Neck Casual Men's Sweater,http://www.flipkart.com/nautica-solid-turtle-neck-casual-men-s-sweater/p/itmegdy3yjhtafhp?pid=SWTEGDY4KH8FGPZ3,2016-05-01 16:43:01+00:00,Clothing,Nautica,4999.0,3156.0,,True,True,36.867373474694936,6171,374.0,799.0,0.0,1436.5,5.5458823529411765,High
032f828f097f7e90f1ae01f08d0f5f15,JWSE2W4ZB5CB4MMH,Shashvat Jewels Designer & Elegant Silver Jewel Set,http://www.flipkart.com/shashvat-jewels-designer-elegant-silver-jewel-set/p/itme2w4zrgzrzvyz?pid=JWSE2W4ZB5CB4MMH,2016-01-07 00:54:41+00:00,Jewellery,Shashvat Jewels,6248.0,5310.0,,True,True,15.01280409731114,3522,310.0,1076.75,0.0,2226.875,5.521030322791001,High
db23c8e84b772989effb123716c7254c,PTGEGUZFRVHMXTFH,GAGA Canvas Painting,http://www.flipkart.com/gaga-canvas-painting/p/itmeguzfqeavuvgz?pid=PTGEGUZFRVHMXTFH,2016-03-18 08:01:41+00:00,Home Decor & Festive Needs,GAGA,10461.0,5780.0,,True,True,44.74715610362298,927,426.5,1250.0,0.0,2485.25,5.500910746812386,High
2d1cef634a48e0a686b76a292e205a7e,GOGEHYHYQZGYDMWW,720 Armour Slew T920-2 Sports Goggles,http://www.flipkart.com/720-armour-slew-t920-2-sports-goggles/p/itmehyhyfrmx3pgq?pid=GOGEHYHYQZGYDMWW,2016-04-23 02:17:20+00:00,Sports & Fitness,720 Armour,6690.0,6690.0,,True,True,0.0,166,417.5,1386.75,0.0,2840.625,5.471498581377354,High
700dfd088162ea00deda33123cd7f2da,WATDX7VGHZAP2GZG,Timex TI000I70600 Analog Watch  - For Men,http://www.flipkart.com/timex-ti000i70600-analog-watch-men/p/itmdx7vguhtwxxqr?pid=WATDX7VGHZAP2GZG,2015-12-29 05:07:38+00:00,Watches,Unknown,3495.0,3125.0,3.7,True,True,10.586552217453505,528,550.0,950.0,0.0,1550.0,5.4375,High
58d181ed3f68565e34c11556cb6c2e02,KRTE2A6Z9Z9KPAMS,Pakhi Casual Floral Print Women's Kurti,http://www.flipkart.com/pakhi-casual-floral-print-women-s-kurti/p/itme2a6z3f4shyuy?pid=KRTE2A6Z9Z9KPAMS,2016-01-01 10:55:30+00:00,Clothing,Unknown,5199.0,3099.0,,True,True,40.39238315060589,6171,374.0,799.0,0.0,1436.5,5.411764705882353,High
0513ab340eced913dce82594bd118ff0,SCTEGDREXTWGGNJ4,PHOCOS CX10 MPPT Solar Charge Controller,http://www.flipkart.com/phocos-cx10-mppt-solar-charge-controller/p/itmegdref8axvfgg?pid=SCTEGDREXTWGGNJ4,2016-03-03 23:09:59+00:00,Tools & Hardware,PHOCOS,4375.0,4375.0,,True,True,0.0,387,375.0,999.0,0.0,1935.0,5.410256410256411,High
40829ac110f344ef35f1c8c32fb311c7,SHIEBZB4U7BKYJTU,Tatvaarts Urli Showpiece  -  21.59 cm,http://www.flipkart.com/tatvaarts-urli-showpiece-21-59-cm/p/itmebzb4qp8hxcay?pid=SHIEBZB4U7BKYJTU,2015-12-01 12:40:44+00:00,Home Decor & Festive Needs,Tatvaarts,6500.0,5700.0,,True,True,12.307692307692308,927,426.5,1250.0,0.0,2485.25,5.403764420157863,High
10717df5ef0828b3f29d815a534b6773,DIADSN4DSMJZWCPW,Elan A5 Journal Ring Bound,http://www.flipkart.com/elan-a5-journal-ring-bound/p/itmdvyvstuhpcypz?pid=DIADSN4DSMJZWCPW,2015-12-31 09:19:31+00:00,Pens & Stationery,Elan,2295.0,2295.0,4.5,True,True,0.0,313,225.0,550.0,0.0,1037.5,5.369230769230769,High
5b32f8df2453fb93069862bc166cdae7,TKSEA5G4KTPUYQHV,Reebok Solid Men's Track Suit,http://www.flipkart.com/reebok-solid-men-s-track-suit/p/itmea5g49mv3b29h?pid=TKSEA5G4KTPUYQHV,2016-01-07 00:54:41+00:00,Clothing,Unknown,4499.0,3075.0,,True,True,31.651478106245833,6171,374.0,799.0,0.0,1436.5,5.355294117647059,High
9c8fdf6c9c631d0892e9a6f55a4a2fd2,LCMEJMZ6XWZVKX3D,"NYX Set Of 2 Soft Matte Lip Cream 06,22",http://www.flipkart.com/nyx-set-2-soft-matte-lip-cream-06-22/p/itmejmz6zgcwm5bv?pid=LCMEJMZ6XWZVKX3D,2016-06-15 19:32:11+00:00,Beauty and Personal Care,NYX,3000.0,1440.0,,True,True,52.0,709,299.0,479.0,29.0,749.0,5.338888888888889,High
a1e8c7d5f006044f36537aaa61c34fd5,LCMEJMZ6TWVHGZDR,"NYX Set Of 2 Soft Matte Lip Cream 10,05",http://www.flipkart.com/nyx-set-2-soft-matte-lip-cream-10-05/p/itmejmz6ufwmp3h5?pid=LCMEJMZ6TWVHGZDR,2016-06-15 19:32:11+00:00,Beauty and Personal Care,NYX,3000.0,1440.0,,True,True,52.0,709,299.0,479.0,29.0,749.0,5.338888888888889,High
b74c2b647f918a28a46d7414aa217a92,BLAEAWABJY2DNWHJ,Raymond Abstract Double Blanket Red,http://www.flipkart.com/raymond-abstract-double-blanket-red/p/itmeawabhfmrhzv9?pid=BLAEAWABJY2DNWHJ,2015-12-12 11:46:53+00:00,Home Furnishing,Raymond,5599.0,5599.0,,True,True,0.0,700,523.0,1332.0,0.0,2545.5,5.274412855377008,High
87835e0c7621b38adbbcb64b64206f87,CNDEGVK2VGHG7GHG,Dove Hair Therapy Daily Moisture Conditioner,http://www.flipkart.com/dove-hair-therapy-daily-moisture-conditioner/p/itmegvk26n2zjyak?pid=CNDEGVK2VGHG7GHG,2016-03-20 14:44:44+00:00,Beauty and Personal Care,Dove,2645.0,1425.0,,True,True,46.12476370510397,709,299.0,479.0,29.0,749.0,5.2555555555555555,High
0bedfc6c66adf9191abdc5a11fe0b1ba,BZREHKG32E7ZHWU6,Romano Solid Single Breasted Formal Men's Blazer,http://www.flipkart.com/romano-solid-single-breasted-formal-men-s-blazer/p/itmehkg3hyhn29fr?pid=BZREHKG32E7ZHWU6,2016-04-11 03:32:26+00:00,Clothing,Romano,3025.0,3025.0,,True,True,0.0,6171,374.0,799.0,0.0,1436.5,5.237647058823529,High
63cfbb677ed2730bd7509f3d7fd5532b,RCTE7WQ5CSYSCFFH,Dinoimpex Play Train,http://www.flipkart.com/dinoimpex-play-train/p/itme7wq5vagjdzau?pid=RCTE7WQ5CSYSCFFH,2016-01-01 13:15:34+00:00,Toys & School Supplies,Unknown,3500.0,2490.0,,True,True,28.857142857142858,329,179.0,550.0,0.0,1106.5,5.22911051212938,High
3113367c72125a3355af42426fe14f17,SHIE9FMP3RBSYMEV,Lal Haveli Beautiful Attractive Hand Painted Decorative Iron Wood Musician 5 Pcs Set Showpiece  -  55.88 cm,http://www.flipkart.com/lal-haveli-beautiful-attractive-hand-painted-decorative-iron-wood-musician-5-pcs-set-showpiece-55-88-cm/p/itme9fmphvs4wq8h?pid=SHIE9FMP3RBSYMEV,2015-12-01 12:40:44+00:00,Home Decor & Festive Needs,Lal Haveli,7400.0,5549.0,,True,True,25.013513513513512,927,426.5,1250.0,0.0,2485.25,5.22040072859745,High
6d2e2d3f386ddbd0aadd467ca30bd5ff,SHIE9FMPGFYZR2YZ,Lal Haveli Theshopy Indian Iron Wood Hand Made Musision 5Pcs Set Showpiece  -  50.8 cm,http://www.flipkart.com/lal-haveli-theshopy-indian-iron-wood-hand-made-musision-5pcs-set-showpiece-50-8-cm/p/itme9fmpeyffergg?pid=SHIE9FMPGFYZR2YZ,2015-12-01 12:40:44+00:00,Home Decor & Festive Needs,Lal Haveli,7400.0,5549.0,,True,True,25.013513513513512,927,426.5,1250.0,0.0,2485.25,5.22040072859745,High
4551ad973cd281860e825917ef0d0392,RTRD7XKFDBPBR6CV,Asus RT-N66U Dual-Band Wireless-N900 Gigabit Router,http://www.flipkart.com/asus-rt-n66u-dual-band-wireless-n900-gigabit-router/p/itmd7xkf2ga7f2an?pid=RTRD7XKFDBPBR6CV,2015-12-01 06:13:00+00:00,Computers,Asus,15500.0,10556.0,4.5,True,True,31.89677419354839,573,350.0,1995.0,0.0,4462.5,5.2042553191489365,High
1d2bfa0b2e40b88da01223d1069cdfbd,BZREDTP23ENK9YNH,Mi Dulce An'ya Solid Single Breasted Formal Boy's Blazer,http://www.flipkart.com/mi-dulce-an-ya-solid-single-breasted-formal-boy-s-blazer/p/itmedrgh63cwkmyt?pid=BZREDTP23ENK9YNH,2016-04-24 18:34:50+00:00,Clothing,Mi Dulce An'ya,3000.0,3000.0,,True,True,0.0,6171,374.0,799.0,0.0,1436.5,5.178823529411765,High
272e6a238b4a93c95ec01d4bcd74974c,SUIEHFNUU3BDCGZN,Kute Kids Coat Suit Set Solid Boy's Suit,http://www.flipkart.com/kute-kids-coat-suit-set-solid-boy-s/p/itmehfnuggvp7a5y?pid=SUIEHFNUU3BDCGZN,2016-04-24 18:34:50+00:00,Clothing,Kute Kids,3999.0,2999.0,,True,True,25.00625156289072,6171,374.0,799.0,0.0,1436.5,5.176470588235294,High
31018695bde6f42d1a3b902531e47706,CAPEYGFGAGKXDWGY,InnovationTheStore Self Design Basic Cap Cap,http://www.flipkart.com/innovationthestore-self-design-basic-cap/p/itmeygfgextq49nx?pid=CAPEYGFGAGKXDWGY,2015-12-31 09:19:31+00:00,Clothing,Unknown,2999.0,2999.0,,True,True,0.0,6171,374.0,799.0,0.0,1436.5,5.176470588235294,High
55d9f1d951bacd943134429eb66f359b,LCHEGG2FCJQQGZEZ,"khodal fashion Embroidered Women's Lehenga, Choli and Dupatta Set",http://www.flipkart.com/khodal-fashion-embroidered-women-s-lehenga-choli-dupatta-set/p/itmegg2fjxfh9sv3?pid=LCHEGG2FCJQQGZEZ,2016-03-07 11:41:25+00:00,Clothing,khodal fashion,4999.0,2999.0,,True,True,40.008001600320064,6171,374.0,799.0,0.0,1436.5,5.176470588235294,High
8f4a7f67f1813a71c939163de08c9bee,LCHEGGYP5SGJMZUC,"khodal fashion Embroidered Women's Lehenga, Choli and Dupatta Set",http://www.flipkart.com/khodal-fashion-embroidered-women-s-lehenga-choli-dupatta-set/p/itmeggypwhcddsts?pid=LCHEGGYP5SGJMZUC,2016-03-07 11:41:25+00:00,Clothing,khodal fashion,4999.0,2999.0,,True,True,40.008001600320064,6171,374.0,799.0,0.0,1436.5,5.176470588235294,High
f81db1f76e3bcfe9f33a10f4c12610d6,DREE4DF4AD9ZZHEX,For Kids Girl's A-line Dress,http://www.flipkart.com/kids-girl-s-a-line-dress/p/itme4df4h7hrmzzh?pid=DREE4DF4AD9ZZHEX,2016-01-06 18:20:45+00:00,Clothing,Unknown,5999.0,2999.0,,True,True,50.00833472245374,6171,374.0,799.0,0.0,1436.5,5.176470588235294,High
07b0df742cdcac28d09c29a1e246fff2,SOFEE7AC7XCYXDVC,Durian Leather 2 Seater Sofa,http://www.flipkart.com/durian-leather-2-seater-sofa/p/itmee7ack9bbejaj?pid=SOFEE7AC7XCYXDVC,2015-12-31 09:19:31+00:00,Furniture,Durian,204600.0,132990.0,,True,True,35.0,180,1299.0,22646.0,0.0,54666.5,5.169063568651333,High
80525c84dbc09f2bbe16ec0353ee3f33,STIEAE2ZRKWBFNSP,Hoopoe Decor Large Wall Sticker,http://www.flipkart.com/hoopoe-decor-large-wall-sticker/p/itmeae2zyg4fhb8p?pid=STIEAE2ZRKWBFNSP,2015-12-29 05:07:38+00:00,Home Decor & Festive Needs,Hoopoe Decor,7299.0,5499.0,,True,True,24.66091245376079,927,426.5,1250.0,0.0,2485.25,5.159684274438373,High
978b8085cf62480064058f9708f82244,STIEAE2Z8QXAZSD7,Hoopoe Decor Large Wall Sticker,http://www.flipkart.com/hoopoe-decor-large-wall-sticker/p/itmeae2zhqzpeu5z?pid=STIEAE2Z8QXAZSD7,2015-12-29 05:07:38+00:00,Home Decor & Festive Needs,Hoopoe Decor,7299.0,5499.0,,True,True,24.66091245376079,927,426.5,1250.0,0.0,2485.25,5.159684274438373,High
aef9f241ef477e1db0bc47eab9671ba3,STIEAE2ZAHKFJJMU,Hoopoe Decor Large Wall Sticker,http://www.flipkart.com/hoopoe-decor-large-wall-sticker/p/itmeae2zqehdp4ah?pid=STIEAE2ZAHKFJJMU,2015-12-29 05:07:38+00:00,Home Decor & Festive Needs,Hoopoe Decor,7299.0,5499.0,,True,True,24.66091245376079,927,426.5,1250.0,0.0,2485.25,5.159684274438373,High
8f4c85aaa13ca8efe564f12a4bf4c68a,TSHEB72FPCF54KZU,Superdry Self Design Women's Round Neck T-Shirt,http://www.flipkart.com/superdry-self-design-women-s-round-neck-t-shirt/p/itmeb72fbraxyhnu?pid=TSHEB72FPCF54KZU,2016-01-07 00:54:41+00:00,Clothing,Unknown,2990.0,2990.0,,True,True,0.0,6171,374.0,799.0,0.0,1436.5,5.155294117647059,High
285075cfac3036e8d51591dfe5ba24ab,BLAEAWABSWRWCV7V,Raymond Abstract Double Blanket Pink,http://www.flipkart.com/raymond-abstract-double-blanket-pink/p/itmeawabvvfwmvhm?pid=BLAEAWABSWRWCV7V,2015-12-12 11:46:53+00:00,Home Furnishing,Raymond,5499.0,5499.0,,True,True,0.0,700,523.0,1332.0,0.0,2545.5,5.150803461063041,High
c70c2b7ef4dad5bfc4206d5f27f15e42,BLAEAWAAY4BKZDS3,Raymond Abstract Double Blanket Purple,http://www.flipkart.com/raymond-abstract-double-blanket-purple/p/itmeawaagce56hxr?pid=BLAEAWAAY4BKZDS3,2015-12-12 11:46:53+00:00,Home Furnishing,Raymond,5499.0,5499.0,,True,True,0.0,700,523.0,1332.0,0.0,2545.5,5.150803461063041,High
2d8753c7bc2682728890e6088c06f332,PELEGNSQYKKHT2ZH,"RosesNRibbons Rhodium Garnet, Amethyst, Citrine, Topaz, Quartz, Peridot Sterling Silver",http://www.flipkart.com/rosesnribbons-rhodium-garnet-amethyst-citrine-topaz-quartz-peridot-sterling-silver/p/itmegnsqy8gwcd8h?pid=PELEGNSQYKKHT2ZH,2016-03-11 11:26:55+00:00,Jewellery,RosesNRibbons,5849.0,4999.0,,True,True,14.532398700632587,3522,310.0,1076.75,0.0,2226.875,5.115422236713401,High
4601f9c6399d680a27c1d21d0e34be8e,BBAEDFFKG2F4MZSA,YugshaJewels Sterling Silver Ruby Rhodium Bracelet,http://www.flipkart.com/yugshajewels-sterling-silver-ruby-rhodium-bracelet/p/itmedffkrzkdkfb9?pid=BBAEDFFKG2F4MZSA,2015-12-20 08:26:17+00:00,Jewellery,YugshaJewels,12999.0,4999.0,,True,True,61.54319563043311,3522,310.0,1076.75,0.0,2226.875,5.115422236713401,High
1db43a6b93b14795275065aac560afc0,AFGEFM638GHE2MGD,happy deals 36 Crazy Loop Straws -value pack - assorted color,http://www.flipkart.com/happy-deals-36-crazy-loop-straws-value-pack-assorted-color/p/itmefm63hthaggkc?pid=AFGEFM638GHE2MGD,2016-03-03 06:06:42+00:00,Toys & School Supplies,happy deals,2872.0,2441.0,,True,True,15.006963788300835,329,179.0,550.0,0.0,1106.5,5.097035040431267,High
85b6fd6250efcf2c05b07859a0a582a6,ACCEGXK4RRVYHJZR,Big Mike s 52mm lens hood  Lens Hood,http://www.flipkart.com/big-mike-s-52mm-lens-hood/p/itmegxk4xgzshxnc?pid=ACCEGXK4RRVYHJZR,2016-04-24 18:34:50+00:00,Cameras & Accessories,Big Mike s,5738.0,5581.0,,True,True,2.7361449982572323,72,674.0,1480.0,0.0,2689.0,5.088089330024814,High
45d0af2c709de47268c80c35a117de44,SHIEY382SR75SXEY,Malhar Niko Male Doll Showpiece  -  25 cm,http://www.flipkart.com/malhar-niko-male-doll-showpiece-25-cm/p/itmey382drsj8cbj?pid=SHIEY382SR75SXEY,2015-12-01 12:40:44+00:00,Home Decor & Festive Needs,Malhar,6395.0,5436.0,,True,True,14.996090695856138,927,426.5,1250.0,0.0,2485.25,5.083181542197936,High
c65fa0b38ab99792630468bd7dd26416,SNRE8BXBZET8CZBT,Aveeno Protect + Hydrate Broad Spectrum Spf 70 Sunscreen Lotion - SPF 70 PA+,http://www.flipkart.com/aveeno-protect-hydrate-broad-spectrum-spf-70-sunscreen-lotion-pa/p/itme8bxb2tbzcfgs?pid=SNRE8BXBZET8CZBT,2015-12-31 09:19:31+00:00,Beauty and Personal Care,Unknown,1950.0,1389.0,,True,True,28.76923076923077,709,299.0,479.0,29.0,749.0,5.055555555555555,High
834818b27ae74cbbb37d02b725026f85,RCTDBTJ6ZHJ3H2XF,XQ Chevrolet Camaro,http://www.flipkart.com/xq-chevrolet-camaro/p/itmdbtjckfgfcfgf?pid=RCTDBTJ6ZHJ3H2XF,2016-01-01 19:37:22+00:00,Toys & School Supplies,Unknown,2399.0,2399.0,3.9,True,True,0.0,329,179.0,550.0,0.0,1106.5,4.9838274932614555,High
930581590ada02c33f81ff157bfe093e,RCTECNPQGGB4ZGAZ,Mera Toy Shop Audi Q7 White,http://www.flipkart.com/mera-toy-shop-audi-q7-white/p/itmecnpqmnteaewy?pid=RCTECNPQGGB4ZGAZ,2016-01-01 13:15:34+00:00,Toys & School Supplies,Unknown,2399.0,2399.0,,True,True,0.0,329,179.0,550.0,0.0,1106.5,4.9838274932614555,High
c58f471c720d4e961b490ec18438267c,DREE4DF4DQYMGDJV,For Kids Girl's A-line Dress,http://www.flipkart.com/kids-girl-s-a-line-dress/p/itme4df4z5g378nc?pid=DREE4DF4DQYMGDJV,2016-01-06 18:20:45+00:00,Clothing,Unknown,5799.0,2899.0,,True,True,50.00862217623728,6171,374.0,799.0,0.0,1436.5,4.9411764705882355,High
152e0aa4b19e3687555fdca123e17943,CRTE8ZZWHBBQ736Q,3D Mat Floor Car Mat Toyota Innova,http://www.flipkart.com/3d-mat-floor-car-toyota-innova/p/itme8zzwta4k8nwy?pid=CRTE8ZZWHBBQ736Q,2015-12-01 12:40:44+00:00,Automotive,3D Mat,7250.0,6999.0,,True,True,3.462068965517241,1010,499.0,1599.0,0.0,3249.0,4.909090909090909,High
d14f51352a348f21b303e8d9d05427bd,STIDZZTWRGFHMNCZ,WallDesign PVC Sticker,http://www.flipkart.com/walldesign-pvc-sticker/p/itmdzztwhhvm8c6y?pid=STIDZZTWRGFHMNCZ,2015-12-29 05:07:38+00:00,Home Decor & Festive Needs,WallDesign,5899.0,5279.0,,True,True,10.510255975589082,927,426.5,1250.0,0.0,2485.25,4.892531876138434,High
29688955d97c4406b6bf909b9a3b441d,AFGEFM63JPXCCTHN,Tokidoki Unicornos Series 3 Figure,http://www.flipkart.com/tokidoki-unicornos-series-3-figure/p/itmefm63hb4gwafk?pid=AFGEFM63JPXCCTHN,2016-03-03 06:06:42+00:00,Toys & School Supplies,Tokidoki,2779.0,2362.0,,True,True,15.00539762504498,329,179.0,550.0,0.0,1106.5,4.884097035040432,High
e892560379c62cad3893d91ef4f5f8b0,SHIE8HXEEX69GA9F,Surface 180 Wooden Elephant Shape Stool With Metal Fitting Showpiece  -  34.02 cm,http://www.flipkart.com/surface-180-wooden-elephant-shape-stool-metal-fitting-showpiece-34-02-cm/p/itme8hxeaxq4cf65?pid=SHIE8HXEEX69GA9F,2015-12-01 12:40:44+00:00,Home Decor & Festive Needs,Surface 180,6545.0,5236.0,,True,True,20.0,927,426.5,1250.0,0.0,2485.25,4.840315725561627,High
059493eeb88ebb4cc08d1522f3f87c3f,VANE8KP4GWZPNKQZ,Thar Handloom Stylish Multicolor Jewellery Box Jewellery and Makeup items Vanity Case,http://www.flipkart.com/thar-handloom-stylish-multicolor-jewellery-box-makeup-items-vanity-case/p/itme8kp4getykp7f?pid=VANE8KP4GWZPNKQZ,2016-01-04 00:20:04+00:00,Beauty and Personal Care,Unknown,1455.0,1350.0,,True,True,7.216494845360825,709,299.0,479.0,29.0,749.0,4.838888888888889,High
1d663af0c8d3b0dc6c06f4b3796d7df5,STIEC889KYMHUN3T,Wallmantra Extra Large Vinyl Sticker Sticker,http://www.flipkart.com/wallmantra-extra-large-vinyl-sticker/p/itmec889bhben9sg?pid=STIEC889KYMHUN3T,2015-12-01 10:15:43+00:00,Baby Care,Wallmantra,8877.0,3414.0,,True,True,61.541061169313956,481,499.0,999.0,0.0,1749.0,4.83,High
13087543e362e7cf662389494c516740,ETHEGBVZJYJKHKZH,Lajo Women's Salwar and Dupatta Set,http://www.flipkart.com/lajo-women-s-salwar-dupatta-set/p/itmegbvz8bzbjbgr?pid=ETHEGBVZJYJKHKZH,2016-03-03 06:06:42+00:00,Clothing,Lajo,5500.0,2847.0,,True,True,48.236363636363635,6171,374.0,799.0,0.0,1436.5,4.818823529411764,High
731a105b461d0818f0726bc1eb5d9c27,ETHEGBVZYY5VGZU4,Lajo Women's Salwar and Dupatta Set,http://www.flipkart.com/lajo-women-s-salwar-dupatta-set/p/itmegbvztsrj6s74?pid=ETHEGBVZYY5VGZU4,2016-03-03 06:06:42+00:00,Clothing,Lajo,5500.0,2847.0,,True,True,48.236363636363635,6171,374.0,799.0,0.0,1436.5,4.818823529411764,High
a425adbff088b50ebd3c88b3d1a9b480,PCSE76X4VRQYUPQH,Rk Plant Container Set,http://www.flipkart.com/rk-plant-container-set/p/itme76x4ahztkkgr?pid=PCSE76X4VRQYUPQH,2016-01-07 05:50:25+00:00,Tools & Hardware,Rk,4999.0,3999.0,,True,True,20.004000800160032,387,375.0,999.0,0.0,1935.0,4.8076923076923075,High
142994b421c052a6193052c6c8c3d076,SNREFCHPZR8YGBSX,La Roche-Posay Anthelios XL Fluid Dry Touch Gel-Cream - SPF 50 PA+,http://www.flipkart.com/la-roche-posay-anthelios-xl-fluid-dry-touch-gel-cream-spf-50-pa/p/itmefchpgqhmgkpm?pid=SNREFCHPZR8YGBSX,2015-12-31 09:19:31+00:00,Beauty and Personal Care,Unknown,1400.0,1344.0,3.8,True,True,4.0,709,299.0,479.0,29.0,749.0,4.805555555555555,High
17582ae953860b5320683768b8e97d3a,HRCEHF2C2XQKQZHM,Garnier Nutrisse Haircolor Hair Color,http://www.flipkart.com/garnier-nutrisse-haircolor-hair-color/p/itmehf2cx3efmgc5?pid=HRCEHF2C2XQKQZHM,2016-03-22 19:59:16+00:00,Beauty and Personal Care,Garnier,2358.0,1337.0,,True,True,43.299406276505515,709,299.0,479.0,29.0,749.0,4.766666666666667,High
58b5df249a8249d158c3b2f04b1b1095,SHIEBAXYS3FUTX8Z,Diviniti Dg Royal Ornamental Size 2.5 Murgan Religious Wall Hanging Showpiece  -  28 cm,http://www.flipkart.com/diviniti-dg-royal-ornamental-size-2-5-murgan-religious-wall-hanging-showpiece-28-cm/p/itmebaxysz8xypvh?pid=SHIEBAXYS3FUTX8Z,2016-01-04 00:20:04+00:00,Home Decor & Festive Needs,Diviniti,5140.0,5140.0,,True,True,0.0,927,426.5,1250.0,0.0,2485.25,4.723740133576199,High
0bee777379a8bcd09526883880a6f66e,STIEC889ZBGBQHHG,Wallmantra Extra Large Vinyl Sticker Sticker,http://www.flipkart.com/wallmantra-extra-large-vinyl-sticker/p/itmec889rvju7zj2?pid=STIEC889ZBGBQHHG,2015-12-01 10:15:43+00:00,Baby Care,Wallmantra,8727.0,3357.0,,True,True,61.53317291165349,481,499.0,999.0,0.0,1749.0,4.716,High
2d79e42c09ec9b4c2a7c0c434e048d15,BZREEA4MHGKY7UHX,Allen Solly Solid Single Breasted Casual Boy's Blazer,http://www.flipkart.com/allen-solly-solid-single-breasted-casual-boy-s-blazer/p/itmedffgy9vxkxat?pid=BZREEA4MHGKY7UHX,2016-04-24 18:34:50+00:00,Clothing,Allen Solly,2799.0,2799.0,,True,True,0.0,6171,374.0,799.0,0.0,1436.5,4.705882352941177,High
866e0881f56ad77a41f0e67b2f7c7e99,JCKEDGHEZPXRVFAH,Fasnoya Full Sleeve Self Design Women's Jacket,http://www.flipkart.com/fasnoya-full-sleeve-self-design-women-s-jacket/p/itmedghesde8kqda?pid=JCKEDGHEZPXRVFAH,2016-01-04 00:20:04+00:00,Clothing,Unknown,5999.0,2799.0,,True,True,53.34222370395066,6171,374.0,799.0,0.0,1436.5,4.705882352941177,High
f8542c6591d5014550347048a9dcc384,JEAE7MP33MGCTPHK,Provogue Slim Fit Men's Jeans,http://www.flipkart.com/provogue-slim-fit-men-s-jeans/p/itme7mp3znzf39tm?pid=JEAE7MP33MGCTPHK,2015-12-12 11:46:53+00:00,Clothing,Slim,2799.0,2799.0,,True,True,0.0,6171,374.0,799.0,0.0,1436.5,4.705882352941177,High
6a17d185aed15aa1a702e0b62b8d2996,SHIE7BZ9XWCHEYPG,Marwar Antique Graham Bell Telephone with Dial Showpiece  -  30 cm,http://www.flipkart.com/marwar-antique-graham-bell-telephone-dial-showpiece-30-cm/p/itme7bz9putz4rhz?pid=SHIE7BZ9XWCHEYPG,2015-12-01 12:40:44+00:00,Home Decor & Festive Needs,Marwar,6799.0,5099.0,,True,True,25.003677011325195,927,426.5,1250.0,0.0,2485.25,4.673952641165756,High
d873d318e9fe16479703bf1512cfbc4c,CNDEGVK2ZMCGSCEQ,Paul Mitchell Tea Tree Lavender Mint Moisturizing Unisex Conditioner,http://www.flipkart.com/paul-mitchell-tea-tree-lavender-mint-moisturizing-unisex-conditioner/p/itmegvk2xkgfvch7?pid=CNDEGVK2ZMCGSCEQ,2016-03-20 14:44:44+00:00,Beauty and Personal Care,Paul Mitchell,1682.0,1319.0,,True,True,21.581450653983353,709,299.0,479.0,29.0,749.0,4.666666666666667,High
5959d56bb43c04a5c3f0d6339f8c2527,PACE4NXHHGTHK3QC,Seven Seas Rocker Pizza Cutter,http://www.flipkart.com/seven-seas-rocker-pizza-cutter/p/itme4nxhuwq4by5t?pid=PACE4NXHHGTHK3QC,2015-12-01 12:40:44+00:00,Kitchen & Dining,Seven Seas,2352.0,2352.0,,True,True,0.0,645,199.0,582.0,0.0,1156.5,4.6214099216710185,High
ea3dc11b461187a334d6edcc81706e2f,PTPDVPEXFUZNDZZH,Hawkins Futura Hard Anodized Deep-Fry Pan 7.5 L 360 mm Kadhai 7.5 L,http://www.flipkart.com/hawkins-futura-hard-anodized-deep-fry-pan-7-5-l-360-mm-kadhai/p/itmdvrh4wskwjgfs?pid=PTPDVPEXFUZNDZZH,2015-12-01 12:40:44+00:00,Kitchen & Dining,Hawkins,2650.0,2350.0,5.0,True,True,11.320754716981131,645,199.0,582.0,0.0,1156.5,4.616187989556136,High
0b8c4bc35aee94af356cb1fd2dfa0219,PRCDXZP2ZFHQHUH7,Prestige Deluxe Plus 10 L Pressure Cooker,http://www.flipkart.com/prestige-deluxe-plus-10-l-pressure-cooker/p/itmdyaqzhbqrrpjb?pid=PRCDXZP2ZFHQHUH7,2015-12-03 21:49:05+00:00,Kitchen & Dining,Prestige,2760.0,2345.0,3.0,True,True,15.03623188405797,645,199.0,582.0,0.0,1156.5,4.603133159268929,High
e97b4e7e38bb73056bb1f592f10da48f,KTAEJHDKFWHH7YC8,AaliyaB Embellished Women's Flared Kurta,http://www.flipkart.com/aaliyab-embellished-women-s-flared-kurta/p/itmejhdkws3tuwwz?pid=KTAEJHDKFWHH7YC8,2016-06-13 19:06:01+00:00,Clothing,AaliyaB,3950.0,2750.0,,True,True,30.379746835443036,6171,374.0,799.0,0.0,1436.5,4.590588235294118,High
3a41f150ea501883acda2cb1d79bfb79,CPLEHB7C7ZJGHEQU,Ocean OPGDG-4/100 Digital Caliper,http://www.flipkart.com/ocean-opgdg-4-100-digital-caliper/p/itmehb7cfw7e9zrk?pid=CPLEHB7C7ZJGHEQU,2016-04-24 18:34:50+00:00,Home Improvement,Ocean,4200.0,3800.0,,True,True,9.523809523809524,79,150.0,804.5,0.0,1786.25,4.576776165011459,High
920e9c2323ad683b7256a44d91d8896e,VANEGPA7YHEVNMBF,Soulful Threads Yellow Thread Aari Embroidered Accessories Vanity Multi Purpose,http://www.flipkart.com/soulful-threads-yellow-thread-aari-embroidered-accessories-vanity-multi-purpose/p/itmegpa73mgh5s2e?pid=VANEGPA7YHEVNMBF,2016-03-12 14:25:06+00:00,Beauty and Personal Care,Soulful Threads,1625.0,1300.0,,True,True,20.0,709,299.0,479.0,29.0,749.0,4.561111111111111,High
cabeeb2c7f68a833964bf7329d360886,LSKEBQ8T4BJMATMX,Foolzy Pack of 24 Lipsticks 84 g,http://www.flipkart.com/foolzy-pack-24-lipsticks-84-g/p/itmebjhxyqthagdv?pid=LSKEBQ8T4BJMATMX,2016-01-02 02:22:28+00:00,Beauty and Personal Care,Unknown,2499.0,1299.0,5.0,True,True,48.019207683073226,709,299.0,479.0,29.0,749.0,4.555555555555555,High
e89913672d0fae00cb1cdf5eb7902cad,SNRECKFC9SYZY9NG,Yc UV Sunscreen Lotion - SPF 0 PA+,http://www.flipkart.com/yc-uv-sunscreen-lotion-spf-0-pa/p/itmeckfcmc9quxda?pid=SNRECKFC9SYZY9NG,2015-12-31 09:19:31+00:00,Beauty and Personal Care,Unknown,2000.0,1299.0,,True,True,35.05,709,299.0,479.0,29.0,749.0,4.555555555555555,High
3a7a6e6f858de848452bff32b579a28d,SHIEBZB4JHGWHX5Z,Tatvaarts Bullock Cart ( Big) Showpiece  -  13.97 cm,http://www.flipkart.com/tatvaarts-bullock-cart-big-showpiece-13-97-cm/p/itmebzb4kzuw6tf6?pid=SHIEBZB4JHGWHX5Z,2015-12-01 12:40:44+00:00,Home Decor & Festive Needs,Tatvaarts,5900.0,5000.0,,True,True,15.254237288135593,927,426.5,1250.0,0.0,2485.25,4.553734061930784,High
b3b5c699068e4ccc8707f79930b62460,VANE4VND2XHZRCNT,Pride Elegant And Strong Vanity Box For Safe Storage And Carring Items Makeup Vanity Case,http://www.flipkart.com/pride-elegant-strong-vanity-box-safe-storage-carring-items-makeup-case/p/itme4vndnjfxgs4y?pid=VANE4VND2XHZRCNT,2016-01-04 00:20:04+00:00,Beauty and Personal Care,Unknown,2000.0,1295.0,,True,True,35.25,709,299.0,479.0,29.0,749.0,4.533333333333333,High
414d2065e1aed847064bcf14538eabc8,BLAEAWABHH3G8ENS,Raymond Abstract Double Blanket Blue,http://www.flipkart.com/raymond-abstract-double-blanket-blue/p/itmeawabxpqn3zfc?pid=BLAEAWABHH3G8ENS,2015-12-12 11:46:53+00:00,Home Furnishing,Raymond,4999.0,4999.0,,True,True,0.0,700,523.0,1332.0,0.0,2545.5,4.5327564894932015,High
9d630e6aec58f3828a87cd80777632f8,BLAEAWABPWE6CUJP,Raymond Abstract Double Blanket Beige,http://www.flipkart.com/raymond-abstract-double-blanket-beige/p/itmeawabxu3e8t2w?pid=BLAEAWABPWE6CUJP,2015-12-12 11:46:53+00:00,Home Furnishing,Raymond,4999.0,4999.0,,True,True,0.0,700,523.0,1332.0,0.0,2545.5,4.5327564894932015,High
ca82e1f23bb6cac66a32fce1c22534a3,BLAEAWAA2ZEZWKYU,Raymond Abstract Single Blanket Brown,http://www.flipkart.com/raymond-abstract-single-blanket-brown/p/itmeawaanebv7zqq?pid=BLAEAWAA2ZEZWKYU,2015-12-12 11:46:53+00:00,Home Furnishing,Raymond,4999.0,4999.0,,True,True,0.0,700,523.0,1332.0,0.0,2545.5,4.5327564894932015,High
eb1f0a796bc99a88b6b690a2c6060d4c,BLAEAWAAAQEUY6SW,Raymond Abstract Single Blanket Brown,http://www.flipkart.com/raymond-abstract-single-blanket-brown/p/itmeawaakukcygx8?pid=BLAEAWAAAQEUY6SW,2015-12-12 11:46:53+00:00,Home Furnishing,Raymond,4999.0,4999.0,,True,True,0.0,700,523.0,1332.0,0.0,2545.5,4.5327564894932015,High
aefec494653db7ca8469d1164d5e0e75,SNDE8F4RZRK7WGZF,Heel & Buckle Women Flats,http://www.flipkart.com/heel-buckle-women-flats/p/itme8f4rhgzmeh72?pid=SNDE8F4RZRK7WGZF,2016-01-01 13:15:34+00:00,Footwear,Unknown,6210.0,6210.0,,True,True,0.0,1225,499.0,1540.0,0.0,3101.5,4.486071085494717,High
70513f93fc5179bef105332a1c1ce487,DREEDTNSGFUFPYBQ,Divaat Women's Peplum Dress,http://www.flipkart.com/divaat-women-s-peplum-dress/p/itmedtnsy8gscjby?pid=DREEDTNSGFUFPYBQ,2016-01-07 00:54:41+00:00,Clothing,Unknown,2700.0,2700.0,,True,True,0.0,6171,374.0,799.0,0.0,1436.5,4.472941176470588,High
2411a199b12287d73cdf5aa06c03d029,FABEH3PHY4AFAZ6U,VIHA Net Embroidered Semi-stitched Salwar Suit Dupatta Material,http://www.flipkart.com/viha-net-embroidered-semi-stitched-salwar-suit-dupatta-material/p/itmeh3phjuuhysqr?pid=FABEH3PHY4AFAZ6U,2016-03-25 15:39:25+00:00,Clothing,VIHA,4999.0,2699.0,,True,True,46.00920184036807,6171,374.0,799.0,0.0,1436.5,4.470588235294118,High
53b71b83779410e8be387b194cb10590,JCKEEAEZMGBEXQFK,Pulpypapaya Sleeveless Printed Men's Jacket,http://www.flipkart.com/pulpypapaya-sleeveless-printed-men-s-jacket/p/itmeeaezbr8fdz5r?pid=JCKEEAEZMGBEXQFK,2016-01-07 00:54:41+00:00,Clothing,Unknown,2699.0,2699.0,,True,True,0.0,6171,374.0,799.0,0.0,1436.5,4.470588235294118,High
64dfb19ee3492d321d73d1b85c8c923f,FABEH3PHHZ37AZAF,VIHA Net Embroidered Semi-stitched Salwar Suit Dupatta Material,http://www.flipkart.com/viha-net-embroidered-semi-stitched-salwar-suit-dupatta-material/p/itmeh3phdagufagf?pid=FABEH3PHHZ37AZAF,2016-03-25 15:39:25+00:00,Clothing,VIHA,4999.0,2699.0,,True,True,46.00920184036807,6171,374.0,799.0,0.0,1436.5,4.470588235294118,High
e6a2bb5877349e9d0def0ae78c3dcb73,FABEH3PHASHTTANZ,VIHA Net Embroidered Semi-stitched Salwar Suit Dupatta Material,http://www.flipkart.com/viha-net-embroidered-semi-stitched-salwar-suit-dupatta-material/p/itmeh3phkyuukspk?pid=FABEH3PHASHTTANZ,2016-03-25 15:39:25+00:00,Clothing,VIHA,4999.0,2699.0,,True,True,46.00920184036807,6171,374.0,799.0,0.0,1436.5,4.470588235294118,High
cf6ec2f6a0d4d6efc007a5607df8980c,TSHEDHZWTCXSFSVS,Northern Lights Solid Men's Polo Neck T-Shirt,http://www.flipkart.com/northern-lights-solid-men-s-polo-neck-t-shirt/p/itmedhzww8rhh2hk?pid=TSHEDHZWTCXSFSVS,2015-12-13 00:29:55+00:00,Clothing,Unknown,2698.0,2698.0,,True,True,0.0,6171,374.0,799.0,0.0,1436.5,4.468235294117647,High
07914681a6b6f7695bd25f9fd168f0ac,TROEGNQDQNGN99PJ,Vero Moda Regular Fit Women's Trousers,http://www.flipkart.com/vero-moda-regular-fit-women-s-trousers/p/itmegnqduzgdwc7q?pid=TROEGNQDQNGN99PJ,2016-03-11 11:26:55+00:00,Clothing,Vero Moda,2695.0,2695.0,,True,True,0.0,6171,374.0,799.0,0.0,1436.5,4.461176470588235,High
83bf8fd064709464e216e35493e642e7,DREEHFYM6BFM8XJ2,Vero Moda Women's Shift Dress,http://www.flipkart.com/vero-moda-women-s-shift-dress/p/itmehfymfteq9ywf?pid=DREEHFYM6BFM8XJ2,2016-04-02 19:26:28+00:00,Clothing,Vero Moda,2695.0,2695.0,,True,True,0.0,6171,374.0,799.0,0.0,1436.5,4.461176470588235,High
9248787d5fe10b6afb557be8acf1c769,TOPECUZYVBVQ3FEZ,Vero Moda Casual 3/4 Sleeve Embellished Women's Top,http://www.flipkart.com/vero-moda-casual-3-4-sleeve-embellished-women-s-top/p/itmecuzyfwdrrrz3?pid=TOPECUZYVBVQ3FEZ,2016-01-07 00:54:41+00:00,Clothing,Unknown,2695.0,2695.0,,True,True,0.0,6171,374.0,799.0,0.0,1436.5,4.461176470588235,High
3d3fb0111a8c8c0c4c337223de76d4fa,RTRD4D3EGBAYBG2C,NETGEAR WNDR4000 N750 WIRELESS DUAL BAND GIGABIT Router,http://www.flipkart.com/netgear-wndr4000-n750-wireless-dual-band-gigabit-router/p/itmd4d3ffheg6hft?pid=RTRD4D3EGBAYBG2C,2015-12-01 06:13:00+00:00,Computers,Netgear,12900.0,9310.0,5.0,True,True,27.829457364341085,573,350.0,1995.0,0.0,4462.5,4.446808510638298,High
7bf8feeeaefc8d0adeb7ed3c6de5e039,STCEGDYJXWPN4VFY,Polo House USA ExclusiveTrolleyBag15OE Cabin Luggage - 20,http://www.flipkart.com/polo-house-usa-exclusivetrolleybag15oe-cabin-luggage-20/p/itmegdyjkg2nsxdh?pid=STCEGDYJXWPN4VFY,2016-03-03 06:06:42+00:00,"Bags, Wallets & Belts",Polo House USA,12999.0,4207.0,,True,True,67.63597199784599,264,399.0,1099.0,0.0,2149.0,4.44,High
4b9b9d6866632aec482661b39153843a,SHIE2XDXQA5SDTYP,S C Handicrafts Showpiece  -  23 cm,http://www.flipkart.com/s-c-handicrafts-showpiece-23-cm/p/itme2xdxhhqrcgh7?pid=SHIE2XDXQA5SDTYP,2015-12-01 12:40:44+00:00,Home Decor & Festive Needs,S C Handicrafts,5950.0,4900.0,,True,True,17.647058823529413,927,426.5,1250.0,0.0,2485.25,4.432301153612629,High
b49067de52e85f049574023ddde409f1,PRCEGJCJDPQ2YVYY,United 5 L Pressure Cooker,http://www.flipkart.com/united-5-l-pressure-cooker/p/itmegjcjhjkrwmhh?pid=PRCEGJCJDPQ2YVYY,2016-04-02 19:26:28+00:00,Kitchen & Dining,United,2275.0,2275.0,,True,True,0.0,645,199.0,582.0,0.0,1156.5,4.420365535248042,High
4081f57bf8fc17b5f8b61196275ed89d,SHIEB85ZRAUWMFTT,Diviniti DG 3 Khanda Sahib With Gold Plated Foil Wall Hanging Showpiece  -  32.5 cm,http://www.flipkart.com/diviniti-dg-3-khanda-sahib-gold-plated-foil-wall-hanging-showpiece-32-5-cm/p/itmeb85zahgtzww9?pid=SHIEB85ZRAUWMFTT,2016-01-04 00:20:04+00:00,Home Decor & Festive Needs,Diviniti,4890.0,4890.0,,True,True,0.0,927,426.5,1250.0,0.0,2485.25,4.420157862780814,High
af171aac4fb22f4a32fd6717903c7554,SHIE9FMP2BGPTKNG,Lal Haveli Traditional Hand Crafted Beautiful Iron Musician 5 Pcs Set Showpiece  -  50 cm,http://www.flipkart.com/lal-haveli-traditional-hand-crafted-beautiful-iron-musician-5-pcs-set-showpiece-50-cm/p/itme9fmptbgehkdj?pid=SHIE9FMP2BGPTKNG,2015-12-01 12:40:44+00:00,Home Decor & Festive Needs,Lal Haveli,6500.0,4874.0,,True,True,25.015384615384615,927,426.5,1250.0,0.0,2485.25,4.400728597449909,High
05395e0a0cd9fbe729ca6ea508ebc889,SHIE9FMPNPC7ZGGZ,Lal Haveli Iron & Wood Embossed Painting Iron Decorative Musician Figurine Set of 5 Pieces Showpiece  -  42 cm,http://www.flipkart.com/lal-haveli-iron-wood-embossed-painting-decorative-musician-figurine-set-5-pieces-showpiece-42-cm/p/itme9fmpzhud9bf9?pid=SHIE9FMPNPC7ZGGZ,2015-12-01 12:40:44+00:00,Home Decor & Festive Needs,Lal Haveli,6500.0,4869.0,,True,True,25.092307692307692,927,426.5,1250.0,0.0,2485.25,4.394656952034001,High
2432372e72a48611990ce38f8a4100e1,GLSEEANP3Z43QAUA,Luigi Bormioli 10405/02,http://www.flipkart.com/luigi-bormioli-10405-02/p/itmeeanptahax5ha?pid=GLSEEANP3Z43QAUA,2015-12-31 09:19:31+00:00,Kitchen & Dining,Luigi Bormioli,2257.0,2257.0,,True,True,0.0,645,199.0,582.0,0.0,1156.5,4.3733681462141,High
44218245b37581c534038cc27d081093,BIBEJCBYFTQDKZNT,Cheeky Chompers The Neckerchew - Simple Classic,http://www.flipkart.com/cheeky-chompers-neckerchew-simple-classic/p/itmejcbygsegj6bj?pid=BIBEJCBYFTQDKZNT,2016-06-20 15:20:40+00:00,Baby Care,Cheeky Chompers,4453.0,3181.0,,True,True,28.565012351223896,481,499.0,999.0,0.0,1749.0,4.364,High
09d897363ae989e3b38719eca1da220b,FABEGCZQPT3VWTQU,Fashion Forever Georgette Embroidered Multi-purpose Fabric,http://www.flipkart.com/fashion-forever-georgette-embroidered-multi-purpose-fabric/p/itmegczqkwhur4rj?pid=FABEGCZQPT3VWTQU,2016-05-20 04:42:46+00:00,Clothing,Fashion Forever,3699.0,2649.0,,True,True,28.386050283860502,6171,374.0,799.0,0.0,1436.5,4.352941176470588,High
f70dcce625d89440670ae20feb03c863,WABEAHVERGBGCHZQ,Centurion Basins LBRW Table Top Basin,http://www.flipkart.com/centurion-basins-lbrw-table-top-basin/p/itmeahvegrwaxte9?pid=WABEAHVERGBGCHZQ,2015-12-01 06:13:00+00:00,Home Improvement,Multicolor,5500.0,3650.0,,True,True,33.63636363636363,79,150.0,804.5,0.0,1786.25,4.347593582887701,High
a0b87d68750447e4cbd922a452920e22,EROEJ5RGZQBZSKHS,TOMAFO Car,http://www.flipkart.com/tomafo-car/p/itmej5rgz9kyrrph?pid=EROEJ5RGZQBZSKHS,2016-06-09 00:13:42+00:00,Toys & School Supplies,TOMAFO,2399.0,2159.0,,True,True,10.00416840350146,329,179.0,550.0,0.0,1106.5,4.336927223719677,High
2fc197b5c845082b59677debb550baf1,HRCEGXJPZH7KJXZD,Garnier Nutrisse Ultra Color Hair Dye Hair Color,http://www.flipkart.com/garnier-nutrisse-ultra-color-hair-dye/p/itmegxjpufpjtkwn?pid=HRCEGXJPZH7KJXZD,2016-03-22 19:59:16+00:00,Beauty and Personal Care,Garnier,2279.0,1259.0,,True,True,44.75647213690215,709,299.0,479.0,29.0,749.0,4.333333333333333,High
48d8d158de4f526f3e0f810e8f3b17e5,BLUEGT8Z5ZGGHGQB,E.L.F Blush,http://www.flipkart.com/e-l-f-blush/p/itmegt8zbp3zxdgz?pid=BLUEGT8Z5ZGGHGQB,2016-03-21 02:58:41+00:00,Beauty and Personal Care,E.L.F,1400.0,1256.0,,True,True,10.285714285714286,709,299.0,479.0,29.0,749.0,4.316666666666666,High
b5baa3541cf85ae6059f14dfb69a9ad9,DREECRS4CMPZGBJ4,Betty Girl's Maxi Dress,http://www.flipkart.com/betty-girl-s-maxi-dress/p/itmecrs4hfghyyxf?pid=DREECRS4CMPZGBJ4,2016-01-06 18:20:45+00:00,Clothing,Unknown,2630.0,2630.0,,True,True,0.0,6171,374.0,799.0,0.0,1436.5,4.308235294117647,High
9c4ab8ab059c912090c83cb0818e7f1c,SHIE9J6ZRMDMGTF9,Lal Haveli Rajasthani Wooden Crafted Unique Chowkidar Statues Wooden Darwam Showpiece  -  50.8 cm,http://www.flipkart.com/lal-haveli-rajasthani-wooden-crafted-unique-chowkidar-statues-darwam-showpiece-50-8-cm/p/itme9j6pdghgswux?pid=SHIE9J6ZRMDMGTF9,2015-12-01 12:40:44+00:00,Home Decor & Festive Needs,Lal Haveli,6400.0,4795.0,,True,True,25.078125,927,426.5,1250.0,0.0,2485.25,4.304796599878567,High
e155c770d05243e6cade23e0d5b5a9a8,STIE8XF6AUHBWDMB,Wallmantra Extra Large Vinyl Sticker,http://www.flipkart.com/wallmantra-extra-large-vinyl-sticker/p/itme8xf6tpgzcyqh?pid=STIE8XF6AUHBWDMB,2015-12-29 05:07:38+00:00,Home Decor & Festive Needs,Wallmantra,5268.0,4789.0,,True,True,9.092634776006074,927,426.5,1250.0,0.0,2485.25,4.297510625379478,High
715d882efdc8b62350a6a79eca22900c,TOPEGFZAC6CHWUVA,INDRICKA Casual Butterfly Sleeve Solid Women's Top,http://www.flipkart.com/indricka-casual-butterfly-sleeve-solid-women-s-top/p/itmegfzyxth3dvst?pid=TOPEGFZAC6CHWUVA,2016-03-03 23:09:59+00:00,Clothing,INDRICKA,2624.0,2624.0,,True,True,0.0,6171,374.0,799.0,0.0,1436.5,4.294117647058823,High
4b500e244f11a45f5171bd3665413044,SHTEJK9URXWQB7CJ,Jacadi paris Baby Boy's Striped Casual Blue Shirt,http://www.flipkart.com/jacadi-paris-baby-boy-s-striped-casual-blue-shirt/p/itmejk9ur9zxmtzk?pid=SHTEJK9URXWQB7CJ,2016-06-14 18:49:44+00:00,Baby Care,Jacadi paris,3699.0,3145.0,,True,True,14.977020816436875,481,499.0,999.0,0.0,1749.0,4.292,High
8f572e1515a1c71eefeadd7b136a9291,PRCEGXNFFZ2MHBYN,United 3 L Pressure Cooker,http://www.flipkart.com/united-3-l-pressure-cooker/p/itmegxnfsg8ddfse?pid=PRCEGXNFFZ2MHBYN,2016-04-02 19:26:28+00:00,Kitchen & Dining,United,2222.0,2222.0,,True,True,0.0,645,199.0,582.0,0.0,1156.5,4.281984334203655,High
2d50e4c6ccf8befe9335ac8f97a11712,CNDEGVE65UWDPCYC,Burt s Bees Hair Repair Shea And Grapefruit Deep Conditioner,http://www.flipkart.com/burt-s-bees-hair-repair-shea-grapefruit-deep-conditioner/p/itmegve9fhmvwz3s?pid=CNDEGVE65UWDPCYC,2016-03-20 14:44:44+00:00,Beauty and Personal Care,Burt s Bees,2712.0,1248.0,,True,True,53.982300884955755,709,299.0,479.0,29.0,749.0,4.272222222222222,High
a14c29656351a0c5de1922b61f210087,FSEEJVNPCDNP3QGG,Ganga 2110 Eva Wall Mixer With Bend For Arrangement of Overhead Shower Faucet Set,http://www.flipkart.com/ganga-2110-eva-wall-mixer-bend-arrangement-overhead-shower-faucet-set/p/itmejvnpmz5xe7ds?pid=FSEEJVNPCDNP3QGG,2016-06-24 16:03:26+00:00,Home Improvement,Ganga,3790.0,3600.0,,True,True,5.013192612137203,79,150.0,804.5,0.0,1786.25,4.271199388846448,High
2ddfb6dd93065504458a674d6abd6016,PENEJWJ5UTTSUR7N,Lamy Screen Metalic with Stylus Ball Pen,http://www.flipkart.com/lamy-screen-metalic-stylus-ball-pen/p/itmejwj54fsda2sn?pid=PENEJWJ5UTTSUR7N,2016-06-23 20:12:26+00:00,Pens & Stationery,Lamy,2150.0,1935.0,,True,True,10.0,313,225.0,550.0,0.0,1037.5,4.2615384615384615,High
35c3f927ea0ed43730d66dca22194fae,RTRE8EHVG8MKE29S,Linksys RE6500HG,http://www.flipkart.com/linksys-re6500hg/p/itme8ehvgyg7q4fm?pid=RTRE8EHVG8MKE29S,2015-12-01 06:13:00+00:00,Computers,Linksys,11199.0,8999.0,,True,True,19.644611125993393,573,350.0,1995.0,0.0,4462.5,4.2577507598784194,High
e9c758e3c893804ad68304ea0ccd872d,ACCEC8ASW8AQDHPW,Flyfilms Mattebox (FF-MB-600)  Lens Hood,http://www.flipkart.com/flyfilms-mattebox-ff-mb-600-lens-hood/p/itmec8asxdqahgf3?pid=ACCEC8ASW8AQDHPW,2015-12-29 05:07:38+00:00,Cameras & Accessories,Flyfilms,6900.0,4900.0,,True,True,28.985507246376812,72,674.0,1480.0,0.0,2689.0,4.2431761786600495,High
0bf7353789f85b700324d2024cddf2ac,SWSED2RFTWP3E8DH,Russell Athletic Full Sleeve Printed Women's Sweatshirt,http://www.flipkart.com/russell-athletic-full-sleeve-printed-women-s-sweatshirt/p/itmed2rfzgzjgzsz?pid=SWSED2RFTWP3E8DH,2015-12-03 03:14:16+00:00,Clothing,Unknown,2599.0,2599.0,,True,True,0.0,6171,374.0,799.0,0.0,1436.5,4.235294117647059,High
0eb56a7d506f5aad759339b19b754669,JEAE6SRJHCD9XAD8,Provogue Slim Fit Men's Jeans,http://www.flipkart.com/provogue-slim-fit-men-s-jeans/p/itme6srjck3cvbmy?pid=JEAE6SRJHCD9XAD8,2015-12-12 11:46:53+00:00,Clothing,Slim,2599.0,2599.0,,True,True,0.0,6171,374.0,799.0,0.0,1436.5,4.235294117647059,High
b205ec330f4b5e1cdd388b0e296e3c4d,TROECDKHH2MHYYH7,Arrow Sports Slim Fit Men's Trousers,http://www.flipkart.com/arrow-sports-slim-fit-men-s-trousers/p/itmecdkgqtuubzfu?pid=TROECDKHH2MHYYH7,2016-01-02 02:22:28+00:00,Clothing,Unknown,2599.0,2599.0,,True,True,0.0,6171,374.0,799.0,0.0,1436.5,4.235294117647059,High
cccebbd443a188b4c434a82416fced2d,JEAE6SRJX3Y8FHN5,Provogue Slim Fit Men's Jeans,http://www.flipkart.com/provogue-slim-fit-men-s-jeans/p/itme6srj8wwqqegk?pid=JEAE6SRJX3Y8FHN5,2015-12-12 11:46:53+00:00,Clothing,Slim,2599.0,2599.0,,True,True,0.0,6171,374.0,799.0,0.0,1436.5,4.235294117647059,High
d8c03c2204d84afa01bec4d46e5eec1f,JEAECN2QQWQVA5X9,Reckler Slim Fit Men's Jeans,http://www.flipkart.com/reckler-slim-fit-men-s-jeans/p/itmecn2pn9sehrxe?pid=JEAECN2QQWQVA5X9,2015-12-12 11:46:53+00:00,Clothing,Slim,5398.0,2599.0,,True,True,51.85253797702853,6171,374.0,799.0,0.0,1436.5,4.235294117647059,High
f80ba21b9e77fe3a4d0e944f86305f8d,JEAECN2PWUKFA9GJ,Reckler Slim Fit Men's Jeans,http://www.flipkart.com/reckler-slim-fit-men-s-jeans/p/itmecn2pzhhswznp?pid=JEAECN2PWUKFA9GJ,2015-12-04 07:25:36+00:00,Clothing,Slim,5398.0,2599.0,,True,True,51.85253797702853,6171,374.0,799.0,0.0,1436.5,4.235294117647059,High
f2bcc8d9ca2d2519b4432d8fe211003a,HRCEHF2CCUFD778C,Clairol Natural Instincts Vibrant Permanent  Hair Color,http://www.flipkart.com/clairol-natural-instincts-vibrant-permanent-hair-color/p/itmehf2c7qgg4d3s?pid=HRCEHF2CCUFD778C,2016-03-22 19:59:16+00:00,Beauty and Personal Care,Clairol,2271.0,1239.0,,True,True,45.442536327608984,709,299.0,479.0,29.0,749.0,4.222222222222222,High
caabe6014b914fe2874a9a8d7284f79b,SHIE8HXEFKFNFMF5,Surface 180 Elephant Shape Handpainted Wooden Round Stool Showpiece  -  17.78 cm,http://www.flipkart.com/surface-180-elephant-shape-handpainted-wooden-round-stool-showpiece-17-78-cm/p/itme8hxeye5bhefz?pid=SHIE8HXEFKFNFMF5,2015-12-01 12:40:44+00:00,Home Decor & Festive Needs,Surface 180,5880.0,4704.0,,True,True,20.0,927,426.5,1250.0,0.0,2485.25,4.194292653309047,High
2ede595489db33a036d135ce22645515,SHIEBYA7DVARZBKB,MCB Exports Mini 6 Drawer Chest Showpiece  -  33 cm,http://www.flipkart.com/mcb-exports-mini-6-drawer-chest-showpiece-33-cm/p/itmebya7guvatj5g?pid=SHIEBYA7DVARZBKB,2015-12-01 12:40:44+00:00,Home Decor & Festive Needs,MCB Exports,4999.0,4699.0,,True,True,6.00120024004801,927,426.5,1250.0,0.0,2485.25,4.188221007893139,High
3e6ac7ecc646d1d40cac926e29be483f,PLWE6S4BKHB5HZD2,JDX Plain Bed/Sleeping Pillow,http://www.flipkart.com/jdx-plain-bed-sleeping-pillow/p/itme6s4bxktkvjkp?pid=PLWE6S4BKHB5HZD2,2016-01-06 18:20:45+00:00,Home Furnishing,JDX,10999.0,4699.0,,True,True,57.277934357668876,700,523.0,1332.0,0.0,2545.5,4.161928306551298,High
064a2d144f3e99e4be60f00528bd0b45,BKPEGE8YCJTWDFTC,Puma Ferrari Replica 18.5 L Laptop Backpack,http://www.flipkart.com/puma-ferrari-replica-18-5-l-laptop-backpack/p/itmege8yz5mazrgp?pid=BKPEGE8YCJTWDFTC,2016-03-03 06:06:42+00:00,"Bags, Wallets & Belts",Puma,3999.0,3999.0,,True,True,0.0,264,399.0,1099.0,0.0,2149.0,4.142857142857143,High
d227308dcad85cb1020dcef74a142759,SLBEGE5MCXYDGGYA,Puma Women Black PU Shoulder Bag,http://www.flipkart.com/puma-women-black-pu-shoulder-bag/p/itmege5m78tzvaga?pid=SLBEGE5MCXYDGGYA,2016-03-02 19:09:22+00:00,"Bags, Wallets & Belts",Puma,3999.0,3999.0,,True,True,0.0,264,399.0,1099.0,0.0,2149.0,4.142857142857143,High
16f09cceec93d69b98502bf14bc04a81,RNGEAY8GRWYMYSAK,G-Luck Silver Turquoise NA K Ring,http://www.flipkart.com/g-luck-silver-turquoise-na-k-ring/p/itmeay8gn8fygn8z?pid=RNGEAY8GRWYMYSAK,2016-01-06 18:20:45+00:00,Jewellery,G-Luck,4888.0,4250.0,,True,True,13.052373158756138,3522,310.0,1076.75,0.0,2226.875,4.138571894359309,High
10a46f055c0932edd551740b1e984788,RTRD6FYY7B26SHXC,Netgear N600 Wireless Dual Band Gigabit ADSL2 Modem Router (DGND3700),http://www.flipkart.com/netgear-n600-wireless-dual-band-gigabit-adsl2-modem-router-dgnd3700/p/itmd6ffbdjgc8xgj?pid=RTRD6FYY7B26SHXC,2015-12-01 06:13:00+00:00,Computers,Netgear,12940.0,8800.0,3.6,True,True,31.993817619783616,573,350.0,1995.0,0.0,4462.5,4.13677811550152,High
3d0c6e896362138965a8080c039bba4b,ERGEHHBMMFHZYZVX,Velvetcase Smoky Quartz Textured Earrings Quartz Silver Stud Earring,http://www.flipkart.com/velvetcase-smoky-quartz-textured-earrings-silver-stud-earring/p/itmehhbmsernzzre?pid=ERGEHHBMMFHZYZVX,2016-04-10 10:50:08+00:00,Jewellery,Velvetcase,4242.0,4242.0,,True,True,0.0,3522,310.0,1076.75,0.0,2226.875,4.128138245842843,High
42ee1b2486658b0caa53dd1eb7aa9dff,CPLEHB7C7QYBDMTV,Ocean OPG/PTYDC-15 Dial Caliper,http://www.flipkart.com/ocean-opg-ptydc-15-dial-caliper/p/itmehb7ctgdg4ng2?pid=CPLEHB7C7QYBDMTV,2016-04-24 18:34:50+00:00,Home Improvement,Ocean,3800.0,3500.0,,True,True,7.894736842105263,79,150.0,804.5,0.0,1786.25,4.118411000763942,High
7e2c0234cc177f930d5d1c464eb71003,WRSEB2KNBGSYXGXY,Griptek Gk-002-14pcSet Double Sided Combination Wrench Set,http://www.flipkart.com/griptek-gk-002-14pcset-double-sided-combination-wrench-set/p/itmeb2kndukqw9ff?pid=WRSEB2KNBGSYXGXY,2016-01-01 19:37:22+00:00,Home Improvement,Griptek,4100.0,3500.0,,True,True,14.634146341463415,79,150.0,804.5,0.0,1786.25,4.118411000763942,High
0d726fd782cd8061ad4e43979fb66cca,LCHEGGRYVR3GDPEC,"fashion rudraksh Embroidered Women's Lehenga, Choli and Dupatta Set",http://www.flipkart.com/fashion-rudraksh-embroidered-women-s-lehenga-choli-dupatta-set/p/itmeggrymct6gyff?pid=LCHEGGRYVR3GDPEC,2016-03-07 11:41:25+00:00,Clothing,fashion rudraksh,5999.0,2549.0,,True,True,57.5095849308218,6171,374.0,799.0,0.0,1436.5,4.117647058823529,High
298a70a230467ca9f1af9288673ca9fe,LCHEGGRZHZYBZKKB,"fashion rudraksh Embroidered Women's Lehenga, Choli and Dupatta Set",http://www.flipkart.com/fashion-rudraksh-embroidered-women-s-lehenga-choli-dupatta-set/p/itmeggrzmxwfygdx?pid=LCHEGGRZHZYBZKKB,2016-03-07 11:41:25+00:00,Clothing,fashion rudraksh,5999.0,2549.0,,True,True,57.5095849308218,6171,374.0,799.0,0.0,1436.5,4.117647058823529,High
5a7a6d439fe456afab462af48b40b06c,LCHEGGGGGXNGZXYT,"fashion rudraksh Embroidered Women's Lehenga, Choli and Dupatta Set",http://www.flipkart.com/fashion-rudraksh-embroidered-women-s-lehenga-choli-dupatta-set/p/itmeggggczxnw9pg?pid=LCHEGGGGGXNGZXYT,2016-03-07 11:41:25+00:00,Clothing,fashion rudraksh,5999.0,2549.0,,True,True,57.5095849308218,6171,374.0,799.0,0.0,1436.5,4.117647058823529,High
628bac7ff19b5b2765bd332e97bf3214,LCHEGGRNZATVYFBZ,"fashion rudraksh Embroidered Women's Lehenga, Choli and Dupatta Set",http://www.flipkart.com/fashion-rudraksh-embroidered-women-s-lehenga-choli-dupatta-set/p/itmeggrnggjg3md6?pid=LCHEGGRNZATVYFBZ,2016-03-07 11:41:25+00:00,Clothing,fashion rudraksh,5999.0,2549.0,,True,True,57.5095849308218,6171,374.0,799.0,0.0,1436.5,4.117647058823529,High
7c6c37ebe0efa34ea7c3c400bb35d189,LCHEGGEKN7MH2G2Z,"fashion rudraksh Embroidered Women's Lehenga, Choli and Dupatta Set",http://www.flipkart.com/fashion-rudraksh-embroidered-women-s-lehenga-choli-dupatta-set/p/itmeggekyytyq4by?pid=LCHEGGEKN7MH2G2Z,2016-03-07 11:41:25+00:00,Clothing,fashion rudraksh,5999.0,2549.0,,True,True,57.5095849308218,6171,374.0,799.0,0.0,1436.5,4.117647058823529,High
a94d040c2677faf098b409709ff4ddbe,LCHEGGH4FDJEKT7Q,"fashion rudraksh Embroidered Women's Lehenga, Choli and Dupatta Set",http://www.flipkart.com/fashion-rudraksh-embroidered-women-s-lehenga-choli-dupatta-set/p/itmeggh4yhbwjmvg?pid=LCHEGGH4FDJEKT7Q,2016-03-07 11:41:25+00:00,Clothing,fashion rudraksh,5999.0,2549.0,,True,True,57.5095849308218,6171,374.0,799.0,0.0,1436.5,4.117647058823529,High
84262b9a69e332e8544c63ff9e579539,SNRE3Q384VRQC2ZP,Sebamed Multi Protect Sun Spray - SPF 30 PA+,http://www.flipkart.com/sebamed-multi-protect-sun-spray-spf-30-pa/p/itme3q38axxgfzba?pid=SNRE3Q384VRQC2ZP,2015-12-31 09:19:31+00:00,Beauty and Personal Care,Unknown,1300.0,1219.0,4.0,True,True,6.230769230769231,709,299.0,479.0,29.0,749.0,4.111111111111111,High
4cc971d2c9c0f1056bc124031ed52c1e,CNTEJVGGPSZRZDFH,Lock&Lock Kitchen  - 5.5 L Polypropylene Multi-purpose Storage Container,http://www.flipkart.com/lock-lock-kitchen-5-5-l-polypropylene-multi-purpose-storage-container/p/itmejvgg6wgbfvj6?pid=CNTEJVGGPSZRZDFH,2016-06-23 02:25:03+00:00,Kitchen & Dining,Lock&Lock,2145.0,2145.0,,True,True,0.0,645,199.0,582.0,0.0,1156.5,4.080939947780679,High
0914795a3f263433344a413efa9cb275,SGLEJ56EJCFSKJTY,Pepe Jeans Wayfarer Sunglasses,http://www.flipkart.com/pepe-jeans-wayfarer-sunglasses/p/itmej56eerrumdje?pid=SGLEJ56EJCFSKJTY,2016-06-10 22:31:19+00:00,Sunglasses,Pepe Jeans,1699.0,1359.0,,True,True,20.011771630370806,40,269.0,484.0,0.0,806.5,4.069767441860465,High
872e686d1294de2aee4cea7a472d253e,SWTE2CMBJDHJFU4Y,Nautica Striped Round Neck Casual Men's Sweater,http://www.flipkart.com/nautica-striped-round-neck-casual-men-s-sweater/p/itme2cmckjbbptuc?pid=SWTE2CMBJDHJFU4Y,2016-05-01 16:43:01+00:00,Clothing,Nautica,3999.0,2525.0,,True,True,36.85921480370092,6171,374.0,799.0,0.0,1436.5,4.061176470588236,High
d1194e005ba3e64b3b509ccc370ef8a6,STIEC889GTHUZPWD,Wallmantra Large Vinyl Sticker Sticker,http://www.flipkart.com/wallmantra-large-vinyl-sticker/p/itmec889uthfhudb?pid=STIEC889GTHUZPWD,2015-12-01 10:15:43+00:00,Baby Care,Wallmantra,7860.0,3023.0,,True,True,61.53944020356234,481,499.0,999.0,0.0,1749.0,4.048,High
0937ba092103301059695273c17abe23,ETHEGBVZJJWYVKVQ,Lajo Women's Salwar and Dupatta Set,http://www.flipkart.com/lajo-women-s-salwar-dupatta-set/p/itmegbvzfkhxtkaq?pid=ETHEGBVZJJWYVKVQ,2016-03-03 06:06:42+00:00,Clothing,Lajo,4500.0,2514.0,,True,True,44.13333333333333,6171,374.0,799.0,0.0,1436.5,4.035294117647059,High
9fc5abcec10971e8ac2d24f4d04e7285,SHIEBKMSYJFA9XZT,Lal Haveli Lamp Cum Flower Vase Showpiece  -  50 cm,http://www.flipkart.com/lal-haveli-lamp-cum-flower-vase-showpiece-50-cm/p/itmebkmsqdp3hpeq?pid=SHIEBKMSYJFA9XZT,2015-12-01 12:40:44+00:00,Home Decor & Festive Needs,Lal Haveli,5700.0,4559.0,,True,True,20.017543859649123,927,426.5,1250.0,0.0,2485.25,4.018214936247723,High
5fdb912462da9891e5b21c677ceb15e4,SHIEJY5HPVJT9MUE,brass gift center Showpiece  -  48 cm,http://www.flipkart.com/brass-gift-center-showpiece-48-cm/p/itmejy5hgafsbgf9?pid=SHIEJY5HPVJT9MUE,2016-06-26 09:25:14+00:00,Home Decor & Festive Needs,brass gift center,7999.0,4550.0,,True,True,43.11788973621703,927,426.5,1250.0,0.0,2485.25,4.007285974499089,High
16fe79185e5fe76597f23e8b793e6929,CMDEEFCX8VGH3UYG,BM BELMONTE EWC Toilet Seat S Trap Western Commode,http://www.flipkart.com/bm-belmonte-ewc-toilet-seat-s-trap-western-commode/p/itmeefcxxysqjvt3?pid=CMDEEFCX8VGH3UYG,2016-03-25 15:28:37+00:00,Tools & Hardware,BM BELMONTE,4140.0,3499.0,5.0,True,True,15.483091787439614,387,375.0,999.0,0.0,1935.0,4.006410256410256,High
26b7cb0ece29df9a78ce31fef762567c,VANEEGRGHGQS7G7D,"Recrafto Painted Four Drawer Box Makeup, Jewellery Vanity Jewellery",http://www.flipkart.com/recrafto-painted-four-drawer-box-makeup-jewellery-vanity/p/itmeegrgt6gf63cj?pid=VANEEGRGHGQS7G7D,2016-01-04 03:25:23+00:00,Beauty and Personal Care,Unknown,1605.0,1200.0,,True,True,25.233644859813083,709,299.0,479.0,29.0,749.0,4.0055555555555555,High
5c6b6834e469c205fbf83f086e0a005d,TOPECE5DGBQNGHJ9,Krasns Couture Formal Sleeveless Solid Women's Top,http://www.flipkart.com/krasns-couture-formal-sleeveless-solid-women-s-top/p/itmece5dbuvkh4ga?pid=TOPECE5DGBQNGHJ9,2016-01-06 18:20:45+00:00,Clothing,Unknown,2900.0,2500.0,,True,True,13.793103448275861,6171,374.0,799.0,0.0,1436.5,4.00235294117647,High
6b8927e60b9dbd954d0813ac191e4f1c,BZREGSZF5GHPUSG9,"blue stag Self Design Tuxedo Style Wedding, Casual, Casual Men's Blazer",http://www.flipkart.com/blue-stag-self-design-tuxedo-style-wedding-casual-casual-men-s-blazer/p/itmegszf3x7hsbhk?pid=BZREGSZF5GHPUSG9,2016-04-11 03:32:26+00:00,Clothing,blue stag,4500.0,2500.0,,True,True,44.44444444444444,6171,374.0,799.0,0.0,1436.5,4.00235294117647,High
890049bba5ad331095991957d7cd17a7,BZREGSQYTHUFXVJE,"blue stag Self Design Single Breasted Wedding, Casual, Party Men's Blazer",http://www.flipkart.com/blue-stag-self-design-single-breasted-wedding-casual-party-men-s-blazer/p/itmegsqypmfcnq7v?pid=BZREGSQYTHUFXVJE,2016-04-11 03:32:26+00:00,Clothing,blue stag,4500.0,2500.0,,True,True,44.44444444444444,6171,374.0,799.0,0.0,1436.5,4.00235294117647,High
015e8c21aa48b0666659613c7acc8826,JEAE6HJ3RVFYEZTC,Provogue Slim Fit Men's Jeans,http://www.flipkart.com/provogue-slim-fit-men-s-jeans/p/itme6hj3pvfpsyun?pid=JEAE6HJ3RVFYEZTC,2015-12-12 11:46:53+00:00,Clothing,Slim,2499.0,2499.0,,True,True,0.0,6171,374.0,799.0,0.0,1436.5,4.0,High
291439fa7dbb012e163609be36231d74,ACCEG2WVEJ8BDC2H,Trak N Tell INTELLI7 For Maruti Celerio Car Tracking System,http://www.flipkart.com/trak-n-tell-intelli7-maruti-celerio-car-tracking-system/p/itmeg2wvwez2gjjx?pid=ACCEG2WVEJ8BDC2H,2016-02-24 02:50:54+00:00,Automotive,Trak N Tell,5999.0,5999.0,,True,True,0.0,1010,499.0,1599.0,0.0,3249.0,4.0,High
45214e7d4c6d161b05acf3a74c57fb2f,SWTEGXQFEYWAQB6V,Marks & Spencer Self Design Round Neck Casual Men's Sweater,http://www.flipkart.com/marks-spencer-self-design-round-neck-casual-men-s-sweater/p/itmegxqffyc72qwh?pid=SWTEGXQFEYWAQB6V,2016-05-01 16:43:01+00:00,Clothing,Marks & Spencer,2499.0,2499.0,,True,True,0.0,6171,374.0,799.0,0.0,1436.5,4.0,High
4c915ff997c9934f1a9d34e95d0580c7,ACCEG2WWRHZHD2UC,Trak N Tell INTELLI7 For Mahindra Bolero Car Tracking System,http://www.flipkart.com/trak-n-tell-intelli7-mahindra-bolero-car-tracking-system/p/itmeg2wwuxhhebaa?pid=ACCEG2WWRHZHD2UC,2016-02-24 02:50:54+00:00,Automotive,Trak N Tell,5999.0,5999.0,,True,True,0.0,1010,499.0,1599.0,0.0,3249.0,4.0,High
647ebb6dad4dbcbd39a6b3de33d18738,SUIED9U596FR5YV9,Richard Cole Mandarin Solid Men's Suit,http://www.flipkart.com/richard-cole-mandarin-solid-men-s-suit/p/itmed9t2jdggjxrr?pid=SUIED9U596FR5YV9,2016-02-25 07:09:32+00:00,Clothing,Richard Cole,7999.0,2499.0,,True,True,68.75859482435304,6171,374.0,799.0,0.0,1436.5,4.0,High
736c58b63d9dc6bcfb6509456c8c1aec,SUIEDSKCZY3VVE2T,Tatkim Single Breasted Solid Men's Suit,http://www.flipkart.com/tatkim-single-breasted-solid-men-s-suit/p/itmedskc8j4nvz4h?pid=SUIEDSKCZY3VVE2T,2016-02-25 07:09:32+00:00,Clothing,Tatkim,7999.0,2499.0,,True,True,68.75859482435304,6171,374.0,799.0,0.0,1436.5,4.0,High
758e618126d2522d7dd429a389f379ba,SWTEGXQFPWHXAUTW,Marks & Spencer Self Design Round Neck Casual Men's Sweater,http://www.flipkart.com/marks-spencer-self-design-round-neck-casual-men-s-sweater/p/itmegxqfnc4sz2us?pid=SWTEGXQFPWHXAUTW,2016-05-01 16:43:01+00:00,Clothing,Marks & Spencer,2499.0,2499.0,,True,True,0.0,6171,374.0,799.0,0.0,1436.5,4.0,High
79ca12e20214804bc4f75ea4ea8dfe05,JEAE6HJ3HUHUBRYG,Provogue Slim Fit Men's Jeans,http://www.flipkart.com/provogue-slim-fit-men-s-jeans/p/itme6hj3us8q322h?pid=JEAE6HJ3HUHUBRYG,2015-12-12 11:46:53+00:00,Clothing,Slim,2499.0,2499.0,,True,True,0.0,6171,374.0,799.0,0.0,1436.5,4.0,High
7c04a1f853ba965c2b11f7565e8072cd,ELREGGQ3MUDPCH4J,Menow Dynamic Liquid Eyeliner pencil Pack of 10 1 g,http://www.flipkart.com/menow-dynamic-liquid-eyeliner-pencil-pack-10-1-g/p/itmeggq3dfefuecc?pid=ELREGGQ3MUDPCH4J,2016-03-07 19:42:22+00:00,Beauty and Personal Care,Menow,1800.0,1199.0,,True,True,33.388888888888886,709,299.0,479.0,29.0,749.0,4.0,High
a1cb8d79ff3c3f5fd9c806a4a99d68d9,JEAE7MP2HBAZDWKU,Provogue Slim Fit Men's Jeans,http://www.flipkart.com/provogue-slim-fit-men-s-jeans/p/itme7mp2bbrsgksx?pid=JEAE7MP2HBAZDWKU,2015-12-12 11:46:53+00:00,Clothing,Slim,2499.0,2499.0,,True,True,0.0,6171,374.0,799.0,0.0,1436.5,4.0,High
c45ea9a00c15de05b93ee2e3ce4031d3,SHTECB92TJRTSMUS,Specimen Men's Solid Formal Shirt,http://www.flipkart.com/specimen-men-s-solid-formal-shirt/p/itmecb92yhfvku4e?pid=SHTECB92TJRTSMUS,2015-12-29 05:07:38+00:00,Clothing,Slim,2499.0,2499.0,,True,True,0.0,6171,374.0,799.0,0.0,1436.5,4.0,High
cbc912bd59fa6865d54cb9e01bec3d7d,JEAE7MP3UGHNPWND,Provogue Slim Fit Men's Jeans,http://www.flipkart.com/provogue-slim-fit-men-s-jeans/p/itme7mp2bbrsgksx?pid=JEAE7MP3UGHNPWND,2015-12-12 11:46:53+00:00,Clothing,Slim,2499.0,2499.0,,True,True,0.0,6171,374.0,799.0,0.0,1436.5,4.0,High
cffd9262fe8144625f09fc9f04a7e31a,SWTEDAN6BF6ZKGTV,London Fog Solid V-neck Casual Men's Sweater,http://www.flipkart.com/london-fog-solid-v-neck-casual-men-s-sweater/p/itmedan6zyjzsthj?pid=SWTEDAN6BF6ZKGTV,2015-12-20 08:26:17+00:00,Clothing,Unknown,2499.0,2499.0,,True,True,0.0,6171,374.0,799.0,0.0,1436.5,4.0,High
dfb8ecb7a97fbc950061893ab372fc28,JCKEEB6HUUJU4HFV,Priknit Full Sleeve Solid Men's Jacket,http://www.flipkart.com/priknit-full-sleeve-solid-men-s-jacket/p/itmeeaepvf767wcr?pid=JCKEEB6HUUJU4HFV,2016-01-07 00:54:41+00:00,Clothing,Unknown,4999.0,2499.0,,True,True,50.01000200040008,6171,374.0,799.0,0.0,1436.5,4.0,High
f563273be0deaf33bbb15d97118c4257,SWTEGXQFZY95SKG7,Marks & Spencer Solid Turtle Neck Casual Women's Sweater,http://www.flipkart.com/marks-spencer-solid-turtle-neck-casual-women-s-sweater/p/itmegxqfebjur2zh?pid=SWTEGXQFZY95SKG7,2016-05-12 14:18:51+00:00,Clothing,Marks & Spencer,2499.0,2499.0,,True,True,0.0,6171,374.0,799.0,0.0,1436.5,4.0,High
463af70c4514e92f8614cdb4585043ca,DREEHFYMH2TU4G5V,Vero Moda Women's Maxi Dress,http://www.flipkart.com/vero-moda-women-s-maxi-dress/p/itmehfym79q5ywhs?pid=DREEHFYMH2TU4G5V,2016-04-02 19:26:28+00:00,Clothing,Vero Moda,2495.0,2495.0,,True,True,0.0,6171,374.0,799.0,0.0,1436.5,3.9905882352941178,High
ab96b30b85945a9019b32fc33b67a991,TROEJZU35HUKG8VZ,ColorPlus Slim Fit Men's Black Trousers,http://www.flipkart.com/colorplus-slim-fit-men-s-black-trousers/p/itmejzu33bnuzuqc?pid=TROEJZU35HUKG8VZ,2016-06-26 09:25:14+00:00,Clothing,ColorPlus,2495.0,2495.0,,True,True,0.0,6171,374.0,799.0,0.0,1436.5,3.9905882352941178,High
baad5b2d886331939bee9a6b43356189,TOPE494XPFCSZA6H,Elisabetta Bartolli Party Sleeveless Solid Women's Top,http://www.flipkart.com/elisabetta-bartolli-party-sleeveless-solid-women-s-top/p/itme494xst89kczy?pid=TOPE494XPFCSZA6H,2016-01-07 00:54:41+00:00,Clothing,Unknown,2495.0,2495.0,,True,True,0.0,6171,374.0,799.0,0.0,1436.5,3.9905882352941178,High
f28d9998b0d81ce5e136fd97d8c7b992,SHTE7T3Z3CHF9JH5,Love From India Women's Geometric Print Casual Shirt,http://www.flipkart.com/love-india-women-s-geometric-print-casual-shirt/p/itme7t3zg58nmy5y?pid=SHTE7T3Z3CHF9JH5,2015-12-12 11:46:53+00:00,Clothing,Slim,2490.0,2490.0,,True,True,0.0,6171,374.0,799.0,0.0,1436.5,3.978823529411765,High
da31e0ba6e1cf5b4fcaeb35fddaf131e,PYJEGN9Q9NWSUYGB,RIPR Women's Pyjama,http://www.flipkart.com/ripr-women-s-pyjama/p/itmegn9qgm37zkxt?pid=PYJEGN9Q9NWSUYGB,2016-05-13 20:44:21+00:00,Clothing,RIPR,6217.0,2487.0,,True,True,59.99678301431559,6171,374.0,799.0,0.0,1436.5,3.971764705882353,High
ee45597768edfc8c7bead59a99a648a6,PRCDYWYKEKFFDGBP,Prestige Popular Plus 10 L Pressure Cooker,http://www.flipkart.com/prestige-popular-plus-10-l-pressure-cooker/p/itmdyz98q7cxyzye?pid=PRCDYWYKEKFFDGBP,2015-12-03 21:49:05+00:00,Kitchen & Dining,Prestige,2600.0,2100.0,3.0,True,True,19.23076923076923,645,199.0,582.0,0.0,1156.5,3.9634464751958225,High
c8a4475168c1b6afe478ba81f6ccbacc,RCTE5NEGEHQGACAD,Toyhouse Radio Remote Control 1:14 Range Rover Evoque RC Scale Model Car,http://www.flipkart.com/toyhouse-radio-remote-control-1-14-range-rover-evoque-rc-scale-model-car/p/itme5neggepf8dxk?pid=RCTE5NEGEHQGACAD,2016-01-01 19:37:22+00:00,Toys & School Supplies,Unknown,3099.0,2014.0,,True,True,35.01129396579542,329,179.0,550.0,0.0,1106.5,3.9460916442048517,High
82e208c0b2fde6b5632455420706e920,SHIEC8ASWMWNWTKY,Rajo Raja The Buddha Of Music Artpiece Showpiece  -  37 cm,http://www.flipkart.com/rajo-raja-buddha-music-artpiece-showpiece-37-cm/p/itmec8aspthzdxny?pid=SHIEC8ASWMWNWTKY,2015-12-01 12:40:44+00:00,Home Decor & Festive Needs,Rajo Raja,4499.0,4499.0,,True,True,0.0,927,426.5,1250.0,0.0,2485.25,3.9453551912568305,High
11723bf022afa13a2f733b4b4623276c,DREEG73HFS6DZBDW,Pogo Girl's Gathered Dress,http://www.flipkart.com/pogo-girl-s-gathered-dress/p/itmeg73hfu56ygde?pid=DREEG73HFS6DZBDW,2016-05-01 10:59:55+00:00,Clothing,Pogo,2900.0,2470.0,,True,True,14.827586206896552,6171,374.0,799.0,0.0,1436.5,3.931764705882353,High
01d74baa527979dcbb2e09cd649a87e6,TRCEGNXZKQT2GTJG,Pink Rose Crown,http://www.flipkart.com/pink-rose-crown/p/itmegnxzeefxkfww?pid=TRCEGNXZKQT2GTJG,2016-03-11 11:26:55+00:00,Toys & School Supplies,Pink Rose,4398.0,1999.0,,True,True,54.547521600727606,329,179.0,550.0,0.0,1106.5,3.9056603773584904,High
bc784846bd59a16832454416ac708003,BBCDPFZM6V585ZZE,Lollipop Lane Tiddly Wink Safari Bath Set,http://www.flipkart.com/lollipop-lane-tiddly-wink-safari-bath-set/p/itmdqqf3fdrtyqgv?pid=BBCDPFZM6V585ZZE,2016-01-03 09:39:44+00:00,Baby Care,Unknown,2950.0,2950.0,,True,True,0.0,481,499.0,999.0,0.0,1749.0,3.902,High
dd54a33b2eabfe5585533839c2a0320e,DREEDVHXDYJCAEBP,Betty Girl's Maxi Dress,http://www.flipkart.com/betty-girl-s-maxi-dress/p/itmedvhx7mqeywpc?pid=DREEDVHXDYJCAEBP,2016-01-06 18:20:45+00:00,Clothing,Unknown,2455.0,2455.0,,True,True,0.0,6171,374.0,799.0,0.0,1436.5,3.896470588235294,High
dd96000fa1d9e408a4fc47ea5c1123e5,SOFECYFAH37ZKUKW,Durian Club/3 Leather 3 Seater Sofa,http://www.flipkart.com/durian-club-3-leather-3-seater-sofa/p/itmecyfab8dhf57c?pid=SOFECYFAH37ZKUKW,2015-12-31 09:19:31+00:00,Furniture,Durian,162000.0,105300.0,,True,True,35.0,180,1299.0,22646.0,0.0,54666.5,3.8719257975359533,High
653826cd53f1d9e2c086c0ac7846ef70,WATE9WKSHRYTM2PP,"fastrack 38015PL01 Analog Watch  - For Men, Boys",http://www.flipkart.com/fastrack-38015pl01-analog-watch-men-boys/p/itme9wksvfnhzzzy?pid=WATE9WKSHRYTM2PP,2015-12-04 07:25:36+00:00,Watches,Unknown,2495.0,2495.0,,True,True,0.0,528,550.0,950.0,0.0,1550.0,3.8625,High
7779c1040ca32cb5c1ece407fd569eae,STCEGF4NQQGGXWME,Goblin Hurricane Expandable  Check-in Luggage - 25.9,http://www.flipkart.com/goblin-hurricane-expandable-check-in-luggage-25-9/p/itme6rn4bugwr9zg?pid=STCEGF4NQQGGXWME,2016-03-03 06:06:42+00:00,"Bags, Wallets & Belts",Goblin,5895.0,3800.0,,True,True,35.53859202714165,264,399.0,1099.0,0.0,2149.0,3.8585714285714285,High
ceb6a1b692cc0561fe791b33d74d52ea,BRZEG9F4YGWSGFVD,Femme Couture Get Luminous Highlighting Face & Body Luminizer Pink Sparkle,http://www.flipkart.com/femme-couture-get-luminous-highlighting-face-body-luminizer-pink-sparkle/p/itmeg9f4ntmghuqg?pid=BRZEG9F4YGWSGFVD,2016-04-12 05:40:04+00:00,Beauty and Personal Care,Femme Couture,2142.0,1173.0,,True,True,45.23809523809524,709,299.0,479.0,29.0,749.0,3.8555555555555556,High
3cb6bb092aaf9eb5fedebf26659e4d32,PCSE4VAVUQQN7W5N,Yuccabe Italia Stoic Green Self Watering Plant Container Set,http://www.flipkart.com/yuccabe-italia-stoic-green-self-watering-plant-container-set/p/itme4vavphhnsf7h?pid=PCSE4VAVUQQN7W5N,2016-01-07 05:50:25+00:00,Tools & Hardware,Yuccabe Italia,7794.0,3399.0,,True,True,56.38953040800616,387,375.0,999.0,0.0,1935.0,3.8461538461538463,High
579b98bde1b77b857e238cd6812cdedb,PCSE4VAVGZGPZGF2,Yuccabe Italia Stella Orange Self Watering Plant Container Set,http://www.flipkart.com/yuccabe-italia-stella-orange-self-watering-plant-container-set/p/itme4vavy7dgzs2f?pid=PCSE4VAVGZGPZGF2,2016-01-07 05:50:25+00:00,Tools & Hardware,Yuccabe Italia,7794.0,3399.0,,True,True,56.38953040800616,387,375.0,999.0,0.0,1935.0,3.8461538461538463,High
830ddca4284a42b94f0ddb0d67d1082b,PCSE4VAVWZZECB84,Yuccabe Italia Stoic White Self Watering Plant Container Set,http://www.flipkart.com/yuccabe-italia-stoic-white-self-watering-plant-container-set/p/itme4vavzmz4yk6x?pid=PCSE4VAVWZZECB84,2016-01-07 05:50:25+00:00,Tools & Hardware,Yuccabe Italia,7794.0,3399.0,,True,True,56.38953040800616,387,375.0,999.0,0.0,1935.0,3.8461538461538463,High
8589e563dc25185da0e90d34fc198a42,PCSE4VAV8F9SFSGA,Yuccabe Italia Stella White Self Watering Plant Container Set,http://www.flipkart.com/yuccabe-italia-stella-white-self-watering-plant-container-set/p/itme4vavshc7wrpa?pid=PCSE4VAV8F9SFSGA,2016-01-07 05:50:25+00:00,Tools & Hardware,Yuccabe Italia,7794.0,3399.0,,True,True,56.38953040800616,387,375.0,999.0,0.0,1935.0,3.8461538461538463,High
b1cb3c18f6843f32cc9696d3ce6af515,PCSE4VAV6VRPYEDV,Yuccabe Italia Stoic Orange Self Watering Plant Container Set,http://www.flipkart.com/yuccabe-italia-stoic-orange-self-watering-plant-container-set/p/itme4vavwznvgmud?pid=PCSE4VAV6VRPYEDV,2016-01-07 05:50:25+00:00,Tools & Hardware,Yuccabe Italia,7794.0,3399.0,,True,True,56.38953040800616,387,375.0,999.0,0.0,1935.0,3.8461538461538463,High
d92332adc019b9bc0ef84b26135cc5df,PCSE4VAVKNSGYRN7,Yuccabe Italia Stella Black Self Watering Plant Container Set,http://www.flipkart.com/yuccabe-italia-stella-black-self-watering-plant-container-set/p/itme4vavmmfqnvhc?pid=PCSE4VAVKNSGYRN7,2016-01-07 05:50:25+00:00,Tools & Hardware,Yuccabe Italia,7794.0,3399.0,,True,True,56.38953040800616,387,375.0,999.0,0.0,1935.0,3.8461538461538463,High
f74d816850bae6e699cc6f17a3486acf,PCSE4VAVF3JS4PVC,Yuccabe Italia Stella Yellow Self Watering Plant Container Set,http://www.flipkart.com/yuccabe-italia-stella-yellow-self-watering-plant-container-set/p/itme4vavt3da2hx6?pid=PCSE4VAVF3JS4PVC,2016-01-07 05:50:25+00:00,Tools & Hardware,Yuccabe Italia,7794.0,3399.0,,True,True,56.38953040800616,387,375.0,999.0,0.0,1935.0,3.8461538461538463,High
f756a3082c4d0d6ab40c8b480c8657f3,PCSE4VAVUPCMZZ7A,Yuccabe Italia Stoic Black Self Watering Plant Container Set,http://www.flipkart.com/yuccabe-italia-stoic-black-self-watering-plant-container-set/p/itme4vavh5zwhpxf?pid=PCSE4VAVUPCMZZ7A,2016-01-07 05:50:25+00:00,Tools & Hardware,Yuccabe Italia,7794.0,3399.0,,True,True,56.38953040800616,387,375.0,999.0,0.0,1935.0,3.8461538461538463,High
05f5434fc292b04de2eb5a0c779526d2,PRCEFR7WX4AFUXZN,Prestige Nakshatra Alpha 7 L Pressure Cooker,http://www.flipkart.com/prestige-nakshatra-alpha-7-l-pressure-cooker/p/itmefr82qpsptcsf?pid=PRCEFR7WX4AFUXZN,2015-12-03 21:49:05+00:00,Kitchen & Dining,Prestige,2495.0,2047.0,4.0,True,True,17.955911823647295,645,199.0,582.0,0.0,1156.5,3.825065274151436,High
302e6ef2e54802627c442ad6acdcc521,SHOE9QFGHVY9TFGH,Nike,http://www.flipkart.com/nike/p/itmeacy6k4thwgg9?pid=SHOE9QFGHVY9TFGH,2015-12-12 11:46:53+00:00,Footwear,Unknown,6895.0,5516.0,,True,True,20.0,1225,499.0,1540.0,0.0,3101.5,3.81940441882805,High
56c78bcc9227933ce1003f8bc388f962,RAQEHGQZHNXYVKZW,ASHAWAY THUNDER WAVE SILVER G2 Unstrung Badminton Racquet,http://www.flipkart.com/ashaway-thunder-wave-silver-g2-unstrung-badminton-racquet/p/itmehgqz7x7gjgha?pid=RAQEHGQZHNXYVKZW,2016-04-10 10:50:08+00:00,Sports & Fitness,ASHAWAY,6500.0,5070.0,,True,True,22.0,166,417.5,1386.75,0.0,2840.625,3.8001031725561,High
2bc4ba3a7cff76b98c478c81d6542adc,BLAEAWAAVZBFWVSM,Raymond Abstract Single Blanket Grey,http://www.flipkart.com/raymond-abstract-single-blanket-grey/p/itmeawaapfuyyjhp?pid=BLAEAWAAVZBFWVSM,2015-12-12 11:46:53+00:00,Home Furnishing,Raymond,4399.0,4399.0,,True,True,0.0,700,523.0,1332.0,0.0,2545.5,3.7911001236093944,High
bdecf242459f29183f4f98cc18997769,BLAEAWAAPRBM9DRD,Raymond Abstract Single Blanket Orange,http://www.flipkart.com/raymond-abstract-single-blanket-orange/p/itmeawaavscfwzvc?pid=BLAEAWAAPRBM9DRD,2015-12-12 11:46:53+00:00,Home Furnishing,Raymond,4399.0,4399.0,,True,True,0.0,700,523.0,1332.0,0.0,2545.5,3.7911001236093944,High
1a54ac073c562ddcd3ff80cc63f565a3,JWSE2H9PMKGZ5YCS,Pearl Paradise Silver Jewel Set,http://www.flipkart.com/pearl-paradise-silver-jewel-set/p/itme2h9pnbqvyzpc?pid=JWSE2H9PMKGZ5YCS,2015-12-12 11:46:53+00:00,Jewellery,Pearl Paradise,7498.0,3980.0,,True,True,46.91917844758602,3522,310.0,1076.75,0.0,2226.875,3.7864362569285945,High
f5c0fcffe67ef8ff4088fbff74c13da8,RTRDA4U7UE3Z7UMB,Asus DSL-N55U Wireless-N600 Gigabit Router,http://www.flipkart.com/asus-dsl-n55u-wireless-n600-gigabit-router/p/itmda5pjznegqzzu?pid=RTRDA4U7UE3Z7UMB,2015-12-01 06:13:00+00:00,Computers,Asus,11500.0,8200.0,3.9,True,True,28.695652173913043,573,350.0,1995.0,0.0,4462.5,3.7720364741641337,High
303b2cc1a682291b94061b7633f23c9d,RTRDFFYGSSX2BYWU,Belkin Play Max Router,http://www.flipkart.com/belkin-play-max-router/p/itmdffysbcyexmjc?pid=RTRDFFYGSSX2BYWU,2015-12-01 06:13:00+00:00,Computers,Belkin,8199.0,8199.0,3.9,True,True,0.0,573,350.0,1995.0,0.0,4462.5,3.7714285714285714,High
18cb786aab5dea6e91f9ab26c8d4cd48,SARE3WVSRJETB4NS,Pavechas Printed Kanjivaram Art Silk Sari,http://www.flipkart.com/pavechas-printed-kanjivaram-art-silk-sari/p/itme3wvs4af4e5dp?pid=SARE3WVSRJETB4NS,2015-12-12 11:46:53+00:00,Clothing,Unknown,4799.0,2399.0,4.0,True,True,50.01041883725776,6171,374.0,799.0,0.0,1436.5,3.764705882352941,High
416026cc63af92af853aa6e7dc88f65c,TSHEDHVREDQYJUTM,Northern Lights Striped Men's Polo Neck T-Shirt,http://www.flipkart.com/northern-lights-striped-men-s-polo-neck-t-shirt/p/itmedhvrty7gxweh?pid=TSHEDHVREDQYJUTM,2015-12-13 00:29:55+00:00,Clothing,Unknown,2398.0,2398.0,,True,True,0.0,6171,374.0,799.0,0.0,1436.5,3.7623529411764705,High
ba4264a63ff817717897b044bbdcbee7,ABQEJ7YQTNQGMXZV,Momin Libas AK2414 Kashibo Solid Abaya No,http://www.flipkart.com/momin-libas-ak2414-kashibo-solid-abaya-no/p/itmej7ypx52wk3th?pid=ABQEJ7YQTNQGMXZV,2016-06-12 08:33:38+00:00,Clothing,Momin Libas,3999.0,2398.0,,True,True,40.03500875218805,6171,374.0,799.0,0.0,1436.5,3.7623529411764705,High
8b8808d62077bdb6a7bfebda42e3cc94,TROECG4WPVWPFRYZ,Live In Slim Fit Men's Trousers,http://www.flipkart.com/live-slim-fit-men-s-trousers/p/itmecg4vdvv4cen8?pid=TROECG4WPVWPFRYZ,2015-12-20 08:26:17+00:00,Clothing,Unknown,2394.0,2394.0,,True,True,0.0,6171,374.0,799.0,0.0,1436.5,3.7529411764705882,High
da0eab272f3530b8780f6e02864c6503,TROEC86VHUNBQW2J,Live In Slim Fit Men's Trousers,http://www.flipkart.com/live-slim-fit-men-s-trousers/p/itmec86vhpc9zmxw?pid=TROEC86VHUNBQW2J,2015-12-20 08:26:17+00:00,Clothing,Unknown,2394.0,2394.0,,True,True,0.0,6171,374.0,799.0,0.0,1436.5,3.7529411764705882,High
833a87b0af3b84fe246d2ebf271af177,RTRDYZYDXGHXXJNZ,Zyxel PLA-4205,http://www.flipkart.com/zyxel-pla-4205/p/itmdyzydwztvmdf8?pid=RTRDYZYDXGHXXJNZ,2015-12-01 06:13:00+00:00,Computers,Zyxel,10999.0,8100.0,,True,True,26.356941540140014,573,350.0,1995.0,0.0,4462.5,3.711246200607903,High
0e22f27a68d7f60909885d21d1028511,KRTEE5UJNCV72YNF,Kyzaa Embroidered Women's Kurti,http://www.flipkart.com/kyzaa-embroidered-women-s-kurti/p/itmee5ujbpnns2jy?pid=KRTEE5UJNCV72YNF,2016-01-01 08:15:50+00:00,Clothing,Unknown,3395.0,2375.0,,True,True,30.04418262150221,6171,374.0,799.0,0.0,1436.5,3.708235294117647,High
c53461fc947b0acf1c77a0ce9a512a42,BRTEGZ5KNNSNKEF6,Black Butterfly 4 - Piece Bar Set,http://www.flipkart.com/black-butterfly-4-piece-bar-set/p/itmegz5k2jggyxde?pid=BRTEGZ5KNNSNKEF6,2016-03-18 08:01:41+00:00,Kitchen & Dining,Black Butterfly,2499.0,1999.0,,True,True,20.008003201280513,645,199.0,582.0,0.0,1156.5,3.699738903394256,High
0ca4006011b630fcc50b8cecd4efb183,BBADSEZD9SMFHPHQ,925 Silver Silver Bracelet,http://www.flipkart.com/925-silver-bracelet/p/itmdsezdyv9famzr?pid=BBADSEZD9SMFHPHQ,2015-12-20 08:26:17+00:00,Jewellery,925 Silver,4915.0,3892.0,,True,True,20.81383519837233,3522,310.0,1076.75,0.0,2226.875,3.671666123247473,High
b3a2ee85b097e77932b525ccb720857a,BLAEB3XA7UAXN9TH,Raymond Abstract Single Blanket Brown,http://www.flipkart.com/raymond-abstract-single-blanket-brown/p/itmeawaadaz9yxtb?pid=BLAEB3XA7UAXN9TH,2015-12-12 11:46:53+00:00,Home Furnishing,Raymond,4289.0,4289.0,,True,True,0.0,700,523.0,1332.0,0.0,2545.5,3.65512978986403,High
6e060fd5231824ab295bfeb4d0cca61e,CAPEEFYZJPSPGUYW,Ownclique Graphic Print Snapback Cap,http://www.flipkart.com/ownclique-graphic-print-snapback-cap/p/itmeefyz2pzuhhmk?pid=CAPEEFYZJPSPGUYW,2015-12-31 09:19:31+00:00,Clothing,Unknown,2899.0,2349.0,,True,True,18.972059330803724,6171,374.0,799.0,0.0,1436.5,3.6470588235294117,High
36f093c3c8502728a5799540c419762b,SHIE4T77GMCNHFBC,E-Studio Ganesha Caturbhuja Showpiece  -  12 cm,http://www.flipkart.com/e-studio-ganesha-caturbhuja-showpiece-12-cm/p/itme4t77gb3n9cg3?pid=SHIE4T77GMCNHFBC,2016-01-04 00:20:04+00:00,Home Decor & Festive Needs,E-Studio,4500.0,4250.0,,True,True,5.555555555555555,927,426.5,1250.0,0.0,2485.25,3.6429872495446265,High
01f15138d84c8a024852826168aca5ce,PTGEGUZFYXKZ5HVT,GAGA Canvas Painting,http://www.flipkart.com/gaga-canvas-painting/p/itmeguzfpsb5rzvx?pid=PTGEGUZFYXKZ5HVT,2016-03-18 08:01:41+00:00,Home Decor & Festive Needs,GAGA,7638.0,4220.0,,True,True,44.74993453783713,927,426.5,1250.0,0.0,2485.25,3.6065573770491803,High
6faa8ea9ef001af0f22aff712fbe61b0,PTGEGUZNXKZ8P6Z9,GAGA Canvas Painting,http://www.flipkart.com/gaga-canvas-painting/p/itmeguznshbkykqb?pid=PTGEGUZNXKZ8P6Z9,2016-03-18 07:48:11+00:00,Home Decor & Festive Needs,GAGA,7638.0,4220.0,,True,True,44.74993453783713,927,426.5,1250.0,0.0,2485.25,3.6065573770491803,High
c0c42c64299b1e8718b27b84467924d9,PTGEGUPG2NAHGUJM,GAGA Canvas Painting,http://www.flipkart.com/gaga-canvas-painting/p/itmegupgpssy22vm?pid=PTGEGUPG2NAHGUJM,2016-03-18 08:01:41+00:00,Home Decor & Festive Needs,GAGA,7638.0,4220.0,,True,True,44.74993453783713,927,426.5,1250.0,0.0,2485.25,3.6065573770491803,High
cc9385b89ad646072ea5134e813e8633,PTGEGUPF8QMQRVUY,GAGA Canvas Painting,http://www.flipkart.com/gaga-canvas-painting/p/itmegupfg6hxa2bj?pid=PTGEGUPF8QMQRVUY,2016-03-18 07:48:11+00:00,Home Decor & Festive Needs,GAGA,7638.0,4220.0,,True,True,44.74993453783713,927,426.5,1250.0,0.0,2485.25,3.6065573770491803,High
02a53d335775b652f22f41b529b9d646,CNDEGVE6PR98MZHU,Suave Naturals Everlasting Sunshine Conditioner,http://www.flipkart.com/suave-naturals-everlasting-sunshine-conditioner/p/itmegve6x5kgqhne?pid=CNDEGVE6PR98MZHU,2016-03-20 14:44:44+00:00,Beauty and Personal Care,Suave,2300.0,1126.0,,True,True,51.04347826086956,709,299.0,479.0,29.0,749.0,3.5944444444444446,High
08bdf59c9dcb241e3a57eb4f3729ec70,HKSEFHYXHEBSYZR6,Rrsskids Swing King Cotton Hammock,http://www.flipkart.com/rrsskids-swing-king-cotton-hammock/p/itmefhyxrbyhtesp?pid=HKSEFHYXHEBSYZR6,2016-03-07 19:42:22+00:00,Home Decor & Festive Needs,Rrsskids,5000.0,4200.0,,True,True,16.0,927,426.5,1250.0,0.0,2485.25,3.5822707953855493,High
1c069cc20bdbe707508dcca0fe7a8144,SHIE3GPARBJ4SBCG,Ninety One Degree Showpiece  -  54 cm,http://www.flipkart.com/ninety-one-degree-showpiece-54-cm/p/itme3gpapqv5hbue?pid=SHIE3GPARBJ4SBCG,2015-12-01 12:40:44+00:00,Home Decor & Festive Needs,Ninety One Degree,4500.0,4200.0,,True,True,6.666666666666667,927,426.5,1250.0,0.0,2485.25,3.5822707953855493,High
55ce1309b69e1912d2fd60a3ee3f351b,SHIEBZB44JP2JZNG,Tatvaarts Elephant Mini ( Fine-Finish) Showpiece  -  8.89 cm,http://www.flipkart.com/tatvaarts-elephant-mini-fine-finish-showpiece-8-89-cm/p/itmebzb4tmme7mnw?pid=SHIEBZB44JP2JZNG,2015-12-01 12:40:44+00:00,Home Decor & Festive Needs,Tatvaarts,5000.0,4200.0,,True,True,16.0,927,426.5,1250.0,0.0,2485.25,3.5822707953855493,High
d8a119878662ede3df251bac374d8e6b,SHIECYFWJWCCHHQS,MCB Exports Iron Decorative Pot Showpiece  -  61 cm,http://www.flipkart.com/mcb-exports-iron-decorative-pot-showpiece-61-cm/p/itmecyfwnzegng9b?pid=SHIECYFWJWCCHHQS,2015-12-01 12:40:44+00:00,Home Decor & Festive Needs,MCB Exports,5549.0,4199.0,,True,True,24.328707875292846,927,426.5,1250.0,0.0,2485.25,3.581056466302368,High
d7812f890d723dc331f91fbf2d6405b2,JCKECBJ8GQ9ATR2Y,Okane Full Sleeve Solid Men's Jacket,http://www.flipkart.com/okane-full-sleeve-solid-men-s-jacket/p/itmecbj9dkj9rd9p?pid=JCKECBJ8GQ9ATR2Y,2016-01-07 00:54:41+00:00,Clothing,Unknown,3099.0,2320.0,,True,True,25.137141013230075,6171,374.0,799.0,0.0,1436.5,3.5788235294117645,High
2dcaa5483b42a27780cd7c6d68612fd6,JUMECZHGZYPKKPXK,Cutecumber Floral Print Girl's Jumpsuit,http://www.flipkart.com/cutecumber-floral-print-girl-s-jumpsuit/p/itmeczhgfrkgdxmg?pid=JUMECZHGZYPKKPXK,2015-12-31 09:19:31+00:00,Clothing,Unknown,2310.0,2310.0,,True,True,0.0,6171,374.0,799.0,0.0,1436.5,3.5552941176470587,High
fd9894932ee24d2c63ff84fcb7707a5b,TOPEGGYPVQRX7UD8,INDRICKA Casual Roll-up Sleeve Solid Women's Top,http://www.flipkart.com/indricka-casual-roll-up-sleeve-solid-women-s-top/p/itmegfztw6h7exkk?pid=TOPEGGYPVQRX7UD8,2016-03-03 23:09:59+00:00,Clothing,INDRICKA,2309.0,2309.0,,True,True,0.0,6171,374.0,799.0,0.0,1436.5,3.552941176470588,High
83e8b6d85c4583571870b2d9026326d4,BLAEAWAAZBKZZEDV,Raymond Abstract Single Blanket Brown,http://www.flipkart.com/raymond-abstract-single-blanket-brown/p/itmeawaaapgw2xxm?pid=BLAEAWAAZBKZZEDV,2015-12-12 11:46:53+00:00,Home Furnishing,Raymond,4199.0,4199.0,,True,True,0.0,700,523.0,1332.0,0.0,2545.5,3.5438813349814584,High
ac8bd760db39b71b863ad01b49181d48,BLAEAWAAHNSCV8FR,Raymond Abstract Single Blanket Black,http://www.flipkart.com/raymond-abstract-single-blanket-black/p/itmeawaafj3ry349?pid=BLAEAWAAHNSCV8FR,2015-12-12 11:46:53+00:00,Home Furnishing,Raymond,4199.0,4199.0,,True,True,0.0,700,523.0,1332.0,0.0,2545.5,3.5438813349814584,High
fd38a14e2047f6aebd205a35c64abc72,MNKE7VFJG9PCYHRU,Mrigoy - Foresworth Abinitio Manicure Pedicure Spa Kit,http://www.flipkart.com/mrigoy-foresworth-abinitio-manicure-pedicure-spa-kit/p/itme7vfjxtbbvauy?pid=MNKE7VFJG9PCYHRU,2015-12-01 12:40:44+00:00,Beauty and Personal Care,Unknown,1395.0,1116.0,,True,True,20.0,709,299.0,479.0,29.0,749.0,3.5388888888888888,High
c5d24311970e6205a1d5fbca068f255d,JUMEHUFGYXJYP29C,W.A.Y Embellished Women's Jumpsuit,http://www.flipkart.com/w-a-y-embellished-women-s-jumpsuit/p/itmehufgdakvnqbt?pid=JUMEHUFGYXJYP29C,2016-06-23 17:21:08+00:00,Clothing,W.A.Y,4599.0,2300.0,,True,True,49.989128071319854,6171,374.0,799.0,0.0,1436.5,3.531764705882353,High
10a519de822b53e592221cf5d4565d05,JEAE6HJ3X7WGWHHM,Provogue Slim Fit Men's Jeans,http://www.flipkart.com/provogue-slim-fit-men-s-jeans/p/itme6hj3hyeyph2a?pid=JEAE6HJ3X7WGWHHM,2015-12-12 11:46:53+00:00,Clothing,Slim,2299.0,2299.0,,True,True,0.0,6171,374.0,799.0,0.0,1436.5,3.5294117647058822,High
17feb1787104359d3ee3d05856c74a8c,JCKEDSH2YMYDYNDF,Priknit Full Sleeve Solid Men's Jacket,http://www.flipkart.com/priknit-full-sleeve-solid-men-s-jacket/p/itmedsh2wfzuhycv?pid=JCKEDSH2YMYDYNDF,2016-01-07 00:54:41+00:00,Clothing,Unknown,4599.0,2299.0,,True,True,50.010871928680146,6171,374.0,799.0,0.0,1436.5,3.5294117647058822,High
2e6957b9a65ae2f3cbbd611028c1da3a,SHTECB92WG7ZCPBV,Specimen Men's Solid Casual Shirt,http://www.flipkart.com/specimen-men-s-solid-casual-shirt/p/itmecb92f4y89cyw?pid=SHTECB92WG7ZCPBV,2015-12-29 05:07:38+00:00,Clothing,Slim,2299.0,2299.0,,True,True,0.0,6171,374.0,799.0,0.0,1436.5,3.5294117647058822,High
5a5e70b779c3149ac2460e72d08a9471,JCKEEABZDWF9VU7N,Priknit Full Sleeve Solid Men's Jacket,http://www.flipkart.com/priknit-full-sleeve-solid-men-s-jacket/p/itmeeaazwc8wkhzm?pid=JCKEEABZDWF9VU7N,2016-01-07 00:54:41+00:00,Clothing,Unknown,4599.0,2299.0,,True,True,50.010871928680146,6171,374.0,799.0,0.0,1436.5,3.5294117647058822,High
5e630ff7c3ec834982d22629561a6a64,TROEJFU24ZG5HYZZ,"IndiWeaves Regular Fit Men's Linen White, Cream Trousers",http://www.flipkart.com/indiweaves-regular-fit-men-s-linen-white-cream-trousers/p/itmejfs2dpdbzveb?pid=TROEJFU24ZG5HYZZ,2016-06-09 01:32:04+00:00,Clothing,IndiWeaves,4598.0,2299.0,,True,True,50.0,6171,374.0,799.0,0.0,1436.5,3.5294117647058822,High
8db8df0ee3b1aea6ee5e8c8021d8049a,TROEJFS2E5FUMEEA,"IndiWeaves Regular Fit Men's Linen Brown, Blue Trousers",http://www.flipkart.com/indiweaves-regular-fit-men-s-linen-brown-blue-trousers/p/itmejfs2uaz2zg9x?pid=TROEJFS2E5FUMEEA,2016-06-09 02:02:09+00:00,Clothing,IndiWeaves,4598.0,2299.0,,True,True,50.0,6171,374.0,799.0,0.0,1436.5,3.5294117647058822,High
b18675b86c886ff74bdd086b2628cd23,JEAEA26BYZMVDQUR,Provogue Slim Fit Men's Jeans,http://www.flipkart.com/provogue-slim-fit-men-s-jeans/p/itmea26b3dvtdsm2?pid=JEAEA26BYZMVDQUR,2015-12-12 11:46:53+00:00,Clothing,Slim,2299.0,2299.0,,True,True,0.0,6171,374.0,799.0,0.0,1436.5,3.5294117647058822,High
d4333c452a529436700d507501547b7d,JEAE6SRJA5NWDZDZ,Provogue Slim Fit Men's Jeans,http://www.flipkart.com/provogue-slim-fit-men-s-jeans/p/itme6srjqjyynr5z?pid=JEAE6SRJA5NWDZDZ,2015-12-12 11:46:53+00:00,Clothing,Slim,2299.0,2299.0,,True,True,0.0,6171,374.0,799.0,0.0,1436.5,3.5294117647058822,High
fd859d0d6d7826ed6786da5989af5917,JEAE6SRJARFVMSJS,Provogue Slim Fit Men's Jeans,http://www.flipkart.com/provogue-slim-fit-men-s-jeans/p/itme6srjqjyynr5z?pid=JEAE6SRJARFVMSJS,2015-12-12 11:46:53+00:00,Clothing,Slim,2299.0,2299.0,,True,True,0.0,6171,374.0,799.0,0.0,1436.5,3.5294117647058822,High
c6e02828dbd2052d8797ba706e7eeadd,TSHEDHVRVNUY3HPK,Northern Lights Solid Men's Round Neck T-Shirt,http://www.flipkart.com/northern-lights-solid-men-s-round-neck-t-shirt/p/itmedhvrybgs6gw9?pid=TSHEDHVRVNUY3HPK,2015-12-13 00:29:55+00:00,Clothing,Unknown,2298.0,2298.0,,True,True,0.0,6171,374.0,799.0,0.0,1436.5,3.5270588235294116,High
e75268f4f2d44c1097453a0a53fac571,TSHEDHVRVRZC4QTA,Northern Lights Solid Men's Round Neck T-Shirt,http://www.flipkart.com/northern-lights-solid-men-s-round-neck-t-shirt/p/itmedhvrybgs6gw9?pid=TSHEDHVRVRZC4QTA,2015-12-13 00:29:55+00:00,Clothing,Unknown,2298.0,2298.0,,True,True,0.0,6171,374.0,799.0,0.0,1436.5,3.5270588235294116,High
2b8b8c9c76be1b234cf1c35b7609931c,PENEGTKGAZ7VR5JH,Platignum Studio Fountain Pen,http://www.flipkart.com/platignum-studio-fountain-pen/p/itmegtkgy3gf829k?pid=PENEGTKGAZ7VR5JH,2016-03-18 19:41:12+00:00,Pens & Stationery,Platignum,1695.0,1695.0,,True,True,0.0,313,225.0,550.0,0.0,1037.5,3.523076923076923,High
567c960d38c5783d23601f55950279ec,PENEGUZ2WKEWAWPW,Platignum Studio Fountain Pen,http://www.flipkart.com/platignum-studio-fountain-pen/p/itmeguz2fgttjjbx?pid=PENEGUZ2WKEWAWPW,2016-03-18 19:41:12+00:00,Pens & Stationery,Platignum,1695.0,1695.0,,True,True,0.0,313,225.0,550.0,0.0,1037.5,3.523076923076923,High
c790c940124c76784ddb4090858dec16,PENEGVUX5ZNHTMVS,Platignum Studio Fountain Pen,http://www.flipkart.com/platignum-studio-fountain-pen/p/itmegvux8jmcj7eu?pid=PENEGVUX5ZNHTMVS,2016-03-18 19:41:12+00:00,Pens & Stationery,Platignum,1695.0,1695.0,,True,True,0.0,313,225.0,550.0,0.0,1037.5,3.523076923076923,High
d50f0ed678b44727850859ef4982b78f,PENEGTMPRWSG4BBD,Platignum Studio Fountain Pen,http://www.flipkart.com/platignum-studio-fountain-pen/p/itmegtmpjsjprczq?pid=PENEGTMPRWSG4BBD,2016-03-18 19:41:12+00:00,Pens & Stationery,Platignum,1695.0,1695.0,,True,True,0.0,313,225.0,550.0,0.0,1037.5,3.523076923076923,High
ef2cecdfbf9a9eef925ae3f1df9fdd1a,PENEGUR4XN68264K,Platignum Retractable Fountain Pen,http://www.flipkart.com/platignum-retractable-fountain-pen/p/itmegur45f6anad4?pid=PENEGUR4XN68264K,2016-03-18 19:41:12+00:00,Pens & Stationery,Platignum,1695.0,1695.0,,True,True,0.0,313,225.0,550.0,0.0,1037.5,3.523076923076923,High
fc05692eab8020a6934116723ecfe53b,PENEGVHHQJHXGUYN,Platignum Studio Fountain Pen,http://www.flipkart.com/platignum-studio-fountain-pen/p/itmegvhhy8m6bu4n?pid=PENEGVHHQJHXGUYN,2016-03-18 19:41:12+00:00,Pens & Stationery,Platignum,1695.0,1695.0,,True,True,0.0,313,225.0,550.0,0.0,1037.5,3.523076923076923,High
a0e77cffb615639a7665730271b517b6,TROEGNQE9GNRFYQD,Vero Moda Regular Fit Women's Trousers,http://www.flipkart.com/vero-moda-regular-fit-women-s-trousers/p/itmegnqec46nzaqf?pid=TROEGNQE9GNRFYQD,2016-03-11 11:26:55+00:00,Clothing,Vero Moda,2295.0,2295.0,,True,True,0.0,6171,374.0,799.0,0.0,1436.5,3.52,High
314a82373a6e88ef24af28ec1188ffbd,SHTEJGESKVEMGRYR,Cotton World Men's Solid Casual Linen White Shirt,http://www.flipkart.com/cotton-world-men-s-solid-casual-linen-white-shirt/p/itmejges38g2zygz?pid=SHTEJGESKVEMGRYR,2016-06-11 04:39:29+00:00,Clothing,Cotton World,2290.0,2290.0,,True,True,0.0,6171,374.0,799.0,0.0,1436.5,3.508235294117647,High
49f7763dc9c7ece284a1ae27166f8c6c,DREEGWVHWR36YPBY,Saba Garments Baby Girl's Gathered Dress,http://www.flipkart.com/saba-garments-baby-girl-s-gathered-dress/p/itmegwvggtmybjhz?pid=DREEGWVHWR36YPBY,2016-03-19 00:37:03+00:00,Baby Care,Saba Garments,3550.0,2750.0,,True,True,22.535211267605632,481,499.0,999.0,0.0,1749.0,3.502,High
378d7dbdb97ecc62c9ad52cb6df23a86,KISEJ7WDQY499TQE,Checkered Chef Steel All-Purpose Scissor,http://www.flipkart.com/checkered-chef-steel-all-purpose-scissor/p/itmej7wdvct9dpxv?pid=KISEJ7WDQY499TQE,2016-06-15 19:32:11+00:00,Kitchen & Dining,Checkered Chef,2260.0,1921.0,,True,True,15.0,645,199.0,582.0,0.0,1156.5,3.496083550913838,High
858d7c02306c64ad383d7dc18362d6c7,JCKECYG2WD2SDYKX,Hugo Chavez Sleeveless Solid Women's Jacket,http://www.flipkart.com/hugo-chavez-sleeveless-solid-women-s-jacket/p/itmecyg2ypcj4pcu?pid=JCKECYG2WD2SDYKX,2016-01-04 03:25:23+00:00,Clothing,Unknown,5999.0,2279.0,,True,True,62.01033505584264,6171,374.0,799.0,0.0,1436.5,3.4823529411764707,High
bc2b850627a6e7018f787877970ebfff,ACCEFZG2VSFDHKVZ,Rdx Pulse Gaming Speaker,http://www.flipkart.com/rdx-pulse-gaming-speaker/p/itmefzg2wx4jhc3v?pid=ACCEFZG2VSFDHKVZ,2016-03-16 23:37:14+00:00,Gaming,Rdx,9999.0,2600.0,,True,True,73.997399739974,35,159.0,704.5,0.0,1522.75,3.474793767186068,High
06daeb89328c5ac33475186b4110354c,SHIE2QTSH9UWXWRF,S C Handicrafts Showpiece  -  9.5 cm,http://www.flipkart.com/s-c-handicrafts-showpiece-9-5-cm/p/itme2qtsjbzmjtxm?pid=SHIE2QTSH9UWXWRF,2015-12-01 12:40:44+00:00,Home Decor & Festive Needs,S C Handicrafts,4650.0,4100.0,,True,True,11.827956989247312,927,426.5,1250.0,0.0,2485.25,3.4608378870673953,High
f66f9b6041b213a74250d91ac288bfdf,SHIEBY8ZUB5HYBAG,MCB Exports 3 Drawer Chest Showpiece  -  28.5 cm,http://www.flipkart.com/mcb-exports-3-drawer-chest-showpiece-28-5-cm/p/itmeby8zckpazzp8?pid=SHIEBY8ZUB5HYBAG,2015-12-01 12:40:44+00:00,Home Decor & Festive Needs,MCB Exports,4599.0,4099.0,,True,True,10.871928680147859,927,426.5,1250.0,0.0,2485.25,3.4596235579842136,High
d9402dc7d00a90e77b589b46fdc636fd,ETHEGBVZSVRDGPBC,Lajo Women's Salwar and Dupatta Set,http://www.flipkart.com/lajo-women-s-salwar-dupatta-set/p/itmegbvzjqnbygea?pid=ETHEGBVZSVRDGPBC,2016-03-03 06:06:42+00:00,Clothing,Lajo,4500.0,2264.0,,True,True,49.68888888888889,6171,374.0,799.0,0.0,1436.5,3.447058823529412,High
d410e8c218cf2892c8bf8fc222c5d597,SNRDZMQ862AJVKGG,Aveeno Baby Continuous Protection Lotion Sunscreen With Broad Spectrum - SPF 55 PA+,http://www.flipkart.com/aveeno-baby-continuous-protection-lotion-sunscreen-broad-spectrum-spf-55-pa/p/itmdyyx99dfyxbfd?pid=SNRDZMQ862AJVKGG,2015-12-31 09:19:31+00:00,Beauty and Personal Care,Unknown,1099.0,1099.0,4.0,True,True,0.0,709,299.0,479.0,29.0,749.0,3.4444444444444446,High
98f4c5b7386fda47295684f80d6c66eb,PRCEGHNC9C8MGPVK,United United Magic Silver 5 Ltr 5 L Pressure Cooker,http://www.flipkart.com/united-magic-silver-5-ltr-l-pressure-cooker/p/itmeghncvcs7c4jb?pid=PRCEGHNC9C8MGPVK,2016-04-02 19:26:28+00:00,Kitchen & Dining,United,1900.0,1900.0,,True,True,0.0,645,199.0,582.0,0.0,1156.5,3.441253263707572,High
43c9e22c8e9d67c0ef63f6b2d11671d7,STIEBU65VMEQGTZY,Wallmantra Extra Large Vinyl Stickers Sticker,http://www.flipkart.com/wallmantra-extra-large-vinyl-stickers-sticker/p/itmebu65uastyy23?pid=STIEBU65VMEQGTZY,2015-12-01 10:15:43+00:00,Baby Care,Wallmantra,7069.0,2719.0,,True,True,61.53628518885274,481,499.0,999.0,0.0,1749.0,3.44,High
4b59516432fbc3d61e8e58d547fde431,JUGEJE2HFCQGZGDE,Prisha India Craft m_jug015-1-prishaindia Water Jug,http://www.flipkart.com/prisha-india-craft-m-jug015-1-prishaindia-water-jug/p/itmeje2hvxhytazu?pid=JUGEJE2HFCQGZGDE,2016-06-07 02:43:22+00:00,Kitchen & Dining,Prisha India Craft,2470.0,1899.0,,True,True,23.11740890688259,645,199.0,582.0,0.0,1156.5,3.4386422976501305,High
ec25b3a118f095a79efa03acf9eadb54,CNSEHF8FGDHAGGGR,CraftGhar X-02-EW-B-147-E.,http://www.flipkart.com/craftghar-x-02-ew-b-147-e/p/itmehf8gvxvxtkzf?pid=CNSEHF8FGDHAGGGR,2016-03-25 15:39:25+00:00,Kitchen & Dining,CraftGhar,2832.0,1899.0,,True,True,32.94491525423729,645,199.0,582.0,0.0,1156.5,3.4386422976501305,High
2f020b22ee386e3ae80ad69ce2222f42,PEREEDNTFNBVFWQD,The Body Shop Fijian Water Lotus Body Mist Eau de Parfum  -  100 ml,http://www.flipkart.com/body-shop-fijian-water-lotus-mist-eau-de-parfum-100-ml/p/itmeedntgqdwtpqy?pid=PEREEDNTFNBVFWQD,2015-12-31 09:19:31+00:00,Beauty and Personal Care,Unknown,1095.0,1095.0,,True,True,0.0,709,299.0,479.0,29.0,749.0,3.422222222222222,High
f622e6c12de2c6534c94635f671af107,CPGEFRFPF5ZPTKF5,GIMS Brown Viscose Carpet,http://www.flipkart.com/gims-brown-viscose-carpet/p/itmefrfpgyuamfrh?pid=CPGEFRFPF5ZPTKF5,2016-03-18 08:01:41+00:00,Home Furnishing,GIMS,4800.0,4100.0,,True,True,14.583333333333334,700,523.0,1332.0,0.0,2545.5,3.4215080346106306,High
bd508f6f66e322df720940fef5d6bcd8,BZREHBHZHBEHZZEY,"Menjestic Solid Tuxedo Style Wedding, Casual, Party Men's Blazer",http://www.flipkart.com/menjestic-solid-tuxedo-style-wedding-casual-party-men-s-blazer/p/itmehbhzfqphbmgt?pid=BZREHBHZHBEHZZEY,2016-04-11 03:32:26+00:00,Clothing,Menjestic,5950.0,2250.0,,True,True,62.18487394957983,6171,374.0,799.0,0.0,1436.5,3.4141176470588235,High
fcbffac0272cfc72614a475168ba11c3,DREEDTNSBYHA9YGC,Divaat Women's Shift Dress,http://www.flipkart.com/divaat-women-s-shift-dress/p/itmedtnsj5fzwfqs?pid=DREEDTNSBYHA9YGC,2016-01-07 00:54:41+00:00,Clothing,Unknown,2250.0,2250.0,,True,True,0.0,6171,374.0,799.0,0.0,1436.5,3.4141176470588235,High
b9a4519a7362e71897d5dca689c5647c,SHIEBGHDHBWNZBJB,Diviniti Mdf Royal Religious Wall Hanging Size 2.5 Bal Gopal Showpiece  -  25 cm,http://www.flipkart.com/diviniti-mdf-royal-religious-wall-hanging-size-2-5-bal-gopal-showpiece-25-cm/p/itmebghdxe3j6eje?pid=SHIEBGHDHBWNZBJB,2016-01-04 00:20:04+00:00,Home Decor & Festive Needs,Diviniti,4060.0,4060.0,,True,True,0.0,927,426.5,1250.0,0.0,2485.25,3.4122647237401336,High
ea6188982d14ac5729f365279bbc6afd,JCKEDFY6TDNS9VM9,Mast & Harbour Full Sleeve Solid Women's Jacket,http://www.flipkart.com/mast-harbour-full-sleeve-solid-women-s-jacket/p/itmedfy6d89ghycg?pid=JCKEDFY6TDNS9VM9,2016-01-07 00:54:41+00:00,Clothing,Unknown,4999.0,2249.0,,True,True,55.01100220044009,6171,374.0,799.0,0.0,1436.5,3.411764705882353,High
b1b8f3ad6859911279b2c85b6f492836,SHIE8N77ZEBQHFWU,Surface 180 Set of 2 Rajasthani Wooden Watch Man With Hand Painting Showpiece  -  26 cm,http://www.flipkart.com/surface-180-set-2-rajasthani-wooden-watch-man-hand-painting-showpiece-26-cm/p/itme8n77xwpr88c7?pid=SHIE8N77ZEBQHFWU,2015-12-01 12:40:44+00:00,Home Decor & Festive Needs,Surface 180,5059.0,4051.0,,True,True,19.924886341174144,927,426.5,1250.0,0.0,2485.25,3.4013357619914997,High
27175ea71cc5f2879882c77b9931cf8b,RCLE3KUDBPC6UGPW,Megaway 196.85 inch White Rice Lights,http://www.flipkart.com/megaway-196-85-inch-white-rice-lights/p/itme3kuddg2qyhkq?pid=RCLE3KUDBPC6UGPW,2016-01-01 13:15:34+00:00,Home Decor & Festive Needs,Megaway,7000.0,4050.0,,True,True,42.142857142857146,927,426.5,1250.0,0.0,2485.25,3.400121432908318,High
7cdf880226d4e9d08bef5ca1fa0586ff,TLPE6G7CF8RD4AFS,Craftter Elephant Square Wall Lamp,http://www.flipkart.com/craftter-elephant-square-wall-lamp/p/itme6g7cfadubmj5?pid=TLPE6G7CF8RD4AFS,2016-01-07 00:54:41+00:00,Pens & Stationery,Unknown,1999.0,1650.0,,True,True,17.45872936468234,313,225.0,550.0,0.0,1037.5,3.3846153846153846,High
dcfe84a98a7087da4b2b7a715e1fb4e6,TLPE6G7CW7ANM9WT,Craftter Flying Butterfly Square Wall Lamp,http://www.flipkart.com/craftter-flying-butterfly-square-wall-lamp/p/itme6g7ck37qzphb?pid=TLPE6G7CW7ANM9WT,2016-01-07 00:54:41+00:00,Pens & Stationery,Unknown,1999.0,1650.0,5.0,True,True,17.45872936468234,313,225.0,550.0,0.0,1037.5,3.3846153846153846,High
538110a407d8fcf74490f46a928f87f1,BLAEAWAATUTTZFNK,Raymond Abstract Single Blanket Pink,http://www.flipkart.com/raymond-abstract-single-blanket-pink/p/itmeawaaacjhmea9?pid=BLAEAWAATUTTZFNK,2015-12-12 11:46:53+00:00,Home Furnishing,Raymond,4069.0,4069.0,,True,True,0.0,700,523.0,1332.0,0.0,2545.5,3.3831891223733,High
c80b6d380e9eca04177301c3feabafeb,RTRDZCPAY9YHMG4X,Netgear WN2500RP Universal Dual Band Wi-Fi Range Extender,http://www.flipkart.com/netgear-wn2500rp-universal-dual-band-wi-fi-range-extender/p/itmdzcpcdjw8gcxg?pid=RTRDZCPAY9YHMG4X,2015-12-01 06:13:00+00:00,Computers,Netgear,10800.0,7550.0,3.5,True,True,30.09259259259259,573,350.0,1995.0,0.0,4462.5,3.3768996960486324,High
ae92806a948b328cef52289a8cfca4de,PTPE2F33QGYXMHGW,DakshCraft Handmade Copperware Serving Kadhai NA L,http://www.flipkart.com/dakshcraft-handmade-copperware-serving-kadhai-na-l/p/itme2f33hd9dnkza?pid=PTPE2F33QGYXMHGW,2015-12-01 12:40:44+00:00,Kitchen & Dining,DakshCraft,2500.0,1875.0,,True,True,25.0,645,199.0,582.0,0.0,1156.5,3.3759791122715406,High
0cac46015ba99abc1b2cca6f8c615067,SKTE8HA2HDURGKTF,Roller Derby Trac Star Quad Roller Skates - Size 12-2 US,http://www.flipkart.com/roller-derby-trac-star-quad-skates-size-12-2/p/itme8ha2eer8jpje?pid=SKTE8HA2HDURGKTF,2015-12-01 06:13:00+00:00,Sports & Fitness,Unknown,7750.0,4650.0,,True,True,40.0,166,417.5,1386.75,0.0,2840.625,3.366778436935775,High
4a69e36b91220253d29a2513d204b2eb,ETYEFUYSEGFP6E3T,Tabu 22 Activities English Learner Laptop Toy,http://www.flipkart.com/tabu-22-activities-english-learner-laptop-toy/p/itmefuysgkumyyfh?pid=ETYEFUYSEGFP6E3T,2016-02-24 02:50:54+00:00,Toys & School Supplies,Tabu,2999.0,1799.0,,True,True,40.01333777925975,329,179.0,550.0,0.0,1106.5,3.3665768194070083,High
291c2d06ca8bfed7c8e4fae8f24aa359,PCSE76X48PVSDDVK,Rk Plant Container Set,http://www.flipkart.com/rk-plant-container-set/p/itme76x4ydpdgwef?pid=PCSE76X48PVSDDVK,2016-01-07 05:50:25+00:00,Tools & Hardware,Rk,4999.0,3099.0,,True,True,38.007601520304064,387,375.0,999.0,0.0,1935.0,3.3653846153846154,High
e0f373d6df91f7bad72690380cfd55a2,BLAEY7MBHU9EGAZA,GRJ India Floral Double Quilts & Comforters Multicolor,http://www.flipkart.com/grj-india-floral-double-quilts-comforters-multicolor/p/itmey7mbwzhbedg2?pid=BLAEY7MBHU9EGAZA,2015-12-20 08:26:17+00:00,Home Furnishing,GRJ India,7198.0,4049.0,,True,True,43.748263406501806,700,523.0,1332.0,0.0,2545.5,3.358467243510507,High
db6b405898c91a891a701cf0a2053901,GLSEDFCZUZVUPGDE,Raghav India RICP_077,http://www.flipkart.com/raghav-india-ricp-077/p/itmedfczf7xykwpt?pid=GLSEDFCZUZVUPGDE,2015-12-31 09:19:31+00:00,Kitchen & Dining,Raghav India,3265.0,1865.0,,True,True,42.87901990811638,645,199.0,582.0,0.0,1156.5,3.349869451697128,High
e39177ad1acf95e44ddd430bf969a86b,RTRDQ4HQC6A4ZC4G,Asus RP-N53 Dual-Band Wireless-N600 Range Extender,http://www.flipkart.com/asus-rp-n53-dual-band-wireless-n600-range-extender/p/itmdq4hqzfcws3sx?pid=RTRDQ4HQC6A4ZC4G,2015-12-01 06:13:00+00:00,Computers,Asus,7490.0,7490.0,2.5,True,True,0.0,573,350.0,1995.0,0.0,4462.5,3.3404255319148937,High
3a664ecdb806124e4236f92fae30f471,GRAEDCRWFFYQVH2E,Interio Crafts Brass Gramophone,http://www.flipkart.com/interio-crafts-brass-gramophone/p/itmedcrwpmd5zgra?pid=GRAEDCRWFFYQVH2E,2016-01-03 09:39:44+00:00,Home Decor & Festive Needs,Interio Crafts,8999.0,3999.0,,True,True,55.561729081009,927,426.5,1250.0,0.0,2485.25,3.3381906496660596,High
6387979d29ea1f5ed14fa117ac11db5e,SHIEA3GY4Q2NHPXA,Collectible India Relaxing Conch Ganesha Brass Idol - Antique Finish Statue Showpiece  -  17.5 cm,http://www.flipkart.com/collectible-india-relaxing-conch-ganesha-brass-idol-antique-finish-statue-showpiece-17-5-cm/p/itmea3gznutgg5wt?pid=SHIEA3GY4Q2NHPXA,2016-01-03 09:39:44+00:00,Home Decor & Festive Needs,Collectible India,4999.0,3999.0,,True,True,20.004000800160032,927,426.5,1250.0,0.0,2485.25,3.3381906496660596,High
96eb6581500f9b24b0d12e3874297016,SHOE9ZZX59MFJ9WK,Adidas Training & Gym Shoes,http://www.flipkart.com/adidas-training-gym-shoes/p/itme9zzutfax4guj?pid=SHOE9ZZX59MFJ9WK,2015-12-12 11:46:53+00:00,Footwear,Unknown,4999.0,4999.0,,True,True,0.0,1225,499.0,1540.0,0.0,3101.5,3.322766570605187,High
0ff1389169c80fcff814bd564ba6d14a,SPBE2GVN9DBHYG9H,Senterlan 2323 Navy Blue,http://www.flipkart.com/senterlan-2323-navy-blue/p/itme2gvzcucbmzbj?pid=SPBE2GVN9DBHYG9H,2016-02-28 10:36:58+00:00,Sports & Fitness,Senterlan,6999.0,4599.0,,True,True,34.29061294470639,166,417.5,1386.75,0.0,2840.625,3.3141604333247354,High
eaf55e90d0e4295cb84cb0276e78c35c,VANEDHSCE7UYEGHZ,Craftuno Handcrafted Paper Mache Box - Set of 3 Showpiece Vanity Decorative,http://www.flipkart.com/craftuno-handcrafted-paper-mache-box-set-3-showpiece-vanity-decorative/p/itmedhscxggsfgcu?pid=VANEDHSCE7UYEGHZ,2016-01-04 03:25:23+00:00,Beauty and Personal Care,Unknown,1398.0,1075.0,,True,True,23.104434907010013,709,299.0,479.0,29.0,749.0,3.311111111111111,High
a4538de060ec7bae0c7952cc41c53389,OFSEGVPGRDA3D8SM,Fellowes  Office Set,http://www.flipkart.com/fellowes-office-set/p/itmegvpgcacegaph?pid=OFSEGVPGRDA3D8SM,2016-03-21 02:58:41+00:00,Pens & Stationery,Fellowes,2774.0,1626.0,,True,True,41.38428262436914,313,225.0,550.0,0.0,1037.5,3.310769230769231,High
636f74113169d313e6e9dd50b22b83c7,GLSEGPCFGCZRYA73,OceaN VGLASS0049,http://www.flipkart.com/ocean-vglass0049/p/itmegpcf8akpggnc?pid=GLSEGPCFGCZRYA73,2016-03-11 06:55:07+00:00,Kitchen & Dining,OceaN,3000.0,1845.0,,True,True,38.5,645,199.0,582.0,0.0,1156.5,3.297650130548303,High
bdfd8ee0069f554eecc52c7a0156683c,BLAEB3XANVZX7KXN,Raymond Abstract Double Blanket Blue,http://www.flipkart.com/raymond-abstract-double-blanket-blue/p/itmeawabuu4khkum?pid=BLAEB3XANVZX7KXN,2015-12-12 11:46:53+00:00,Home Furnishing,Raymond,3999.0,3999.0,,True,True,0.0,700,523.0,1332.0,0.0,2545.5,3.296662546353523,High
dcab5c08ed8e6c2fa039e01367390071,BLAEAWAAUHFTFG8N,Raymond Abstract Single Blanket Purple,http://www.flipkart.com/raymond-abstract-single-blanket-purple/p/itmeawaa7jbpzbn4?pid=BLAEAWAAUHFTFG8N,2015-12-12 11:46:53+00:00,Home Furnishing,Raymond,3999.0,3999.0,,True,True,0.0,700,523.0,1332.0,0.0,2545.5,3.296662546353523,High
f3dec6a97225941bf9c3213e73943bd3,BLAE3WR6ZQFCHFYE,Textile India Paisley Double Quilts & Comforters Green,http://www.flipkart.com/textile-india-paisley-double-quilts-comforters-green/p/itme3wr6pedprze7?pid=BLAE3WR6ZQFCHFYE,2015-12-20 08:26:17+00:00,Home Furnishing,Textile India,6599.0,3999.0,,True,True,39.3999090771329,700,523.0,1332.0,0.0,2545.5,3.296662546353523,High
13589c9ef206e1740e522637f8702960,JCKEEB5YX5Q8HYBM,Sports 52 Wear Full Sleeve Solid Men's Jacket,http://www.flipkart.com/sports-52-wear-full-sleeve-solid-men-s-jacket/p/itmeeb5xp6fdd2xt?pid=JCKEEB5YX5Q8HYBM,2016-01-07 00:54:41+00:00,Clothing,Unknown,5499.0,2200.0,,True,True,59.99272595017276,6171,374.0,799.0,0.0,1436.5,3.296470588235294,High
2b9b4edef00b81947a0f653f07bedd7c,TOPE94JH8ZFHZVTV,Noble Faith Casual Full Sleeve Solid Women's Top,http://www.flipkart.com/noble-faith-casual-full-sleeve-solid-women-s-top/p/itme94jh8zyhzwmg?pid=TOPE94JH8ZFHZVTV,2016-01-07 00:54:41+00:00,Clothing,Unknown,2199.0,2199.0,,True,True,0.0,6171,374.0,799.0,0.0,1436.5,3.2941176470588234,High
570ec346e06761849b0e33326b5c3479,JEAE7MP247GWNEMS,Provogue Slim Fit Men's Jeans,http://www.flipkart.com/provogue-slim-fit-men-s-jeans/p/itme7mp2gznfsrts?pid=JEAE7MP247GWNEMS,2015-12-12 11:46:53+00:00,Clothing,Slim,2199.0,2199.0,,True,True,0.0,6171,374.0,799.0,0.0,1436.5,3.2941176470588234,High
609fa3937433a2b6ced12115c71eca07,TOPE94JHSWNVX2GS,Noble Faith Casual Sleeveless Embellished Women's Top,http://www.flipkart.com/noble-faith-casual-sleeveless-embellished-women-s-top/p/itme94jhvnfgbvwf?pid=TOPE94JHSWNVX2GS,2016-01-07 00:54:41+00:00,Clothing,Unknown,2199.0,2199.0,,True,True,0.0,6171,374.0,799.0,0.0,1436.5,3.2941176470588234,High
e8706eda778a6cb33d1265614f878da9,JEAE7MP37JWJXAZH,Provogue Slim Fit Men's Jeans,http://www.flipkart.com/provogue-slim-fit-men-s-jeans/p/itme7mp2gznfsrts?pid=JEAE7MP37JWJXAZH,2015-12-12 11:46:53+00:00,Clothing,Slim,2199.0,2199.0,,True,True,0.0,6171,374.0,799.0,0.0,1436.5,3.2941176470588234,High
5a4e8288e19ba0bfe97702ff18ad7dfa,TSHEDHVRVZMGXKFW,Northern Lights Striped Men's Round Neck T-Shirt,http://www.flipkart.com/northern-lights-striped-men-s-round-neck-t-shirt/p/itmedhvrgaedskzf?pid=TSHEDHVRVZMGXKFW,2015-12-13 00:29:55+00:00,Clothing,Unknown,2198.0,2198.0,,True,True,0.0,6171,374.0,799.0,0.0,1436.5,3.291764705882353,High
171a732da86c741d3a7be3d87f0006f3,BBAEDVTCRGHW8ENF,BGS Alloy Bangle,http://www.flipkart.com/bgs-alloy-bangle/p/itmedvtctzn2kfzn?pid=BBAEDVTCRGHW8ENF,2015-12-20 08:26:17+00:00,Jewellery,BGS,7199.0,3599.0,,True,True,50.006945409084594,3522,310.0,1076.75,0.0,2226.875,3.2895337463319203,High
f5821e580608ca2d7b67cd51ce3a98a0,STCEGFYHHFKGF2XV,Goblin Hurricane Expandable  Cabin Luggage - 22,http://www.flipkart.com/goblin-hurricane-expandable-cabin-luggage-22/p/itme6rn4mpa2shsg?pid=STCEGFYHHFKGF2XV,2016-03-03 06:06:42+00:00,"Bags, Wallets & Belts",Goblin,5195.0,3400.0,,True,True,34.55245428296439,264,399.0,1099.0,0.0,2149.0,3.287142857142857,High
b45ebfe97bb9e09a50ca89f3d61c9fb7,FABEGBT3NZXS32YG,texclusive Silk Embroidered Semi-stitched Salwar Suit Dupatta Material,http://www.flipkart.com/texclusive-silk-embroidered-semi-stitched-salwar-suit-dupatta-material/p/itmegbt3d43pfueg?pid=FABEGBT3NZXS32YG,2016-03-02 19:09:22+00:00,Clothing,texclusive,5000.0,2190.0,,True,True,56.2,6171,374.0,799.0,0.0,1436.5,3.2729411764705882,High
cf3e938bf6d66c65ce94f8c206ed0809,ESDEE3KKE5ZVR4UW,e.l.f. Cosmetics Studio brow Kit Ash Brow Makeup Brush Mirror Girly Elf Fun Sexy 3 g,http://www.flipkart.com/e-l-f-cosmetics-studio-brow-kit-ash-makeup-brush-mirror-girly-elf-fun-sexy-3-g/p/itmee3kkzsawu3hh?pid=ESDEE3KKE5ZVR4UW,2016-03-03 11:29:08+00:00,Beauty and Personal Care,e.l.f. Cosmetics,1064.0,1064.0,,True,True,0.0,709,299.0,479.0,29.0,749.0,3.25,High
f1a4d25243afe43b50e820e59c288160,WATDTWVV6GUFGHF3,Titan 1641YM01 Karishma Analog Watch  - For Men,http://www.flipkart.com/titan-1641ym01-karishma-analog-watch-men/p/itmdtwvv6gufghf3?pid=WATDTWVV6GUFGHF3,2015-12-29 05:07:38+00:00,Watches,Unknown,2495.0,2245.0,2.0,True,True,10.02004008016032,528,550.0,950.0,0.0,1550.0,3.2375,High
728cfd8787ac5b173f5a99343300d9f8,BAGEH2A4GHTVQYX5,Oriflame Waterproof Multipurpose Bag,http://www.flipkart.com/oriflame-waterproof-multipurpose-bag/p/itmeh2a4xzggy5ur?pid=BAGEH2A4GHTVQYX5,2016-05-26 23:54:46+00:00,Pens & Stationery,Oriflame,2499.0,1599.0,,True,True,36.014405762304925,313,225.0,550.0,0.0,1037.5,3.227692307692308,High
a3f1a7f47f37761d5c2068a5ed605fce,SHIEAFTQGNRMZHNH,"Collectible India Wooden Handpainted Ganesha Statue, Ganesh Idol Showpiece  -  20 cm",http://www.flipkart.com/collectible-india-wooden-handpainted-ganesha-statue-ganesh-idol-showpiece-20-cm/p/itmeaftqugwrhepr?pid=SHIEAFTQGNRMZHNH,2016-01-03 10:35:37+00:00,Home Decor & Festive Needs,Collectible India,3900.0,3900.0,,True,True,0.0,927,426.5,1250.0,0.0,2485.25,3.217972070431087,High
841ee06a7a64e783a616a7fd93efa2e5,SKTE8HA22ZZZ2DDH,Roller Derby Fun Roll Quad Roller Skates - Size 11-2 US,http://www.flipkart.com/roller-derby-fun-roll-quad-skates-size-11-2/p/itme8ha24pgcpddw?pid=SKTE8HA22ZZZ2DDH,2016-01-04 00:20:04+00:00,Sports & Fitness,Unknown,7550.0,4500.0,,True,True,40.397350993377486,166,417.5,1386.75,0.0,2840.625,3.212019602785659,High
ae066a3529395e6eebad9b914c9d887d,SPBDHHHHXPZJDGYB,Coleman RTX 3500i C010 Backpack,http://www.flipkart.com/coleman-rtx-3500i-c010-backpack/p/itmdt69w9nzs99kp?pid=SPBDHHHHXPZJDGYB,2016-02-28 10:36:58+00:00,Sports & Fitness,Coleman,4500.0,4500.0,4.0,True,True,0.0,166,417.5,1386.75,0.0,2840.625,3.212019602785659,High
4a6c46afff66d809f7669f4b2a092b4c,PCSE76X4K44HZ5YY,Rk Plant Container Set,http://www.flipkart.com/rk-plant-container-set/p/itme76x4t7hazjut?pid=PCSE76X4K44HZ5YY,2016-01-07 05:50:25+00:00,Tools & Hardware,Rk,3999.0,2999.0,,True,True,25.00625156289072,387,375.0,999.0,0.0,1935.0,3.2051282051282053,High
64429c7bde854d68ef55b7aa2ff3937b,SNREYQD9GEZTJYZM,Vichy Capital Soleil Velvety Cream - SPF 50 PA+,http://www.flipkart.com/vichy-capital-soleil-velvety-cream-spf-50-pa/p/itmeyqd9kcxwkfac?pid=SNREYQD9GEZTJYZM,2015-12-31 09:19:31+00:00,Beauty and Personal Care,Unknown,1200.0,1055.0,,True,True,12.083333333333334,709,299.0,479.0,29.0,749.0,3.2,High
68ec3d8d81da1f9f6f31ac68c327a359,CBKEBFJXCJQ7KEWK,Oxyglow Golden Glow Flawless Daimon Facial Kit & Fruit Massage Cream With Vitamin-E 200gm,http://www.flipkart.com/oxyglow-golden-glow-flawless-daimon-facial-kit-fruit-massage-cream-vitamin-e-200gm/p/itmebfjxnn9x4z8s?pid=CBKEBFJXCJQ7KEWK,2015-12-12 11:46:53+00:00,Beauty and Personal Care,Unknown,1755.0,1053.0,,True,True,40.0,709,299.0,479.0,29.0,749.0,3.188888888888889,High
11d3ebdaf63d0ccf5f7d4eeef04daf52,SNRDMU8FYJSKBXX3,Neutrogena Clear Face Lotion - SPF 30,http://www.flipkart.com/neutrogena-clear-face-lotion-spf-30/p/itmdmu8gzhdxarya?pid=SNRDMU8FYJSKBXX3,2015-12-31 09:19:31+00:00,Beauty and Personal Care,Unknown,2106.0,1049.0,,True,True,50.18993352326686,709,299.0,479.0,29.0,749.0,3.1666666666666665,High
45c420e9739bc8587611c64be365035f,RNGED7QUMBSFDQKU,Indian Gems And Jewells Certified 2 Cts Sterling Silver Ruby Ring,http://www.flipkart.com/indian-gems-jewells-certified-2-cts-sterling-silver-ruby-ring/p/itmed7qutpubkqck?pid=RNGED7QUMBSFDQKU,2016-01-06 18:20:45+00:00,Jewellery,Indian Gems And Jewells,5000.0,3500.0,,True,True,30.0,3522,310.0,1076.75,0.0,2226.875,3.1604173459406586,High
0fa54886bcd0b4b37e7b25db24bef9b3,SHIE3QDHFYNWATPT,Exotic India Bhagwan Vishnu Showpiece  -  22.86 cm,http://www.flipkart.com/exotic-india-bhagwan-vishnu-showpiece-22-86-cm/p/itme3qdhtpvcbytx?pid=SHIE3QDHFYNWATPT,2016-01-03 09:13:59+00:00,Home Decor & Festive Needs,Exotic India,4375.0,3850.0,,True,True,12.0,927,426.5,1250.0,0.0,2485.25,3.1572556162720096,High
e82fac84865e3a37fa438ebd63ac8ecb,BLAE9CSUFAPQ8S3F,Raymond Abstract Single Blanket Blue,http://www.flipkart.com/raymond-abstract-single-blanket-blue/p/itme9csuregypncc?pid=BLAE9CSUFAPQ8S3F,2015-12-12 11:46:53+00:00,Home Furnishing,Raymond,4299.0,3869.0,,True,True,10.002326122354036,700,523.0,1332.0,0.0,2545.5,3.1359703337453646,High
bd53c6fb42483dcbf85d1ee3e9677fd7,GLSEHFJZ2N9C3WYK,Ocean CPWG086,http://www.flipkart.com/ocean-cpwg086/p/itmehfjz3yeffh4a?pid=GLSEHFJZ2N9C3WYK,2016-04-16 13:01:18+00:00,Kitchen & Dining,Ocean,2000.0,1780.0,,True,True,11.0,645,199.0,582.0,0.0,1156.5,3.1279373368146213,High
d37fa83d97928c270171e7540d231fb6,ACCDVFK6WVS2MYUX,JJC LH-87(W)  Lens Hood,http://www.flipkart.com/jjc-lh-87-w-lens-hood/p/itmdvfk65zdwpq6a?pid=ACCDVFK6WVS2MYUX,2015-12-29 05:07:38+00:00,Cameras & Accessories,JJC,4000.0,4000.0,,True,True,0.0,72,674.0,1480.0,0.0,2689.0,3.1265508684863526,High
7436c011ebdfd24b56a77893f210ed3b,BLAE9CSTFZAMXSNE,Raymond Abstract Single Blanket Orange,http://www.flipkart.com/raymond-abstract-single-blanket-orange/p/itme9cstydrhynqy?pid=BLAE9CSTFZAMXSNE,2015-12-12 11:46:53+00:00,Home Furnishing,Raymond,4289.0,3860.0,,True,True,10.002331545814876,700,523.0,1332.0,0.0,2545.5,3.1248454882571077,High
66476da76ebde0da16832c5fb976047e,BKPEDM7H2MZG2EWH,JanSport Big Student 34 L Backpack,http://www.flipkart.com/jansport-big-student-34-l-backpack/p/itmedm7hvx8n9vwb?pid=BKPEDM7H2MZG2EWH,2016-01-03 02:35:32+00:00,"Bags, Wallets & Belts",Unknown,4099.0,3279.0,,True,True,20.00487923883874,264,399.0,1099.0,0.0,2149.0,3.1142857142857143,High
4139f9fc819e3f2ad44b0686f4960c42,DREECRS5GWBX7DZK,Betty Girl's Maxi Dress,http://www.flipkart.com/betty-girl-s-maxi-dress/p/itmecrs4ufe477my?pid=DREECRS5GWBX7DZK,2016-01-06 18:20:45+00:00,Clothing,Unknown,2120.0,2120.0,,True,True,0.0,6171,374.0,799.0,0.0,1436.5,3.108235294117647,High
8b5ea0019a14effb6a54f51da406ccac,RSFEG488DKQHFEPZ,Opaleena MDF Wall Shelf,http://www.flipkart.com/opaleena-mdf-wall-shelf/p/itmeg488vhhzn3dp?pid=RSFEG488DKQHFEPZ,2016-05-16 22:42:47+00:00,Home Decor & Festive Needs,Opaleena,7600.0,3799.0,,True,True,50.01315789473684,927,426.5,1250.0,0.0,2485.25,3.095324833029751,High
34d34634e3ba23e22986ef42efff60af,PELEGNVBZXXXKDNZ,RosesNRibbons Rhodium Garnet Sterling Silver,http://www.flipkart.com/rosesnribbons-rhodium-garnet-sterling-silver/p/itmegnvb84kat8zg?pid=PELEGNVBZXXXKDNZ,2016-03-11 11:26:55+00:00,Jewellery,RosesNRibbons,4049.0,3449.0,,True,True,14.818473697209187,3522,310.0,1076.75,0.0,2226.875,3.09390283664819,High
f28dbe6996336f063e804f353d7de4ce,SHIEEF68UNZZDGZV,Radhika's World of Crafts Ganesha with Prabhavali Showpiece  -  19 cm,http://www.flipkart.com/radhika-s-world-crafts-ganesha-prabhavali-showpiece-19-cm/p/itmeef68bd6fnm4p?pid=SHIEEF68UNZZDGZV,2016-01-03 10:35:37+00:00,Home Decor & Festive Needs,Radhika's World of Crafts,4280.0,3780.0,,True,True,11.682242990654206,927,426.5,1250.0,0.0,2485.25,3.0722525804493017,High
741f890e377f0bf04bd30a1ff7d2c170,SHTEAE8H4HGY8URZ,Jpeters Men's Solid Formal Shirt,http://www.flipkart.com/jpeters-men-s-solid-formal-shirt/p/itmeae8hhpeqhg3b?pid=SHTEAE8H4HGY8URZ,2015-12-06 03:01:47+00:00,Clothing,Regular,2250.0,2100.0,,True,True,6.666666666666667,6171,374.0,799.0,0.0,1436.5,3.061176470588235,High
7edc9b3ee5566a145e5927a03d7cd72c,SHTEAE8HHAH3GCWY,Jpeters Men's Solid Formal Shirt,http://www.flipkart.com/jpeters-men-s-solid-formal-shirt/p/itmeae8hgyhmdham?pid=SHTEAE8HHAH3GCWY,2015-12-06 03:01:47+00:00,Clothing,Regular,2250.0,2100.0,,True,True,6.666666666666667,6171,374.0,799.0,0.0,1436.5,3.061176470588235,High
5095627f0465a3b8ea0c263448413bf6,JEAE6HJ3UCXHKRMY,Provogue Slim Fit Men's Jeans,http://www.flipkart.com/provogue-slim-fit-men-s-jeans/p/itme6hj33f3snsuz?pid=JEAE6HJ3UCXHKRMY,2015-12-12 11:46:53+00:00,Clothing,Slim,2099.0,2099.0,,True,True,0.0,6171,374.0,799.0,0.0,1436.5,3.0588235294117645,High
5aa46b3c2030563e013e111773a84a86,TROEJFS2XPYVXEMT,"IndiWeaves Regular Fit Men's Linen White, Black Trousers",http://www.flipkart.com/indiweaves-regular-fit-men-s-linen-white-black-trousers/p/itmejfs2ynnhz9dk?pid=TROEJFS2XPYVXEMT,2016-06-09 01:54:25+00:00,Clothing,IndiWeaves,4198.0,2099.0,,True,True,50.0,6171,374.0,799.0,0.0,1436.5,3.0588235294117645,High
7bab83eac5099cd31d38b6dcb6b7eb1e,DRPEHQY6QFKTCBPA,cherry crumble california Girl's Pink Dungaree,http://www.flipkart.com/cherry-crumble-california-girl-s-pink-dungaree/p/itmehqy6wgweuwxp?pid=DRPEHQY6QFKTCBPA,2016-05-10 11:57:25+00:00,Clothing,cherry crumble california,2099.0,2099.0,,True,True,0.0,6171,374.0,799.0,0.0,1436.5,3.0588235294117645,High
9b7abc5a23ef007643f60d43af528375,TROEJFS3K29GK57X,"IndiWeaves Regular Fit Men's Linen Beige, Blue Trousers",http://www.flipkart.com/indiweaves-regular-fit-men-s-linen-beige-blue-trousers/p/itmejfs3ezhzczcv?pid=TROEJFS3K29GK57X,2016-06-09 01:54:25+00:00,Clothing,IndiWeaves,4198.0,2099.0,,True,True,50.0,6171,374.0,799.0,0.0,1436.5,3.0588235294117645,High
f56718ffb4ba4f4be531d9da9d3eb4c2,JEAE6HJ3XFZG5TWG,Provogue Slim Fit Men's Jeans,http://www.flipkart.com/provogue-slim-fit-men-s-jeans/p/itme6hj33f3snsuz?pid=JEAE6HJ3XFZG5TWG,2015-12-12 11:46:53+00:00,Clothing,Slim,2099.0,2099.0,,True,True,0.0,6171,374.0,799.0,0.0,1436.5,3.0588235294117645,High
6b4852d696723da907b60bf08c9ee49e,TSHEDHVRWTTCHDNZ,Northern Lights Solid Men's Round Neck T-Shirt,http://www.flipkart.com/northern-lights-solid-men-s-round-neck-t-shirt/p/itmedhvrwfhzr5bf?pid=TSHEDHVRWTTCHDNZ,2015-12-13 00:29:55+00:00,Clothing,Unknown,2098.0,2098.0,,True,True,0.0,6171,374.0,799.0,0.0,1436.5,3.0564705882352943,High
81df469ae860d353404cc80b39eb3bdd,TSHEDHVRYBDHRZNY,Northern Lights Striped Men's Round Neck T-Shirt,http://www.flipkart.com/northern-lights-striped-men-s-round-neck-t-shirt/p/itmedhvrvkzfahhb?pid=TSHEDHVRYBDHRZNY,2015-12-13 00:29:55+00:00,Clothing,Unknown,2098.0,2098.0,,True,True,0.0,6171,374.0,799.0,0.0,1436.5,3.0564705882352943,High
da083bc31fe1c7a1fcdfac4ad2ec8ad0,TSHEDHVRGGDZZHYG,Northern Lights Striped Men's Round Neck T-Shirt,http://www.flipkart.com/northern-lights-striped-men-s-round-neck-t-shirt/p/itmedhvrkkhy4nqc?pid=TSHEDHVRGGDZZHYG,2015-12-13 00:29:55+00:00,Clothing,Unknown,2098.0,2098.0,,True,True,0.0,6171,374.0,799.0,0.0,1436.5,3.0564705882352943,High
44622ebe6b8ab6b0111f1a0e1ece684b,JWSE78FFPZBKYKZK,Saga Green Meena Navratna Pendant Traditional Alloy Jewel Set,http://www.flipkart.com/saga-green-meena-navratna-pendant-traditional-alloy-jewel-set/p/itme78ffghcmxvec?pid=JWSE78FFPZBKYKZK,2015-12-12 11:46:53+00:00,Jewellery,Saga,3800.0,3420.0,,True,True,10.0,3522,310.0,1076.75,0.0,2226.875,3.0560808607760026,High
6a1ba2a2fdaacac0c9425dccec4ddd92,BLAEAWABZ5GADHAX,Raymond Abstract Double Blanket Pink,http://www.flipkart.com/raymond-abstract-double-blanket-pink/p/itmeawabffzgzvxy?pid=BLAEAWABZ5GADHAX,2015-12-12 11:46:53+00:00,Home Furnishing,Raymond,3799.0,3799.0,,True,True,0.0,700,523.0,1332.0,0.0,2545.5,3.0494437577255873,High
873dd9a81b6ea6a8acf59019d9ec291c,TOPE4QK44FNX6PY5,Elisabetta Bartolli Party Short Sleeve Solid Women's Top,http://www.flipkart.com/elisabetta-bartolli-party-short-sleeve-solid-women-s-top/p/itme4qk4u2a4dfbg?pid=TOPE4QK44FNX6PY5,2016-01-06 18:20:45+00:00,Clothing,Unknown,2095.0,2095.0,,True,True,0.0,6171,374.0,799.0,0.0,1436.5,3.0494117647058823,High
4be0c70dec8216fbb53394bc1c023394,PCSE76X4WCN9UY6W,Rk Plant Container Set,http://www.flipkart.com/rk-plant-container-set/p/itme76x4dsthzfsx?pid=PCSE76X4WCN9UY6W,2016-01-07 05:50:25+00:00,Tools & Hardware,Rk,4000.0,2899.0,,True,True,27.525,387,375.0,999.0,0.0,1935.0,3.0448717948717947,High
00ae93caff1669518b3e4cdd9a29b2fa,RTREBZRGQGCZJ7ZG,Apple MC414HN/A,http://www.flipkart.com/apple-mc414hn-a/p/itmebzrgtjegesgv?pid=RTREBZRGQGCZJ7ZG,2015-12-01 06:13:00+00:00,Computers,Apple,7000.0,7000.0,,True,True,0.0,573,350.0,1995.0,0.0,4462.5,3.0425531914893615,High
458c697fe5824552890b0e674cf5c109,CPUEJ2CMBFHTTHSJ,I Ball IBCTDC 160/2gb/DDR2 with Dual Core 2 RAM 160 Hard Disk,http://www.flipkart.com/ball-ibctdc-160-2gb-ddr2-dual-core-2-ram-160-hard-disk/p/itmej2cmqfyfmzsh?pid=CPUEJ2CMBFHTTHSJ,2016-05-26 23:54:46+00:00,Computers,I Ball,12999.0,6990.0,,True,True,46.22663281790907,573,350.0,1995.0,0.0,4462.5,3.0364741641337387,High
6555099e89f755486aedad8b546e1ae9,RTRDZ7CGNGRHHRCM,Asus EA-N66 Dual-Band Wireless-N900 Gigabit 3-in-1 AP/Wi-Fi Bridge/Ra,http://www.flipkart.com/asus-ea-n66-dual-band-wireless-n900-gigabit-3-in-1-ap-wi-fi-bridge-ra/p/itmdzzb62w7zchnb?pid=RTRDZ7CGNGRHHRCM,2015-12-01 06:13:00+00:00,Computers,Asus,7105.0,6990.0,3.0,True,True,1.6185784658691063,573,350.0,1995.0,0.0,4462.5,3.0364741641337387,High
83e3ca327bf77d6f162a2cc2f407eab2,ETHEGDTGYCFHJEEF,Lajo Women's Salwar and Dupatta Set,http://www.flipkart.com/lajo-women-s-salwar-dupatta-set/p/itmegdtgxghkhfh7?pid=ETHEGDTGYCFHJEEF,2016-03-03 06:06:42+00:00,Clothing,Lajo,4000.0,2089.0,,True,True,47.775,6171,374.0,799.0,0.0,1436.5,3.0352941176470587,High
c56e11433f936a60bffb7bae873cbb94,ETHEGDTGRWRVJQGP,Lajo Women's Salwar and Dupatta Set,http://www.flipkart.com/lajo-women-s-salwar-dupatta-set/p/itmegdtgvwyftydm?pid=ETHEGDTGRWRVJQGP,2016-03-03 06:06:42+00:00,Clothing,Lajo,4000.0,2089.0,,True,True,47.775,6171,374.0,799.0,0.0,1436.5,3.0352941176470587,High
fbc545fed536f460a4bcd38e2a4fe3e6,ETHEGDTGYZMMUAQG,Lajo Women's Salwar and Dupatta Set,http://www.flipkart.com/lajo-women-s-salwar-dupatta-set/p/itmegdtgmgcgxzcm?pid=ETHEGDTGYZMMUAQG,2016-03-03 06:06:42+00:00,Clothing,Lajo,4000.0,2089.0,,True,True,47.775,6171,374.0,799.0,0.0,1436.5,3.0352941176470587,High
cc2e2bb105a5c2b2e43842886d057b81,SHIE9FMPQBGXGTTH,Lal Haveli Traditional Hand Crafted Beautiful Iron Musician 5 Pcs Set Showpiece  -  33 cm,http://www.flipkart.com/lal-haveli-traditional-hand-crafted-beautiful-iron-musician-5-pcs-set-showpiece-33-cm/p/itme9fmpsqfhgqaq?pid=SHIE9FMPQBGXGTTH,2015-12-01 12:40:44+00:00,Home Decor & Festive Needs,Lal Haveli,5000.0,3749.0,,True,True,25.02,927,426.5,1250.0,0.0,2485.25,3.034608378870674,High
e77440cdd4ee0218df4d6f976f633609,SHIE9J6PAJGHYX6B,Lal Haveli House Kitchen Decorative Solid Almirah Wooden Stool Showpiece  -  45.72 cm,http://www.flipkart.com/lal-haveli-house-kitchen-decorative-solid-almirah-wooden-stool-showpiece-45-72-cm/p/itme9j6pbvhzethk?pid=SHIE9J6PAJGHYX6B,2015-12-01 12:40:44+00:00,Home Decor & Festive Needs,Lal Haveli,5000.0,3749.0,,True,True,25.02,927,426.5,1250.0,0.0,2485.25,3.034608378870674,High
deacc5b85ba9b8c1b016a69c16b19e28,BBAE7SSNKUZPRZNU,Shahi Handicraft Plastic Chudas,http://www.flipkart.com/shahi-handicraft-plastic-chudas/p/itme7ssnwf9yetqj?pid=BBAE7SSNKUZPRZNU,2015-12-20 08:26:17+00:00,Jewellery,Shahi Handicraft,5000.0,3400.0,,True,True,32.0,3522,310.0,1076.75,0.0,2226.875,3.0299967394848384,High
efc40a1daed876421ab779b7430e2ce7,CBKEA9HYZSMQUVYM,Oxyglow Fruit Massage Cream With Vitamin-E & Kesar Fairness Glow Facial Kit,http://www.flipkart.com/oxyglow-fruit-massage-cream-vitamin-e-kesar-fairness-glow-facial-kit/p/itmea9hyv48wehdy?pid=CBKEA9HYZSMQUVYM,2015-12-12 11:46:53+00:00,Beauty and Personal Care,Unknown,1380.0,1021.0,,True,True,26.014492753623188,709,299.0,479.0,29.0,749.0,3.011111111111111,High
3c62315597edacb37ac3aef41d6388af,SPBE2GVZMANCQNZW,Senterlan 2188-4,http://www.flipkart.com/senterlan-2188-4/p/itme2gvzeewg5r6y?pid=SPBE2GVZMANCQNZW,2016-02-28 10:36:58+00:00,Sports & Fitness,Senterlan,5999.0,4299.0,,True,True,28.33805634272379,166,417.5,1386.75,0.0,2840.625,3.0046427650245033,High
184ecf07ca4e2872eaf53d2344a1e783,IFPEEANZ88AYFQJJ,Bestway 1.47m x 1.47m x 1.22m/Play With Sun Shade Inflatable Play Pool,http://www.flipkart.com/bestway-1-47m-x-1-22m-play-sun-shade-inflatable-play-pool/p/itmeeanzcn4fsd3v?pid=IFPEEANZ88AYFQJJ,2016-01-01 10:55:30+00:00,Baby Care,Bestway,2999.0,2499.0,,True,True,16.672224074691563,481,499.0,999.0,0.0,1749.0,3.0,High
7e8f068de1dd977888deebdcd8b557e4,BZREJT2RFKMWGNZZ,Mast & Harbour Solid Single Breasted Casual Women's Blazer,http://www.flipkart.com/mast-harbour-solid-single-breasted-casual-women-s-blazer/p/itmejt2rymdcepc3?pid=BZREJT2RFKMWGNZZ,2016-06-28 00:52:37+00:00,Baby Care,Mast & Harbour,2499.0,2499.0,,True,True,0.0,481,499.0,999.0,0.0,1749.0,3.0,High
a8ea6fc2b3cd95f46bced80853ce8e0e,DRPEHQY8Z5UZFP7V,cherry crumble california Baby Boy's Dungaree,http://www.flipkart.com/cherry-crumble-california-baby-boy-s-dungaree/p/itmehqy8ydzvqx8n?pid=DRPEHQY8Z5UZFP7V,2016-04-24 18:34:50+00:00,Baby Care,cherry crumble california,2499.0,2499.0,,True,True,0.0,481,499.0,999.0,0.0,1749.0,3.0,High
eb15c8c168e9ebb8d24deac65e0aec37,SOFEDVYZRHJG8J3F,ARRA Solid Wood 7 Seater Sofa,http://www.flipkart.com/arra-solid-wood-7-seater-sofa/p/itmedvyzdebm2xvr?pid=SOFEDVYZRHJG8J3F,2015-12-31 09:19:31+00:00,Furniture,ARRA,86500.0,86500.0,,True,True,0.0,180,1299.0,22646.0,0.0,54666.5,2.9912399868834028,High
0d6c3228f2a49c6a6bd63813ae5f3593,DREECJD8CZDDUJNU,Betty Girl's Maxi Dress,http://www.flipkart.com/betty-girl-s-maxi-dress/p/itmecjd83dh57wxq?pid=DREECJD8CZDDUJNU,2016-01-06 18:20:45+00:00,Clothing,Unknown,2070.0,2070.0,,True,True,0.0,6171,374.0,799.0,0.0,1436.5,2.9905882352941178,High
0bacd4a00919e53fafc0b57769a3be42,STIEBU65VZWXSQAH,Wallmantra Extra Large Vinyl Stickers Sticker,http://www.flipkart.com/wallmantra-extra-large-vinyl-stickers-sticker/p/itmebu65cccust9a?pid=STIEBU65VZWXSQAH,2015-12-01 10:15:43+00:00,Baby Care,Wallmantra,6445.0,2479.0,,True,True,61.53607447633825,481,499.0,999.0,0.0,1749.0,2.96,High
a2d9f096bc0714655b9590fdeb53e89e,DREECRS4EHXNA9UH,Betty Girl's Maxi Dress,http://www.flipkart.com/betty-girl-s-maxi-dress/p/itmecrs46cu64kcg?pid=DREECRS4EHXNA9UH,2016-01-06 18:20:45+00:00,Clothing,Unknown,2055.0,2055.0,,True,True,0.0,6171,374.0,799.0,0.0,1436.5,2.9552941176470586,High
d9e00970284de56531c597e84b390e4b,PASEA46QFBTUGATC,Ahuja Shiny AHUJA SUH-15XT Outdoor PA System,http://www.flipkart.com/ahuja-shiny-suh-15xt-outdoor-pa-system/p/itmea46q4nav6baw?pid=PASEA46QFBTUGATC,2015-12-01 12:40:44+00:00,Pens & Stationery,Ahuja,1510.0,1510.0,,True,True,0.0,313,225.0,550.0,0.0,1037.5,2.953846153846154,High
562fec2bb256cc9b8bf5d30cd7df2945,TROEBAAPU9VBKUGU,Van Heusen Slim Fit Men's Trousers,http://www.flipkart.com/van-heusen-slim-fit-men-s-trousers/p/itmebaapymvns5v6?pid=TROEBAAPU9VBKUGU,2016-01-02 02:22:28+00:00,Clothing,Unknown,2049.0,2049.0,,True,True,0.0,6171,374.0,799.0,0.0,1436.5,2.9411764705882355,High
ad1ebc92d7469a2efbfbc457de67ee4c,SPAEJ5U8ZZDBEHNS,overstockedkitchen Non-Stick Spatula,http://www.flipkart.com/overstockedkitchen-non-stick-spatula/p/itmej5u8abdfhfh9?pid=SPAEJ5U8ZZDBEHNS,2016-06-14 18:49:44+00:00,Kitchen & Dining,overstockedkitchen,2009.0,1708.0,,True,True,14.982578397212544,645,199.0,582.0,0.0,1156.5,2.939947780678851,High
349c1ea75b3cee0f1600d45bbd987489,BLAEAWABVGFNW3CJ,Raymond Abstract Double Blanket Beige,http://www.flipkart.com/raymond-abstract-double-blanket-beige/p/itmeawabq2cqw5tr?pid=BLAEAWABVGFNW3CJ,2015-12-12 11:46:53+00:00,Home Furnishing,Raymond,3699.0,3699.0,,True,True,0.0,700,523.0,1332.0,0.0,2545.5,2.925834363411619,High
f5fccf46fe70611b70b17efd5ce2bec0,BAGEHQ64CJMVM5WY,Vency creation Waterproof Multipurpose Bag,http://www.flipkart.com/vency-creation-waterproof-multipurpose-bag/p/itmehq64pnzkdsau?pid=BAGEHQ64CJMVM5WY,2016-06-17 14:13:36+00:00,Pens & Stationery,Vency creation,1599.0,1500.0,,True,True,6.191369606003752,313,225.0,550.0,0.0,1037.5,2.923076923076923,High
94d409774afb8c55b3b2a6ab0cc2b537,MBDEFP93WQJBKTRY,Gigabyte GA-B85-MD3H-A Motherboard,http://www.flipkart.com/gigabyte-ga-b85-md3h-a-motherboard/p/itmefp93xpdtbgsx?pid=MBDEFP93WQJBKTRY,2016-02-24 02:50:54+00:00,Computers,Gigabyte,8500.0,6799.0,,True,True,20.011764705882353,573,350.0,1995.0,0.0,4462.5,2.9203647416413374,High
86057fc068e53a0628afa4aaff7a5b80,CRTE92XDZXRJ4ARM,4D Mats Fresh Interior Car Mat Hyundai Verna Fluidic,http://www.flipkart.com/4d-mats-fresh-interior-car-mat-hyundai-verna-fluidic/p/itme92xdzhgjwjrs?pid=CRTE92XDZXRJ4ARM,2015-12-01 12:40:44+00:00,Automotive,4D Mats,5200.0,4800.0,,True,True,7.6923076923076925,1010,499.0,1599.0,0.0,3249.0,2.91,High
5bfb573ef76021af2a9ca155b37cee75,PELE8F5SYHHT5XUP,Clara Certified Iolite (Neeli) 6.5cts or 7.25ratti Sterling Silver Pendant,http://www.flipkart.com/clara-certified-iolite-neeli-6-5cts-7-25ratti-sterling-silver-pendant/p/itme8f5stu6cfugb?pid=PELE8F5SYHHT5XUP,2015-12-12 11:46:53+00:00,Jewellery,Clara,10270.0,3300.0,,True,True,67.86757546251218,3522,310.0,1076.75,0.0,2226.875,2.8995761330290186,High
b754d2ed62ed01008d0f345c9289a7d1,PENEGJY8STATFZHY,Lamy Safari Ball Pen,http://www.flipkart.com/lamy-safari-ball-pen/p/itmegjy8zzvzzpzg?pid=PENEGJY8STATFZHY,2016-05-12 14:18:51+00:00,Pens & Stationery,Lamy,1490.0,1490.0,,True,True,0.0,313,225.0,550.0,0.0,1037.5,2.8923076923076922,High
5749bae8ccead7997ebf370b6b081d07,VANE97CQUZGNYATF,Kuber Industries Bangle Four Roll & Ring & Earing Box Jewellery Vanity Pouch,http://www.flipkart.com/kuber-industries-bangle-four-roll-ring-earing-box-jewellery-vanity-pouch/p/itme97cqacbp9gw9?pid=VANE97CQUZGNYATF,2016-01-04 00:20:04+00:00,Beauty and Personal Care,Unknown,1998.0,999.0,,True,True,50.0,709,299.0,479.0,29.0,749.0,2.888888888888889,High
6d991eff10490abd884d61418fdbe479,FCTEJXGUNGMHANE2,Lakiya Glycolic Acid Peel 10%,http://www.flipkart.com/lakiya-glycolic-acid-peel-10/p/itmejxgum8psayek?pid=FCTEJXGUNGMHANE2,2016-06-23 15:59:14+00:00,Beauty and Personal Care,Lakiya,2500.0,999.0,,True,True,60.04,709,299.0,479.0,29.0,749.0,2.888888888888889,High
9769c7762d91ab68c1090fe39ea60fe4,VANE9ZH3RSHMCJRV,Kuber Industries Bangle Three Roll & ring & Earing Box Jewellery Vanity Case,http://www.flipkart.com/kuber-industries-bangle-three-roll-ring-earing-box-jewellery-vanity-case/p/itme9zh3vjypqt6y?pid=VANE9ZH3RSHMCJRV,2016-01-04 00:20:04+00:00,Beauty and Personal Care,Unknown,2599.0,999.0,,True,True,61.562139284340134,709,299.0,479.0,29.0,749.0,2.888888888888889,High
b93af1478d6a7940edc5ea51f9c7143d,CTLEH4CDD64NGGYS,Optokart Two Tone Color Made In U S A By Visions India Yearly Contact Lens,http://www.flipkart.com/optokart-two-tone-color-made-u-s-visions-india-yearly-contact-lens/p/itmeh4cduaagztex?pid=CTLEH4CDD64NGGYS,2016-03-26 11:04:56+00:00,Beauty and Personal Care,Optokart,2300.0,999.0,,True,True,56.56521739130435,709,299.0,479.0,29.0,749.0,2.888888888888889,High
d40aa413796846eb237d2a4d92ce35ce,BAREGGF8KXRWMGZK,Urban Girl Foundation Brush,http://www.flipkart.com/urban-girl-foundation-brush/p/itmeggf8qdggkssx?pid=BAREGGF8KXRWMGZK,2016-05-10 11:57:25+00:00,Beauty and Personal Care,Urban Girl,1999.0,999.0,,True,True,50.02501250625313,709,299.0,479.0,29.0,749.0,2.888888888888889,High
de97a7f72d2f9dc9ab6111684ec5e05b,SNRE9WHFUEMHYEAE,Forever Aloe Sunscreen Spray - SPF 30 PA+,http://www.flipkart.com/forever-aloe-sunscreen-spray-spf-30-pa/p/itme9wwfxegebzqq?pid=SNRE9WHFUEMHYEAE,2015-12-31 09:19:31+00:00,Beauty and Personal Care,Unknown,1044.0,997.0,,True,True,4.501915708812261,709,299.0,479.0,29.0,749.0,2.8777777777777778,High
172cd7df1fbc29fc673934d57d691b61,ETHEGDTGZMBPGZGG,Lajo Women's Salwar and Dupatta Set,http://www.flipkart.com/lajo-women-s-salwar-dupatta-set/p/itmegdtgczehgfkv?pid=ETHEGDTGZMBPGZGG,2016-03-03 06:06:42+00:00,Clothing,Lajo,4000.0,2022.0,,True,True,49.45,6171,374.0,799.0,0.0,1436.5,2.8776470588235292,High
cb9e67568653f914800b17351c9b5ed6,ETHEGDTGFYZ7FGFT,Lajo Women's Salwar and Dupatta Set,http://www.flipkart.com/lajo-women-s-salwar-dupatta-set/p/itmegdtgghqjuzuc?pid=ETHEGDTGFYZ7FGFT,2016-03-03 06:06:42+00:00,Clothing,Lajo,4000.0,2022.0,,True,True,49.45,6171,374.0,799.0,0.0,1436.5,2.8776470588235292,High
35b5dfdda9214c94ab15bf5390e07de9,WATE7QKBJMGNXQRQ,Perucci PCC-501C Decker Analog Watch  - For Men,http://www.flipkart.com/perucci-pcc-501c-decker-analog-watch-men/p/itme7qkbps2mgqyf?pid=WATE7QKBJMGNXQRQ,2015-12-12 11:46:53+00:00,Watches,Unknown,2400.0,2100.0,,True,True,12.5,528,550.0,950.0,0.0,1550.0,2.875,High
6f80ae07edfad2b9914d10eb0b97c3db,WATE7Y9VUQFYQWFZ,Perucci PC-501C & PC-219 Decker Analog Watch  - For Men,http://www.flipkart.com/perucci-pc-501c-pc-219-decker-analog-watch-men/p/itme7y9vkyhkzj9h?pid=WATE7Y9VUQFYQWFZ,2015-12-12 11:46:53+00:00,Watches,Unknown,2900.0,2100.0,,True,True,27.586206896551722,528,550.0,950.0,0.0,1550.0,2.875,High
a3aae6ae7f25ad0a7ef27d07920ec4bc,WATE6XU7E3D28FJH,Perucci PC-502C Decker Analog Watch  - For Men,http://www.flipkart.com/perucci-pc-502c-decker-analog-watch-men/p/itme6xu7jg25vfbj?pid=WATE6XU7E3D28FJH,2015-12-12 11:46:53+00:00,Watches,Unknown,2400.0,2100.0,,True,True,12.5,528,550.0,950.0,0.0,1550.0,2.875,High
31e594fbd7c02964a88f245b42aed895,SNRE9ZQNP9YE6CG8,Biotique Bxl Cellular Protection Cream Spf 40 Uva/Uvb Sunscreen - SPF 40 PA+++,http://www.flipkart.com/biotique-bxl-cellular-protection-cream-spf-40-uva-uvb-sunscreen-pa/p/itme9zqnzwvbh5aa?pid=SNRE9ZQNP9YE6CG8,2015-12-31 09:19:31+00:00,Beauty and Personal Care,Unknown,995.0,995.0,,True,True,0.0,709,299.0,479.0,29.0,749.0,2.8666666666666667,High
f7516ba0b11ae27195e7ef0ee0a35d28,LSKEJNHFS2RT4WQF,Chambor Orosa Lipstick 4.5 g,http://www.flipkart.com/chambor-orosa-lipstick-4-5-g/p/itmejnhfa9jshyyk?pid=LSKEJNHFS2RT4WQF,2016-06-16 06:18:58+00:00,Beauty and Personal Care,Chambor,995.0,995.0,,True,True,0.0,709,299.0,479.0,29.0,749.0,2.8666666666666667,High
cc51fc23e73004f0823a388f62deaea1,DUPEHPFQ9HBBE7ZF,Urbanvillage Cotton Self Design Women's Dupatta,http://www.flipkart.com/urbanvillage-cotton-self-design-women-s-dupatta/p/itmehpfqry7b3byy?pid=DUPEHPFQ9HBBE7ZF,2016-04-24 08:44:14+00:00,Clothing,Urbanvillage,2114.0,2016.0,,True,True,4.635761589403973,6171,374.0,799.0,0.0,1436.5,2.863529411764706,High
9c1274f8f20e2df89ba09648894c4881,PCSEDT7S9UVVR68Y,Real Seed Hanging Stylish Planter Highly Durable And Elegant Plant Container Set,http://www.flipkart.com/real-seed-hanging-stylish-planter-highly-durable-elegant-plant-container-set/p/itmedt7smtmuffep?pid=PCSEDT7S9UVVR68Y,2016-01-07 05:50:25+00:00,Tools & Hardware,Real Seed,3180.0,2780.0,,True,True,12.578616352201259,387,375.0,999.0,0.0,1935.0,2.8541666666666665,High
a027fdbbd62f79edacfc124a73850c46,SHIE7H4TKJCG8WGK,Gift Island Asset Showpiece  -  30 cm,http://www.flipkart.com/gift-island-asset-showpiece-30-cm/p/itme7h4tzywh5epv?pid=SHIE7H4TKJCG8WGK,2016-01-04 03:25:23+00:00,Home Decor & Festive Needs,Gift Island,3599.0,3599.0,,True,True,0.0,927,426.5,1250.0,0.0,2485.25,2.8524590163934427,High
d4f57e23c52b18f13b1bf9a02ab12cd3,TROEC9FR543TRB7Z,Uber Urban Slim Fit Men's Trousers,http://www.flipkart.com/uber-urban-slim-fit-men-s-trousers/p/itmeck3dzmv92byr?pid=TROEC9FR543TRB7Z,2016-01-02 07:26:51+00:00,Clothing,Unknown,4497.0,2010.0,,True,True,55.30353569046031,6171,374.0,799.0,0.0,1436.5,2.8494117647058825,High
bd3ec431fa1e0d505013fd4d2d1a194b,SHOE9ZZPWCGGZAWP,Reebok Training & Gym Shoes,http://www.flipkart.com/reebok-training-gym-shoes/p/itme9zzpz2jhcrv8?pid=SHOE9ZZPWCGGZAWP,2015-12-12 11:46:53+00:00,Footwear,Unknown,8999.0,4499.0,,True,True,50.0055561729081,1225,499.0,1540.0,0.0,3101.5,2.8424591738712777,High
6351759b35287ca6bfb1588cf44c4805,DREECRS5RGQZTYNE,Betty Girl's Maxi Dress,http://www.flipkart.com/betty-girl-s-maxi-dress/p/itmecrs4phcfehby?pid=DREECRS5RGQZTYNE,2016-01-06 18:20:45+00:00,Clothing,Unknown,2230.0,2007.0,,True,True,10.0,6171,374.0,799.0,0.0,1436.5,2.8423529411764705,High
fc59187b2e011cf098ce420a0ee02e10,BLAEAWAASKHYTEGV,Raymond Abstract Double Blanket Red,http://www.flipkart.com/raymond-abstract-double-blanket-red/p/itmeawaaatqhkznz?pid=BLAEAWAASKHYTEGV,2015-12-12 11:46:53+00:00,Home Furnishing,Raymond,3629.0,3629.0,,True,True,0.0,700,523.0,1332.0,0.0,2545.5,2.8393077873918418,High
699c793e2c3c45b3bfd526239076d03b,LFHDQAZP4FHGGZEM,Manufaktura Home Spa Tropical Plants Natural Face Loofah,http://www.flipkart.com/manufaktura-home-spa-tropical-plants-natural-face-loofah/p/itmdqazpkdqzhsfn?pid=LFHDQAZP4FHGGZEM,2016-01-04 00:20:04+00:00,Beauty and Personal Care,Unknown,990.0,990.0,,True,True,0.0,709,299.0,479.0,29.0,749.0,2.838888888888889,High
38f76561c1a98d104bc1a84879a8ff47,SHOECJD5WVAGAJEH,Shuz Touch Boots,http://www.flipkart.com/shuz-touch-boots/p/itmecjd56gybhhpk?pid=SHOECJD5WVAGAJEH,2015-12-04 07:25:36+00:00,Footwear,Unknown,4495.0,4495.0,,True,True,0.0,1225,499.0,1540.0,0.0,3101.5,2.838616714697406,High
0e1b28db5c5086e84107cc2c78929020,RNGEAY8GWSHGGMQ6,G-Luck Silver Turquoise NA K Ring,http://www.flipkart.com/g-luck-silver-turquoise-na-k-ring/p/itmeay8gedpsyg9g?pid=RNGEAY8GWSHGGMQ6,2016-01-06 18:20:45+00:00,Jewellery,G-Luck,3738.0,3250.0,,True,True,13.055109684323167,3522,310.0,1076.75,0.0,2226.875,2.8343658298011087,High
8f06175a03f746c17bbcd315231a4c24,STFE9EQ8MZRNQMJF,Gungun Toys Beautiful Teddy Bear  - 152 cm,http://www.flipkart.com/gungun-toys-beautiful-teddy-bear-152-cm/p/itme9eq8jxxvxgbg?pid=STFE9EQ8MZRNQMJF,2016-01-03 09:39:44+00:00,Toys & School Supplies,Unknown,1999.0,1600.0,,True,True,19.959979989995,329,179.0,550.0,0.0,1106.5,2.830188679245283,High
5813916dd3a3771d8350822a6fa28b77,SAREGSFVJ5ZVBMGU,Vipul Saree Printed Bhagalpuri Raw Silk Sari,http://www.flipkart.com/vipul-saree-printed-bhagalpuri-raw-silk-sari/p/itmegsfvxaca9zac?pid=SAREGSFVJ5ZVBMGU,2016-03-16 23:37:14+00:00,Clothing,Vipul Saree,3000.0,2000.0,,True,True,33.333333333333336,6171,374.0,799.0,0.0,1436.5,2.8258823529411763,High
996932b6f685cd7c9bf35d55633de3fb,TOPDWSEWETZNNQEY,Ozel Studio Casual Short Sleeve Solid Women's Top,http://www.flipkart.com/ozel-studio-casual-short-sleeve-solid-women-s-top/p/itmdwsewdvp2vugm?pid=TOPDWSEWETZNNQEY,2016-01-06 18:20:45+00:00,Clothing,Unknown,4000.0,2000.0,,True,True,50.0,6171,374.0,799.0,0.0,1436.5,2.8258823529411763,High
ace9a22e2087870c2f223a9c55e41186,JCKEDMQ7RTWDZCTB,Park Avenue Sleeveless Solid Men's Jacket,http://www.flipkart.com/park-avenue-sleeveless-solid-men-s-jacket/p/itmedmq7hybe6myh?pid=JCKEDMQ7RTWDZCTB,2016-01-07 00:54:41+00:00,Clothing,Unknown,3999.0,2000.0,,True,True,49.98749687421856,6171,374.0,799.0,0.0,1436.5,2.8258823529411763,High
1ba5cbd12d97e5befebf7dfdfb4d16bf,WSCEJFZSJHPBRWGK,Raymond Checkered Men's Waistcoat,http://www.flipkart.com/raymond-checkered-men-s-waistcoat/p/itmejfzsrfpfkzxx?pid=WSCEJFZSJHPBRWGK,2016-06-23 20:12:26+00:00,Clothing,Raymond,3999.0,1999.0,,True,True,50.01250312578144,6171,374.0,799.0,0.0,1436.5,2.823529411764706,High
4e084a3605c17669374a461bb0f8b40f,SHTECQYNKGZNNBRP,Specimen Men's Solid Casual Shirt,http://www.flipkart.com/specimen-men-s-solid-casual-shirt/p/itmec8axgrzxbpnh?pid=SHTECQYNKGZNNBRP,2015-12-29 05:07:38+00:00,Clothing,Slim,1999.0,1999.0,,True,True,0.0,6171,374.0,799.0,0.0,1436.5,2.823529411764706,High
5064009d1e35384dd359f1d402bb14b0,TOPEGQJYGPFHEKCK,Reinvent Casual Short Sleeve Self Design Women's Top,http://www.flipkart.com/reinvent-casual-short-sleeve-self-design-women-s-top/p/itmegqjyuzudx4m5?pid=TOPEGQJYGPFHEKCK,2016-03-25 15:39:25+00:00,Clothing,Reinvent,1999.0,1999.0,,True,True,0.0,6171,374.0,799.0,0.0,1436.5,2.823529411764706,High
6aaf270d905b87a15c82196164317306,CAPEDVMZYZTY7UAG,Lowe Alpine Skull Cap,http://www.flipkart.com/lowe-alpine-skull-cap/p/itmedvmz548f7xyv?pid=CAPEDVMZYZTY7UAG,2015-12-31 09:19:31+00:00,Clothing,Unknown,1999.0,1999.0,,True,True,0.0,6171,374.0,799.0,0.0,1436.5,2.823529411764706,High
6b1dec2f6de0e417d56a5b14b3b0b3d4,TROEGWHHRHGBEZS9,W Regular Fit Women's Trousers,http://www.flipkart.com/w-regular-fit-women-s-trousers/p/itmegwhhnvbp25n5?pid=TROEGWHHRHGBEZS9,2016-03-18 08:01:41+00:00,Clothing,W,1999.0,1999.0,,True,True,0.0,6171,374.0,799.0,0.0,1436.5,2.823529411764706,High
9d647d784054476c87ee1c7d1fdde654,BZREBXM8BFP6HZVP,Pannkh Self Design Single Breasted Casual Women's Blazer,http://www.flipkart.com/pannkh-self-design-single-breasted-casual-women-s-blazer/p/itmebxm8gfqf9tbz?pid=BZREBXM8BFP6HZVP,2016-01-07 00:54:41+00:00,Clothing,Unknown,3599.0,1999.0,,True,True,44.45679355376493,6171,374.0,799.0,0.0,1436.5,2.823529411764706,High
a3659628992245e67c95d3adb577498c,BZREBXM8H66HR9CX,Pannkh Printed Single Breasted Casual Women's Blazer,http://www.flipkart.com/pannkh-printed-single-breasted-casual-women-s-blazer/p/itmebxm82e8h9kzv?pid=BZREBXM8H66HR9CX,2016-01-07 00:54:41+00:00,Clothing,Unknown,3599.0,1999.0,,True,True,44.45679355376493,6171,374.0,799.0,0.0,1436.5,2.823529411764706,High
ba5fa84317fd6b48465a879af3c376a6,TOPE7UX4DNXBGJAW,NOD Casual Full Sleeve Solid Women's Top,http://www.flipkart.com/nod-casual-full-sleeve-solid-women-s-top/p/itme7ux4erhfrgw6?pid=TOPE7UX4DNXBGJAW,2016-01-06 18:20:45+00:00,Clothing,Unknown,1999.0,1999.0,,True,True,0.0,6171,374.0,799.0,0.0,1436.5,2.823529411764706,High
bf5bbe1757fc75b000708ee9244f13c0,BZREBXM8DYBHURWH,Pannkh Printed Single Breasted Casual Women's Blazer,http://www.flipkart.com/pannkh-printed-single-breasted-casual-women-s-blazer/p/itmebxm8ncrcgvgz?pid=BZREBXM8DYBHURWH,2016-01-07 00:54:41+00:00,Clothing,Unknown,3599.0,1999.0,,True,True,44.45679355376493,6171,374.0,799.0,0.0,1436.5,2.823529411764706,High
c47d5c0c6505efe700887422ca7ae80a,ETHEGD3EJ6BMAF7H,"Cynthia's Fashion Women's, Girl's Kurta, Pyjama & Dupatta Set",http://www.flipkart.com/cynthia-s-fashion-women-s-girl-s-kurta-pyjama-dupatta-set/p/itmegd3eqzcvx9fd?pid=ETHEGD3EJ6BMAF7H,2016-03-03 06:06:42+00:00,Clothing,Cynthia's Fashion,3999.0,1999.0,,True,True,50.01250312578144,6171,374.0,799.0,0.0,1436.5,2.823529411764706,High
d5f6f5f7dee84a20993e2ec7a9888253,TROEGWHHUCZVUKMQ,W Regular Fit Women's Trousers,http://www.flipkart.com/w-regular-fit-women-s-trousers/p/itmegwhhpxf4nzzh?pid=TROEGWHHUCZVUKMQ,2016-03-18 08:01:41+00:00,Clothing,W,1999.0,1999.0,,True,True,0.0,6171,374.0,799.0,0.0,1436.5,2.823529411764706,High
db11559a69513e7a5b10bfd8bfd0a864,SHTECJPBXNATSCCH,Indian Terrain Men's Striped Formal Shirt,http://www.flipkart.com/indian-terrain-men-s-striped-formal-shirt/p/itmecjpb8tpfgxqj?pid=SHTECJPBXNATSCCH,2015-12-06 03:01:47+00:00,Clothing,Slim Fit,1999.0,1999.0,,True,True,0.0,6171,374.0,799.0,0.0,1436.5,2.823529411764706,High
dd08a3fbf4ba43ed92ab5b2d9744d3ac,TSHEBGC34TVWJGHN,Reebok Printed Women's Round Neck T-Shirt,http://www.flipkart.com/reebok-printed-women-s-round-neck-t-shirt/p/itmebgc3v338ghzm?pid=TSHEBGC34TVWJGHN,2016-01-07 00:54:41+00:00,Clothing,Unknown,1999.0,1999.0,,True,True,0.0,6171,374.0,799.0,0.0,1436.5,2.823529411764706,High
e9c1be2045da3c89a6e5a2252ce701df,SHTE6G4TGVVDGGQH,Mr Button Men's Solid Casual Linen Shirt,http://www.flipkart.com/mr-button-men-s-solid-casual-linen-shirt/p/itme6g4tjfdfzjpb?pid=SHTE6G4TGVVDGGQH,2015-12-29 05:07:38+00:00,Clothing,Slim Fit,2499.0,1999.0,,True,True,20.008003201280513,6171,374.0,799.0,0.0,1436.5,2.823529411764706,High
fa5dbf767e33f1462d8ed74005065e40,JCKEGCRW4FGJAY6X,"Lolaski Sleeveless Self Design Girl's, Women's Jacket",http://www.flipkart.com/lolaski-sleeveless-self-design-girl-s-women-s-jacket/p/itmegcrwrxbfmzg9?pid=JCKEGCRW4FGJAY6X,2016-04-02 19:26:28+00:00,Clothing,Lolaski,4000.0,1999.0,,True,True,50.025,6171,374.0,799.0,0.0,1436.5,2.823529411764706,High
d0420a1eb33323566ba2c947143f62e7,TSHEDHVRNSGHEHAR,Northern Lights Striped Men's Round Neck T-Shirt,http://www.flipkart.com/northern-lights-striped-men-s-round-neck-t-shirt/p/itmedhvrgcf9fu9e?pid=TSHEDHVRNSGHEHAR,2015-12-13 00:29:55+00:00,Clothing,Unknown,1998.0,1998.0,,True,True,0.0,6171,374.0,799.0,0.0,1436.5,2.8211764705882354,High
352a7e6f13b43f395b6992366ecd4646,LINE9YX3ZAVWPKZN,Roxy Beach Wear Lingerie Set,http://www.flipkart.com/roxy-beach-wear-lingerie-set/p/itme9yx32jfygytu?pid=LINE9YX3ZAVWPKZN,2016-01-04 00:20:04+00:00,Clothing,Unknown,3995.0,1997.0,,True,True,50.01251564455569,6171,374.0,799.0,0.0,1436.5,2.8188235294117647,High
62e3ad9a70fbf7e47c0e9bf19e2a397e,GLSEJGVBRQMYV7NE,Stallion Barware 8908-1,http://www.flipkart.com/stallion-barware-8908-1/p/itmejgvbyuqxmb3z?pid=GLSEJGVBRQMYV7NE,2016-06-10 11:36:05+00:00,Kitchen & Dining,Stallion Barware,1999.0,1661.0,,True,True,16.908454227113555,645,199.0,582.0,0.0,1156.5,2.8172323759791125,High
7114eca3917d79f6f1d3113be742b107,SRTEHVURZFRUZUCZ,Vero Moda Solid Women's Basic Shorts,http://www.flipkart.com/vero-moda-solid-women-s-basic-shorts/p/itmehvurn7gzqe9g?pid=SRTEHVURZFRUZUCZ,2016-04-23 02:17:20+00:00,Clothing,Vero Moda,1995.0,1995.0,,True,True,0.0,6171,374.0,799.0,0.0,1436.5,2.8141176470588234,High
86d3fba45ffe7f46dc9af746c95474ce,DREEDVHXJGJWQHVE,Betty Girl's Maxi Dress,http://www.flipkart.com/betty-girl-s-maxi-dress/p/itmedvhxhfz7juym?pid=DREEDVHXJGJWQHVE,2016-01-06 18:20:45+00:00,Clothing,Unknown,1995.0,1995.0,5.0,True,True,0.0,6171,374.0,799.0,0.0,1436.5,2.8141176470588234,High
938c35bbfc9aaaf6fbdd2c1ee5d19c13,DREEDVHXSAAZSBTZ,Betty Girl's Maxi Dress,http://www.flipkart.com/betty-girl-s-maxi-dress/p/itmedvhxes3zk7fe?pid=DREEDVHXSAAZSBTZ,2016-01-06 18:20:45+00:00,Clothing,Unknown,1995.0,1995.0,,True,True,0.0,6171,374.0,799.0,0.0,1436.5,2.8141176470588234,High
605c5f30f8b5adc37f5d5323fa29236a,TPMEE6Z2FAWCZZSR,Eco Haat Round Pack of 6 Table Placemat,http://www.flipkart.com/eco-haat-round-pack-6-table-placemat/p/itmee6z2ghhfhfwf?pid=TPMEE6Z2FAWCZZSR,2015-12-31 09:19:31+00:00,Home Furnishing,Eco Haat,4300.0,3600.0,,True,True,16.27906976744186,700,523.0,1332.0,0.0,2545.5,2.8034610630407912,High
6f4b2e10894f6d0742ae6549730ffe37,SHTEBG6ZGKAWFWKT,Love From India Women's Printed Casual Shirt,http://www.flipkart.com/love-india-women-s-printed-casual-shirt/p/itmebg6zwfwugrvw?pid=SHTEBG6ZGKAWFWKT,2015-12-12 11:46:53+00:00,Clothing,Regular,1990.0,1990.0,,True,True,0.0,6171,374.0,799.0,0.0,1436.5,2.8023529411764705,High
b534cccc9667da5eff10f6f3a70b8eb0,DREECRS4FHNBDJHY,Betty Girl's Maxi Dress,http://www.flipkart.com/betty-girl-s-maxi-dress/p/itmecrs4ckhaaczb?pid=DREECRS4FHNBDJHY,2016-01-06 18:20:45+00:00,Clothing,Unknown,1990.0,1990.0,,True,True,0.0,6171,374.0,799.0,0.0,1436.5,2.8023529411764705,High
c5b286bfc8d43040d17ade6098661dcc,SHTE7U6W4DWSWGZ6,Love From India Women's Geometric Print Casual Shirt,http://www.flipkart.com/love-india-women-s-geometric-print-casual-shirt/p/itme7u6wxzvzvs92?pid=SHTE7U6W4DWSWGZ6,2015-12-12 11:46:53+00:00,Clothing,Slim,1990.0,1990.0,,True,True,0.0,6171,374.0,799.0,0.0,1436.5,2.8023529411764705,High
4bbd7054d109f1d248fab986a1a690a2,TPMEE72YPGSUVPGH,Eco Haat Round Pack of 6 Table Placemat,http://www.flipkart.com/eco-haat-round-pack-6-table-placemat/p/itmee72ya7pfzauk?pid=TPMEE72YPGSUVPGH,2015-12-31 09:19:31+00:00,Home Furnishing,Eco Haat,4500.0,3599.0,,True,True,20.022222222222222,700,523.0,1332.0,0.0,2545.5,2.8022249690976513,High
7f305af28aee06bd6b5ec50b1101189a,BDSE7FQ6KZCDTFPZ,Scalabedding Cotton Solid King sized Double Bedsheet,http://www.flipkart.com/scalabedding-cotton-solid-king-sized-double-bedsheet/p/itme7fq6fwfc4hhy?pid=BDSE7FQ6KZCDTFPZ,2015-12-03 21:49:05+00:00,Home Furnishing,Scalabedding,4399.0,3599.0,,True,True,18.185951352580133,700,523.0,1332.0,0.0,2545.5,2.8022249690976513,High
8bc0642ab515b06f29b45e925cbc2883,BLAE3WR6GYNKR5DU,Textile India Floral Double Quilts & Comforters Green,http://www.flipkart.com/textile-india-floral-double-quilts-comforters-green/p/itme3wr6knyxyzzc?pid=BLAE3WR6GYNKR5DU,2015-12-20 08:26:17+00:00,Home Furnishing,Textile India,5999.0,3599.0,,True,True,40.006667777962996,700,523.0,1332.0,0.0,2545.5,2.8022249690976513,High
bc6b11881b783f275edd051431e531a8,SLIEEXZYYFHXTCZA,Balaji Velvet Sofa Cover,http://www.flipkart.com/balaji-velvet-sofa-cover/p/itmeexzy8fjwyz7p?pid=SLIEEXZYYFHXTCZA,2016-03-06 08:40:28+00:00,Home Furnishing,Balaji,5199.0,3599.0,5.0,True,True,30.775149067128293,700,523.0,1332.0,0.0,2545.5,2.8022249690976513,High
e33e7803ce456215efc88e4d099ddf32,BLAE9CSTCCH7GHCY,Raymond Abstract Single Blanket Orange,http://www.flipkart.com/raymond-abstract-single-blanket-orange/p/itme9cstzehuzcd9?pid=BLAE9CSTCCH7GHCY,2015-12-12 11:46:53+00:00,Home Furnishing,Raymond,3999.0,3599.0,,True,True,10.002500625156289,700,523.0,1332.0,0.0,2545.5,2.8022249690976513,High
5543a6564f64b38216149acb90d89f1e,SBSDUTY7HTCTHD5V,Bosch 2 607 001 514 Extra Hard Screwdriver Bit Set,http://www.flipkart.com/bosch-2-607-001-514-extra-hard-screwdriver-bit-set/p/itmdv9u92duecvyt?pid=SBSDUTY7HTCTHD5V,2015-12-29 05:07:38+00:00,Tools & Hardware,Bosch,2736.0,2736.0,5.0,True,True,0.0,387,375.0,999.0,0.0,1935.0,2.7836538461538463,High
d1fa7875294689eac8af35c51289a5d6,STIEBU6572J5BPHG,Wallmantra Extra Large Vinyl Stickers Sticker,http://www.flipkart.com/wallmantra-extra-large-vinyl-stickers-sticker/p/itmebu65zqvsrthc?pid=STIEBU6572J5BPHG,2015-12-01 10:15:43+00:00,Baby Care,Wallmantra,6211.0,2389.0,,True,True,61.53598454355176,481,499.0,999.0,0.0,1749.0,2.78,High
65e8b8203be48fd6fbd9eb07a419751c,RNGEAY8GGPJTHDVB,G-Luck Silver Turquoise NA K Ring,http://www.flipkart.com/g-luck-silver-turquoise-na-k-ring/p/itmeay8gjagnhm6g?pid=RNGEAY8GGPJTHDVB,2016-01-06 18:20:45+00:00,Jewellery,G-Luck,3680.0,3200.0,,True,True,13.043478260869565,3522,310.0,1076.75,0.0,2226.875,2.7691555265731984,High
9f9227a439335b33abe394349886dfdb,DREEGGYS8EW6FW7P,Cutecumber Girl's A-line Dress,http://www.flipkart.com/cutecumber-girl-s-a-line-dress/p/itmeggysh4y43kgd?pid=DREEGGYS8EW6FW7P,2016-03-11 11:26:55+00:00,Clothing,Cutecumber,1975.0,1975.0,,True,True,0.0,6171,374.0,799.0,0.0,1436.5,2.767058823529412,High
4e03d4e81e6a876f512536f6a57c053e,BIBEJCBYSWXBFFJ9,Piyo Piyo Four Stage Waterproof Bib,http://www.flipkart.com/piyo-four-stage-waterproof-bib/p/itmejcbyv83f35kh?pid=BIBEJCBYSWXBFFJ9,2016-06-20 15:20:40+00:00,Baby Care,Piyo Piyo,3326.0,2376.0,,True,True,28.5628382441371,481,499.0,999.0,0.0,1749.0,2.754,High
33a16769b82d2681365e84b83ffcaed8,RTRD3849TERR75YB,"Asus RT-N16 Multi-Functional Gigabit Wireless N with storage, Printer and media server Router",http://www.flipkart.com/asus-rt-n16-multi-functional-gigabit-wireless-n-storage-printer-media-server-router/p/itmd3849gchg9wp2?pid=RTRD3849TERR75YB,2015-12-01 06:13:00+00:00,Computers,Asus,9500.0,6500.0,4.0,True,True,31.57894736842105,573,350.0,1995.0,0.0,4462.5,2.7386018237082066,High
53f4bc7d7321f5c41de6b86e41f13e80,SHIEEJG9RRDUH9XG,Recrafto Buddha Showpiece  -  15.24 cm,http://www.flipkart.com/recrafto-buddha-showpiece-15-24-cm/p/itmeejg9rzskzez9?pid=SHIEEJG9RRDUH9XG,2016-01-03 09:39:44+00:00,Home Decor & Festive Needs,Recrafto,4731.0,3500.0,,True,True,26.019868949482138,927,426.5,1250.0,0.0,2485.25,2.73224043715847,High
3e67495f2c058e5406a7a0d4e838733d,WLMEGJD7YEPDKG3B,Gojeeva Sconce Wall Lamp,http://www.flipkart.com/gojeeva-sconce-wall-lamp/p/itmegjd7s43msakw?pid=WLMEGJD7YEPDKG3B,2016-03-07 18:16:52+00:00,Home Decor & Festive Needs,Gojeeva,5999.0,3499.0,,True,True,41.67361226871145,927,426.5,1250.0,0.0,2485.25,2.7310261080752882,High
b0c8a82572cd748597fdd1a097637d00,SHIEHXG9GUHBEYHN,ELITE STATUES Showpiece  -  20 cm,http://www.flipkart.com/elite-statues-showpiece-20-cm/p/itmehxg9hr9axaaf?pid=SHIEHXG9GUHBEYHN,2016-04-24 11:14:19+00:00,Home Decor & Festive Needs,ELITE STATUES,6999.0,3499.0,,True,True,50.00714387769681,927,426.5,1250.0,0.0,2485.25,2.7310261080752882,High
5dc2abf69552dca14a4ef5552f248049,BKPE8M5FMCGSTYJZ,Puma 73193 31 L Medium Backpack,http://www.flipkart.com/puma-73193-31-l-medium-backpack/p/itme8m5furgzzpsq?pid=BKPE8M5FMCGSTYJZ,2016-01-07 07:30:00+00:00,"Bags, Wallets & Belts",Unknown,2999.0,2999.0,,True,True,0.0,264,399.0,1099.0,0.0,2149.0,2.7142857142857144,High
226337ab1b8322a30ed757738d4b67f9,TROEBYV4UBCPWBXX,Allen Solly Regular Fit Men's Trousers,http://www.flipkart.com/allen-solly-regular-fit-men-s-trousers/p/itmebyv4p2gjxy4g?pid=TROEBYV4UBCPWBXX,2016-01-02 07:26:51+00:00,Clothing,Unknown,1949.0,1949.0,,True,True,0.0,6171,374.0,799.0,0.0,1436.5,2.7058823529411766,High
e5a5956dc69034776fa093f891ff9a44,TKTEBGCK4ZVWZEZS,Adidas Solid Men's Track Top,http://www.flipkart.com/adidas-solid-men-s-track-top/p/itmebgckanmfdahv?pid=TKTEBGCK4ZVWZEZS,2016-05-20 15:45:50+00:00,Clothing,Adidas,2999.0,1949.0,1.0,True,True,35.01167055685229,6171,374.0,799.0,0.0,1436.5,2.7058823529411766,High
e821f5782506fdacfb7e81feb48cdecf,TROE7FCHEXK2EH3Z,United Colors of Benetton Slim Fit Women's Trousers,http://www.flipkart.com/united-colors-benetton-slim-fit-women-s-trousers/p/itme7fchxjxt9ydt?pid=TROE7FCHEXK2EH3Z,2016-03-18 08:01:41+00:00,Clothing,United Colors of Benetton,2999.0,1949.0,,True,True,35.01167055685229,6171,374.0,799.0,0.0,1436.5,2.7058823529411766,High
3a11ab73b0ad4ea0154a50d3760d6c1b,SPBE2GVZYK3CUMPH,Senterlan 2333,http://www.flipkart.com/senterlan-2333/p/itme2gvzx5hsgdf3?pid=SPBE2GVZYK3CUMPH,2016-02-28 10:36:58+00:00,Sports & Fitness,Senterlan,3999.0,3999.0,,True,True,0.0,166,417.5,1386.75,0.0,2840.625,2.6951250967242713,High
b2c115a260e70145bd2d59975ce65533,BATEGR3ZHKPGMHXD,Puma evoSPEED HPI Willow Cricket  Bat,http://www.flipkart.com/puma-evospeed-hpi-willow-cricket-bat/p/itmegr3zzzw4gnfr?pid=BATEGR3ZHKPGMHXD,2016-03-25 15:39:25+00:00,Sports & Fitness,Puma,3999.0,3999.0,,True,True,0.0,166,417.5,1386.75,0.0,2840.625,2.6951250967242713,High
a3d8a56565a975d5aeec277976269a42,DREECJV2GVFHGQB7,Akshadha Girl's A-line Dress,http://www.flipkart.com/akshadha-girl-s-a-line-dress/p/itmecjv2r8ugwhh3?pid=DREECJV2GVFHGQB7,2016-01-07 00:54:41+00:00,Clothing,Unknown,1940.0,1940.0,,True,True,0.0,6171,374.0,799.0,0.0,1436.5,2.684705882352941,High
9743e6d1c9f3180483825fe4d2e97836,RTRDQSSHGP7UGRFC,Apple AirPort Express Base Station Wireless Router,http://www.flipkart.com/apple-airport-express-base-station-wireless-router/p/itmdqsshs3cwmums?pid=RTRDQSSHGP7UGRFC,2015-12-01 06:13:00+00:00,Computers,Apple,6800.0,6399.0,4.9,True,True,5.897058823529412,573,350.0,1995.0,0.0,4462.5,2.6772036474164134,High
cb096f17218f0e4ccd7424963e2cd0f8,ESDEE3KKYXVXUZVG,Milani Runway shadow Wet/Dry Black Out 3 g,http://www.flipkart.com/milani-runway-shadow-wet-dry-black-out-3-g/p/itmee3kkkzszup4h?pid=ESDEE3KKYXVXUZVG,2016-03-03 11:29:08+00:00,Beauty and Personal Care,Milani,958.0,958.0,,True,True,0.0,709,299.0,479.0,29.0,749.0,2.661111111111111,High
cc4712b37a0b4c8fc806dcbd1e0f4732,KRKE4HB7PUX7SZJE,Sterling Stainless Steel Kitchen Rack,http://www.flipkart.com/sterling-stainless-steel-kitchen-rack/p/itme4hb7cesaswzr?pid=KRKE4HB7PUX7SZJE,2016-01-07 04:32:43+00:00,Kitchen & Dining,Steel,3246.0,1599.0,,True,True,50.73937153419593,645,199.0,582.0,0.0,1156.5,2.6553524804177546,High
1d655f2e17b7f891c873ce700b2b2261,CRTE92XDANPCQTHQ,4D Mats Fresh Interior Car Mat Skoda Laura,http://www.flipkart.com/4d-mats-fresh-interior-car-mat-skoda-laura/p/itme92xdt5xxac27?pid=CRTE92XDANPCQTHQ,2015-12-01 12:40:44+00:00,Automotive,4D Mats,5500.0,4500.0,,True,True,18.181818181818183,1010,499.0,1599.0,0.0,3249.0,2.637272727272727,High
4aa6ddb351b7baa50d9ca4086287f597,CRTE92XDU6A7GAGA,4D Mats Fresh Interior Car Mat Mercedes Benz C-Class,http://www.flipkart.com/4d-mats-fresh-interior-car-mat-mercedes-benz-c-class/p/itme92xdguebz5gg?pid=CRTE92XDU6A7GAGA,2015-12-01 12:40:44+00:00,Automotive,4D Mats,6500.0,4500.0,,True,True,30.76923076923077,1010,499.0,1599.0,0.0,3249.0,2.637272727272727,High
d5be97e54159b52cacf95b651db26e45,AVCEFURSJBG924HG,"Ravetech 7"" Mp5 Mirror monitor, car rear view camera Combo",http://www.flipkart.com/ravetech-7-mp5-mirror-monitor-car-rear-view-camera-combo/p/itmefursaefpajhe?pid=AVCEFURSJBG924HG,2016-06-10 22:31:19+00:00,Automotive,Ravetech,8470.0,4495.0,,True,True,46.93034238488784,1010,499.0,1599.0,0.0,3249.0,2.632727272727273,High
de06a1fc86d7cd7f05b98bdc4d602907,SWTEDMVMMFVPR5GR,Wrangler Solid Turtle Neck Casual Men's Sweater,http://www.flipkart.com/wrangler-solid-turtle-neck-casual-men-s-sweater/p/itmedmvmbjx9jg3m?pid=SWTEDMVMMFVPR5GR,2016-01-07 00:54:41+00:00,Clothing,Unknown,2395.0,1916.0,,True,True,20.0,6171,374.0,799.0,0.0,1436.5,2.6282352941176472,High
54a98e0bb717a0d71da2931e6c7ccd79,RTRDFFYGJ4GNRSHQ,Netgear WNDR3700 N600 Dual Band Wireless Gigabit Router,http://www.flipkart.com/netgear-wndr3700-n600-dual-band-wireless-gigabit-router/p/itmdwevazvtduqej?pid=RTRDFFYGJ4GNRSHQ,2015-12-01 06:13:00+00:00,Computers,Netgear,9000.0,6300.0,4.0,True,True,30.0,573,350.0,1995.0,0.0,4462.5,2.617021276595745,High
031906a2ae750996deee2fd3bd070f16,LPBEGETNASPKN7XH,Lip Rageous Blue Raspberry LipBalm 4.25g Blue Raspberry,http://www.flipkart.com/lip-rageous-blue-raspberry-lipbalm-4-25g/p/itmegetnphdgfvuk?pid=LPBEGETNASPKN7XH,2016-03-03 06:06:42+00:00,Beauty and Personal Care,Lip Rageous,1140.0,950.0,,True,True,16.666666666666668,709,299.0,479.0,29.0,749.0,2.6166666666666667,High
147bb5623576866ec72a41b2cbbd9010,ATAEF7HJZ34DPNQE,Loreal Revitalift essence,http://www.flipkart.com/loreal-revitalift-essence/p/itmef7hjfcuzanzj?pid=ATAEF7HJZ34DPNQE,2016-03-03 23:09:59+00:00,Beauty and Personal Care,Loreal,950.0,950.0,,True,True,0.0,709,299.0,479.0,29.0,749.0,2.6166666666666667,High
85fe188e1ee8237b70df0d475907bf24,PTPE62XBRHPBQDZS,Kalash Kadhai 11.5 L,http://www.flipkart.com/kalash-kadhai-11-5-l/p/itme62xbycdzrzpz?pid=PTPE62XBRHPBQDZS,2015-12-01 12:40:44+00:00,Kitchen & Dining,Kalash,4000.0,1584.0,,True,True,60.4,645,199.0,582.0,0.0,1156.5,2.6161879895561357,High
c991b1bc360df682e5e0ae7ba3a22816,SHIECJ45TFDT4EPB,MCB Exports Marigold Decorative Pot Showpiece  -  30 cm,http://www.flipkart.com/mcb-exports-marigold-decorative-pot-showpiece-30-cm/p/itmecj45rudgzmzh?pid=SHIECJ45TFDT4EPB,2015-12-01 12:40:44+00:00,Home Decor & Festive Needs,MCB Exports,3999.0,3399.0,,True,True,15.003750937734434,927,426.5,1250.0,0.0,2485.25,2.609593199757134,High
3e0f148f3947372131185fe04a90b426,PCSEANGCJGZDCE4T,Sutra Decor Handmade Metallic Petals Planters Plant Container Set,http://www.flipkart.com/sutra-decor-handmade-metallic-petals-planters-plant-container-set/p/itmeangcnjwbceqh?pid=PCSEANGCJGZDCE4T,2016-01-07 05:50:25+00:00,Tools & Hardware,Sutra Decor,5274.0,2625.0,,True,True,50.22753128555176,387,375.0,999.0,0.0,1935.0,2.605769230769231,High
4f740e4003ec29f0f577ebc79c8345d5,WATE6SDQDBQRCZMG,Perucci PC-501B & PC-226 Decker Analog Watch  - For Men,http://www.flipkart.com/perucci-pc-501b-pc-226-decker-analog-watch-men/p/itme6sdqaunydxng?pid=WATE6SDQDBQRCZMG,2015-12-12 11:46:53+00:00,Watches,Unknown,2500.0,1990.0,,True,True,20.4,528,550.0,950.0,0.0,1550.0,2.6,High
162c74e769ea06a7de5132551a7133f4,JEAEHWBYQCUYQABJ,TARAMA Skinny Fit Fit Women's Jeans,http://www.flipkart.com/tarama-skinny-fit-women-s-jeans/p/itmehwbydxphzp7j?pid=JEAEHWBYQCUYQABJ,2016-04-21 16:46:08+00:00,Clothing,TARAMA,1899.0,1899.0,,True,True,0.0,6171,374.0,799.0,0.0,1436.5,2.588235294117647,High
1c49ad60586cebf577834b6b93fa84f7,JCKEGCUYZS97FXDN,"Lolaski Sleeveless Striped Girl's, Women's Jacket",http://www.flipkart.com/lolaski-sleeveless-striped-girl-s-women-s-jacket/p/itmegcuyz52hxyyk?pid=JCKEGCUYZS97FXDN,2016-04-02 19:26:28+00:00,Clothing,Lolaski,3800.0,1899.0,,True,True,50.026315789473685,6171,374.0,799.0,0.0,1436.5,2.588235294117647,High
36db415e15195e0585a0f2c22da83782,SHTEDAZ5BNB7FASE,JadeBlue Men's Self Design Formal Linen Shirt,http://www.flipkart.com/jadeblue-men-s-self-design-formal-linen-shirt/p/itmedaz5zp55zgvk?pid=SHTEDAZ5BNB7FASE,2015-12-06 03:01:47+00:00,Clothing,Regular,1899.0,1899.0,,True,True,0.0,6171,374.0,799.0,0.0,1436.5,2.588235294117647,High
3a79ef6f262921adfcd1c0dc0ff03b3a,TROEG3VYGVSB9F5H,Clench Slim Fit Boy's Black Trousers,http://www.flipkart.com/clench-slim-fit-boy-s-black-trousers/p/itmeg3vyz2zh2d6a?pid=TROEG3VYGVSB9F5H,2016-05-12 14:18:51+00:00,Clothing,Clench,2599.0,1899.0,,True,True,26.933435936898807,6171,374.0,799.0,0.0,1436.5,2.588235294117647,High
4f9eb0a780629dd3dc8ab63220c9bf5d,SARE3WVSJNZPM3NG,Pavechas Printed Kanjivaram Art Silk Sari,http://www.flipkart.com/pavechas-printed-kanjivaram-art-silk-sari/p/itme3wvsyas5vvgy?pid=SARE3WVSJNZPM3NG,2015-12-12 11:46:53+00:00,Clothing,Unknown,4199.0,1899.0,,True,True,54.77494641581329,6171,374.0,799.0,0.0,1436.5,2.588235294117647,High
56dbdf08e1e04a51f41b6ba7180620a1,CRGE956ZTWA2Q4JW,Blimey Convertible Men's Cargos,http://www.flipkart.com/blimey-convertible-men-s-cargos/p/itme956zmzgf2nfd?pid=CRGE956ZTWA2Q4JW,2016-01-04 00:20:04+00:00,Clothing,Unknown,4499.0,1899.0,,True,True,57.7906201378084,6171,374.0,799.0,0.0,1436.5,2.588235294117647,High
68d6d3c2293f3155100dfef614177324,TKSEE4FNWRDYZYGK,"adidas Boy's, Girl's Track Suit",http://www.flipkart.com/adidas-boy-s-girl-s-track-suit/p/itmee4fnwd7ksndv?pid=TKSEE4FNWRDYZYGK,2016-02-28 10:36:58+00:00,Clothing,adidas,3999.0,1899.0,,True,True,52.51312828207052,6171,374.0,799.0,0.0,1436.5,2.588235294117647,High
aa298c2d5ff90d0fe4b0cc6f33fa6aa7,SHTECB929QZSW22R,Specimen Men's Solid Casual Shirt,http://www.flipkart.com/specimen-men-s-solid-casual-shirt/p/itmecb92tquxdczx?pid=SHTECB929QZSW22R,2015-12-29 05:07:38+00:00,Clothing,Slim,1899.0,1899.0,,True,True,0.0,6171,374.0,799.0,0.0,1436.5,2.588235294117647,High
cf93ef452af633f53641b97b42eb0362,SHTEB3NDSXVBM4FT,J Hampstead Men's Solid Formal Shirt,http://www.flipkart.com/j-hampstead-men-s-solid-formal-shirt/p/itmeb3newtgfcbxp?pid=SHTEB3NDSXVBM4FT,2015-12-06 03:01:47+00:00,Clothing,Regular,1899.0,1899.0,,True,True,0.0,6171,374.0,799.0,0.0,1436.5,2.588235294117647,High
d447a50211d5e0246ccbb3212cc2b8de,JEAEDJXQXQZ8TMTU,NE Regular Fit Men's Jeans,http://www.flipkart.com/ne-regular-fit-men-s-jeans/p/itmedjxqhxpujqek?pid=JEAEDJXQXQZ8TMTU,2015-12-04 07:25:36+00:00,Clothing,Regular,4999.0,1899.0,,True,True,62.0124024804961,6171,374.0,799.0,0.0,1436.5,2.588235294117647,High
fce2bd96b35d531a4784bc57e19aca4f,RTRDFFYGM2TEWVCC,Belkin Share Modem (N) Router,http://www.flipkart.com/belkin-share-modem-n-router/p/itmdffysaqegsqyg?pid=RTRDFFYGM2TEWVCC,2015-12-01 06:13:00+00:00,Computers,Belkin,6249.0,6249.0,3.7,True,True,0.0,573,350.0,1995.0,0.0,4462.5,2.586018237082067,High
d33f4d9c5f89a379bbba02d6ef86a607,TSHEDHVRAZGUCGNJ,Northern Lights Striped Men's Round Neck T-Shirt,http://www.flipkart.com/northern-lights-striped-men-s-round-neck-t-shirt/p/itmedhvrs6a37fw2?pid=TSHEDHVRAZGUCGNJ,2015-12-13 00:29:55+00:00,Clothing,Unknown,1898.0,1898.0,,True,True,0.0,6171,374.0,799.0,0.0,1436.5,2.5858823529411765,High
35250abc7d9653ddc0e869c09c21887e,LIDE4YMTRHMXGXKZ,Lekue 12.59 inch Lid,http://www.flipkart.com/lekue-12-59-inch-lid/p/itme4ymtvzqqxqy3?pid=LIDE4YMTRHMXGXKZ,2015-12-01 06:13:00+00:00,Kitchen & Dining,Lekue,1572.0,1572.0,,True,True,0.0,645,199.0,582.0,0.0,1156.5,2.5848563968668405,High
d463c2c780efcb910e084671f9ee073c,SRTEGKWYRMVXC7GE,RIPR Self Design Women's Multicolor Basic Shorts,http://www.flipkart.com/ripr-self-design-women-s-multicolor-basic-shorts/p/itmegkwyx9nheq9r?pid=SRTEGKWYRMVXC7GE,2016-06-01 08:33:09+00:00,Clothing,RIPR,4742.0,1897.0,,True,True,59.995782370307886,6171,374.0,799.0,0.0,1436.5,2.583529411764706,High
bfbd6410662f19e47c30432ee7ea66b1,BLAE9CST6HZXH4G3,Raymond Abstract Single Blanket Grey,http://www.flipkart.com/raymond-abstract-single-blanket-grey/p/itme9csthqghpzze?pid=BLAE9CST6HZXH4G3,2015-12-12 11:46:53+00:00,Home Furnishing,Raymond,3799.0,3419.0,,True,True,10.002632271650434,700,523.0,1332.0,0.0,2545.5,2.5797280593325094,High
63b53826d624d658799c0e0fef6b194b,DREEGHCDB3HJ3KD8,Cutecumber Girl's High Low Dress,http://www.flipkart.com/cutecumber-girl-s-high-low-dress/p/itmeghcb5jetq9qk?pid=DREEGHCDB3HJ3KD8,2016-03-11 11:26:55+00:00,Clothing,Cutecumber,1895.0,1895.0,,True,True,0.0,6171,374.0,799.0,0.0,1436.5,2.5788235294117645,High
b8d1259fc1af1c580b26f5ca263b1ee4,SHTEBQXKHGDXDRE5,Blackberrys Men's Solid Formal Shirt,http://www.flipkart.com/blackberrys-men-s-solid-formal-shirt/p/itmebqxgfgeazsxv?pid=SHTEBQXKHGDXDRE5,2016-01-07 04:32:43+00:00,Clothing,Slim,1895.0,1895.0,,True,True,0.0,6171,374.0,799.0,0.0,1436.5,2.5788235294117645,High
57e77244da400ae3e7659c091a97e3de,WABEJFWDGJDEGED4,MUDIT Resin With Waste Coupling M015 Table Top Basin,http://www.flipkart.com/mudit-resin-waste-coupling-m015-table-top-basin/p/itmejfwdkqdnekwu?pid=WABEJFWDGJDEGED4,2016-06-24 05:34:41+00:00,Home Improvement,MUDIT,11050.0,2490.0,,True,True,77.46606334841628,79,150.0,804.5,0.0,1786.25,2.575248281130634,High
6dc20a500a7c3996edcb81b5ef2b666d,DREEBFX7ADUDMZWS,Afamado Women's Shift Dress,http://www.flipkart.com/afamado-women-s-shift-dress/p/itmebfx7kwwrhvya?pid=DREEBFX7ADUDMZWS,2016-01-07 00:54:41+00:00,Clothing,Unknown,2520.0,1890.0,,True,True,25.0,6171,374.0,799.0,0.0,1436.5,2.5670588235294116,High
9bd046f58f7b45f2e0841d0f9e38e42b,TOPEGBHBFYUHUWZE,INDRICKA Casual Full Sleeve Solid Women's Top,http://www.flipkart.com/indricka-casual-full-sleeve-solid-women-s-top/p/itmegbhb5t7xmjqe?pid=TOPEGBHBFYUHUWZE,2016-03-03 23:09:59+00:00,Clothing,INDRICKA,1889.0,1889.0,,True,True,0.0,6171,374.0,799.0,0.0,1436.5,2.5647058823529414,High
189f1e4190377b90586adc7bf0006db3,MTYEHZRZDDQZFH8Q,RREnterprizes JR-Drum Beat Set II,http://www.flipkart.com/rrenterprizes-jr-drum-beat-set-ii/p/itmehzrzsyhbeyey?pid=MTYEHZRZDDQZFH8Q,2016-04-24 08:44:14+00:00,Toys & School Supplies,RREnterprizes,2500.0,1499.0,,True,True,40.04,329,179.0,550.0,0.0,1106.5,2.557951482479784,High
99e8ee7d86cab86a8d59dc324303edd0,BKPEHTGBH5GGWENP,addee Leather black 16 L Backpack,http://www.flipkart.com/addee-leather-black-16-l-backpack/p/itmehtgbfqcdvpeh?pid=BKPEHTGBH5GGWENP,2016-04-19 05:00:32+00:00,Toys & School Supplies,addee,2999.0,1499.0,,True,True,50.01667222407469,329,179.0,550.0,0.0,1106.5,2.557951482479784,High
a73aef3ec8ebadf5d60303e2a228f6cc,BKPEAYZJHKRQRCJZ,Nike Fc Barcelona Shield Compact 24 L Large Backpack,http://www.flipkart.com/nike-fc-barcelona-shield-compact-24-l-large-backpack/p/itmeayzjj5chpkmz?pid=BKPEAYZJHKRQRCJZ,2016-01-03 02:35:32+00:00,"Bags, Wallets & Belts",Unknown,2889.0,2889.0,,True,True,0.0,264,399.0,1099.0,0.0,2149.0,2.557142857142857,High
5784fa3141e10eeaefa95ea2a90e9666,PTPE8DY7YTE77PEB,Nanson Kadhai 1.25 L,http://www.flipkart.com/nanson-kadhai-1-25-l/p/itme8dy7xphdaexx?pid=PTPE8DY7YTE77PEB,2015-12-01 12:40:44+00:00,Kitchen & Dining,Nanson,2240.0,1560.0,,True,True,30.357142857142858,645,199.0,582.0,0.0,1156.5,2.553524804177546,High
215decf6f993d7b45d75520d9174493f,RTRE8GJTHFTTDZWA,Netgear D3600 N600 Dual Band Gigabit Wi-Fi Modem Router,http://www.flipkart.com/netgear-d3600-n600-dual-band-gigabit-wi-fi-modem-router/p/itme8gjt2phbhgts?pid=RTRE8GJTHFTTDZWA,2015-12-01 06:13:00+00:00,Computers,Netgear,9600.0,6190.0,5.0,True,True,35.520833333333336,573,350.0,1995.0,0.0,4462.5,2.5501519756838906,High
119f6661ea91b6a54b7288ddfea26bcd,RNGDTBQUHTUE3HSK,Kiara Jewellery Sterling Silver Cubic Zirconia Rhodium Ring,http://www.flipkart.com/kiara-jewellery-sterling-silver-cubic-zirconia-rhodium-ring/p/itmdtbrfyj9b52xx?pid=RNGDTBQUHTUE3HSK,2016-01-06 18:20:45+00:00,Jewellery,Kiara Jewellery,4525.0,3025.0,,True,True,33.149171270718234,3522,310.0,1076.75,0.0,2226.875,2.5409194652755134,High
abb8f1593b7de6911d53e1c1488e05d4,CBKEBFJX7YMGHAWS,Oxyglow Golden Glow Radiance Pearl Facial Kit & Fruit Massage Cream With Vitamin-E 200gm,http://www.flipkart.com/oxyglow-golden-glow-radiance-pearl-facial-kit-fruit-massage-cream-vitamin-e-200gm/p/itmebfjxcz3uwrhz?pid=CBKEBFJX7YMGHAWS,2015-12-12 11:46:53+00:00,Beauty and Personal Care,Unknown,1560.0,936.0,,True,True,40.0,709,299.0,479.0,29.0,749.0,2.5388888888888888,High
314895aa501b49f2026cb0bf4cfd1623,STIE9F5UFZDFWZYR,Wallmantra Extra Large Vinyl Stickers Sticker,http://www.flipkart.com/wallmantra-extra-large-vinyl-stickers-sticker/p/itme9f5uqwy2uwgx?pid=STIE9F5UFZDFWZYR,2015-12-01 10:15:43+00:00,Baby Care,Wallmantra,3116.0,2266.0,,True,True,27.278562259306803,481,499.0,999.0,0.0,1749.0,2.534,High
17363eae202dda44ac5cc505e5e754f8,SWSEH99UGGCZCUCG,Romano Full Sleeve Striped Men's Sweatshirt,http://www.flipkart.com/romano-full-sleeve-striped-men-s-sweatshirt/p/itmeh99uvuv97d8s?pid=SWSEH99UGGCZCUCG,2016-04-19 09:52:52+00:00,Clothing,Romano,1875.0,1875.0,,True,True,0.0,6171,374.0,799.0,0.0,1436.5,2.531764705882353,High
946f0042bfb0da4a3f1cf6ead44255ee,SWSEH99SSMHCNFQ9,Romano Full Sleeve Striped Men's Sweatshirt,http://www.flipkart.com/romano-full-sleeve-striped-men-s-sweatshirt/p/itmeh99sstpufpyg?pid=SWSEH99SSMHCNFQ9,2016-04-19 09:52:52+00:00,Clothing,Romano,1875.0,1875.0,,True,True,0.0,6171,374.0,799.0,0.0,1436.5,2.531764705882353,High
b702cdd87b12d26bb8c393b82c7f39c7,PLWE6S4AHUZS2Z7A,JDX Plain Bed/Sleeping Pillow,http://www.flipkart.com/jdx-plain-bed-sleeping-pillow/p/itme6s4anghztqbk?pid=PLWE6S4AHUZS2Z7A,2016-01-06 18:20:45+00:00,Home Furnishing,JDX,7999.0,3370.0,,True,True,57.86973371671459,700,523.0,1332.0,0.0,2545.5,2.519159456118665,High
d12d8e67f9bb082bbef65372a196821b,PLWE6S4BAQKZPXMU,JDX Plain Bed/Sleeping Pillow,http://www.flipkart.com/jdx-plain-bed-sleeping-pillow/p/itme6s4bavhc9zju?pid=PLWE6S4BAQKZPXMU,2016-01-06 18:20:45+00:00,Home Furnishing,JDX,7999.0,3370.0,,True,True,57.86973371671459,700,523.0,1332.0,0.0,2545.5,2.519159456118665,High
020d2daba55a723128e4e07c0b0393a9,CBKEAHJXW4AFN4G7,Oxyglow Fruit Massage Cream With Vitamin-E & Gold Facial Kit,http://www.flipkart.com/oxyglow-fruit-massage-cream-vitamin-e-gold-facial-kit/p/itmeahjxbfmehvtt?pid=CBKEAHJXW4AFN4G7,2015-12-12 11:46:53+00:00,Beauty and Personal Care,Unknown,1255.0,929.0,,True,True,25.97609561752988,709,299.0,479.0,29.0,749.0,2.5,High
f39392151c6e136c46e19c04d6634942,WATDZ9CEM6F4KHTZ,Q&Q DA37J504Y Analog Watch  - For Women,http://www.flipkart.com/q-q-da37j504y-analog-watch-women/p/itmdz9ceymqnnmdv?pid=WATDZ9CEM6F4KHTZ,2015-12-12 11:46:53+00:00,Watches,Unknown,2165.0,1948.0,,True,True,10.02309468822171,528,550.0,950.0,0.0,1550.0,2.495,High
5fe34244b56ca559db3a3f2d663f2353,SHIECCMNHQD5SZPZ,Swethamber Arts brass musical lady set of 4 statue Showpiece  -  7 cm,http://www.flipkart.com/swethamber-arts-brass-musical-lady-set-4-statue-showpiece-7-cm/p/itmeccmnhjtbcpus?pid=SHIECCMNHQD5SZPZ,2015-12-01 12:40:44+00:00,Home Decor & Festive Needs,Swethamber Arts,3500.0,3300.0,5.0,True,True,5.714285714285714,927,426.5,1250.0,0.0,2485.25,2.4893746205221614,High
12784aaeb317bd77182d0626d28d54b8,SHIEHXZRJVH2QZHU,Services Junction Silver Plated Ganesh Idol with Blue Pitamber For Office & Car Showpiece  -  10 cm,http://www.flipkart.com/services-junction-silver-plated-ganesh-idol-blue-pitamber-office-car-showpiece-10-cm/p/itmehxzrrtz6zaph?pid=SHIEHXZRJVH2QZHU,2016-04-24 18:34:50+00:00,Home Decor & Festive Needs,Services Junction,3499.0,3299.0,,True,True,5.715918833952558,927,426.5,1250.0,0.0,2485.25,2.4881602914389798,High
6ea790dd1dfd04c77ea2ffc1e8acde3e,SHIEBY82RSB2G96V,MCB Exports Mini 6 Drawer Chest Showpiece  -  28 cm,http://www.flipkart.com/mcb-exports-mini-6-drawer-chest-showpiece-28-cm/p/itmeby82xgycstf5?pid=SHIEBY82RSB2G96V,2015-12-01 12:40:44+00:00,Home Decor & Festive Needs,MCB Exports,3699.0,3299.0,,True,True,10.813733441470667,927,426.5,1250.0,0.0,2485.25,2.4881602914389798,High
b5d944972c751ab3f9b95f106fd52f50,STIEC8893KZ4FYWX,Wallmantra Large Vinyl Sticker Sticker,http://www.flipkart.com/wallmantra-large-vinyl-sticker/p/itmec8896ntzgj9z?pid=STIEC8893KZ4FYWX,2015-12-01 10:15:43+00:00,Baby Care,Wallmantra,5797.0,2230.0,,True,True,61.53182680696912,481,499.0,999.0,0.0,1749.0,2.462,High
b90031c6daba26d176aeda12eb3960d3,STIEBU65HUNJ9GZB,Wallmantra Extra Large Vinyl Stickers Sticker,http://www.flipkart.com/wallmantra-extra-large-vinyl-stickers-sticker/p/itmebu654bcgwyx3?pid=STIEBU65HUNJ9GZB,2015-12-01 10:15:43+00:00,Baby Care,Wallmantra,5795.0,2229.0,,True,True,61.5358067299396,481,499.0,999.0,0.0,1749.0,2.46,High
ce30d26c05a8eca0aacf1add677515eb,BLAEB3XAHTXNWVSC,Raymond Abstract Double Blanket Brown,http://www.flipkart.com/raymond-abstract-double-blanket-brown/p/itmeawab68mjs8sh?pid=BLAEB3XAHTXNWVSC,2015-12-12 11:46:53+00:00,Home Furnishing,Raymond,3299.0,3299.0,,True,True,0.0,700,523.0,1332.0,0.0,2545.5,2.431396786155748,High
91f9cd621549478f15efe0951d0a4116,HMBEJ9H43PGQWANN,Brandvilla Shoulder Bag,http://www.flipkart.com/brandvilla-shoulder-bag/p/itmej9h4gvzreke3?pid=HMBEJ9H43PGQWANN,2016-06-03 11:49:18+00:00,"Bags, Wallets & Belts",Brandvilla,4875.0,2799.0,,True,True,42.58461538461538,264,399.0,1099.0,0.0,2149.0,2.4285714285714284,High
697792844f1cbf649f3a32698abaa61e,JCKEGEXDFJQJFANC,HRX by Hrithik Roshan Full Sleeve Printed Men's Jacket,http://www.flipkart.com/hrx-hrithik-roshan-full-sleeve-printed-men-s-jacket/p/itmegexdzwbyamwf?pid=JCKEGEXDFJQJFANC,2016-05-20 11:52:50+00:00,Clothing,HRX by Hrithik Roshan,2599.0,1819.0,,True,True,30.011542901115813,6171,374.0,799.0,0.0,1436.5,2.4,High
9d3ca83f7017d6e9e129964e88503ff0,RUGEHCDG6DKDUCDZ,Kushies baby Baby Girl's Shrug,http://www.flipkart.com/kushies-baby-girl-s-shrug/p/itmehcdgg5zu834p?pid=RUGEHCDG6DKDUCDZ,2016-06-23 23:50:58+00:00,Baby Care,Kushies baby,2199.0,2199.0,,True,True,0.0,481,499.0,999.0,0.0,1749.0,2.4,High
f0d92ae7b7e2eb9752c7bf9142ba6a9a,PTPEFS7GZAKGFUSZ,Jaypee Kukeezi Hard Anodised With S S Lid Kadhai NA L,http://www.flipkart.com/jaypee-kukeezi-hard-anodised-s-lid-kadhai-na-l/p/itmefs7gpr5ff7tz?pid=PTPEFS7GZAKGFUSZ,2015-12-01 12:40:44+00:00,Kitchen & Dining,Jaypee Kukeezi,1500.0,1500.0,,True,True,0.0,645,199.0,582.0,0.0,1156.5,2.3968668407310707,High
54bed6005399899b741e33ad9d182049,EROEJ5RFMXEGRJGK,TOMAFO Car,http://www.flipkart.com/tomafo-car/p/itmej5rffegydxy2?pid=EROEJ5RFMXEGRJGK,2016-06-09 00:13:42+00:00,Toys & School Supplies,TOMAFO,1599.0,1439.0,,True,True,10.006253908692933,329,179.0,550.0,0.0,1106.5,2.3962264150943398,High
1ed3a04918640144f3c7b91edc15b493,JEAEBMSEEGG26RPV,Wrangler Skanders Fit Men's Jeans,http://www.flipkart.com/wrangler-skanders-fit-men-s-jeans/p/itmebmsca5uhgkhg?pid=JEAEBMSEEGG26RPV,2015-12-04 07:25:36+00:00,Clothing,Skanders,2795.0,1817.0,,True,True,34.991055456171736,6171,374.0,799.0,0.0,1436.5,2.395294117647059,High
0c4718ae90f2889b7021a99ee1cc106c,PTPECA2QYCZH8MBV,Bergner Kadhai NA L,http://www.flipkart.com/bergner-kadhai-na-l/p/itmeca2q9fy3ypxu?pid=PTPECA2QYCZH8MBV,2015-12-01 12:40:44+00:00,Kitchen & Dining,Bergner,1499.0,1499.0,,True,True,0.0,645,199.0,582.0,0.0,1156.5,2.3942558746736293,High
d5a16fb788c38554feb734c15d66be6b,STIE9F5UWNR43SZ4,Wallmantra Extra Large Vinyl Stickers Sticker,http://www.flipkart.com/wallmantra-extra-large-vinyl-stickers-sticker/p/itme9f5u3yvbq35f?pid=STIE9F5UWNR43SZ4,2015-12-01 10:15:43+00:00,Baby Care,Wallmantra,3016.0,2194.0,,True,True,27.254641909814325,481,499.0,999.0,0.0,1749.0,2.39,High
fbb6ae6d3deeb6d7119f4f8f51bc198d,JEAEH2G7RZKXF5DC,Wilkins & Tuscany Regular Fit Boy's Jeans,http://www.flipkart.com/wilkins-tuscany-regular-fit-boy-s-jeans/p/itmeh2g7vhj2chzq?pid=JEAEH2G7RZKXF5DC,2016-04-02 19:26:28+00:00,Clothing,Wilkins & Tuscany,2790.0,1814.0,,True,True,34.982078853046595,6171,374.0,799.0,0.0,1436.5,2.388235294117647,High
a468d980aaecbf4e1018e341772669df,JEAE9PP49AH6PQCW,Wrangler Regular Fit Men's Jeans,http://www.flipkart.com/wrangler-regular-fit-men-s-jeans/p/itme9pp3ufsbggh8?pid=JEAE9PP49AH6PQCW,2015-12-04 07:25:36+00:00,Clothing,Regular,3295.0,1812.0,,True,True,45.007587253414265,6171,374.0,799.0,0.0,1436.5,2.3835294117647057,High
5df72b5295dc5e6126693e640b50f3a2,RTREBZRG4SE4AFBX,Apple MD199HN/A,http://www.flipkart.com/apple-md199hn-a/p/itmebzrgr6qxhztg?pid=RTREBZRG4SE4AFBX,2015-12-01 06:13:00+00:00,Computers,Apple,5900.0,5900.0,,True,True,0.0,573,350.0,1995.0,0.0,4462.5,2.3738601823708207,High
c2f6bb1aad9eb00ef7bb8d643994c626,CCVEFV4RRNH9FAHH,Raaisin Dupont Tyvek Car Cover For Passat,http://www.flipkart.com/raaisin-dupont-tyvek-car-cover-passat/p/itmefv4rntwpghwq?pid=CCVEFV4RRNH9FAHH,2016-02-25 09:50:31+00:00,Automotive,Raaisin,4999.0,4206.0,,True,True,15.863172634526906,1010,499.0,1599.0,0.0,3249.0,2.37,High
1a7c689ff38472dc0da5c304828e1ee9,SHIEH7JEHSAGYFKQ,"TimberTaste 12"" Chatri Ganesha Showpiece  -  30 cm",http://www.flipkart.com/timbertaste-12-chatri-ganesha-showpiece-30-cm/p/itmeh7je9gxp2udp?pid=SHIEH7JEHSAGYFKQ,2016-03-28 17:57:30+00:00,Home Decor & Festive Needs,TimberTaste,4500.0,3200.0,,True,True,28.88888888888889,927,426.5,1250.0,0.0,2485.25,2.3679417122040074,High
cdcfa1da9877695bd88b8c22db6be46a,SHIEDP3U8K3TJEUC,Fourwalls Showpiece  -  34 cm,http://www.flipkart.com/fourwalls-showpiece-34-cm/p/itmedp3uranedeug?pid=SHIEDP3U8K3TJEUC,2016-01-04 03:25:23+00:00,Home Decor & Festive Needs,Fourwalls,3500.0,3199.0,,True,True,8.6,927,426.5,1250.0,0.0,2485.25,2.3667273831208258,High
8a51a9757dd11c3a47f948d99c11a481,SHODWMHHCXTD47NQ,La Briza Mile Boots,http://www.flipkart.com/la-briza-mile-boots/p/itme8ma24jwtwhuw?pid=SHODWMHHCXTD47NQ,2015-12-04 07:25:36+00:00,Footwear,Unknown,3999.0,3999.0,,True,True,0.0,1225,499.0,1540.0,0.0,3101.5,2.362151777137368,High
0ef8afa61628ffde1793a9a6a8758144,SNDEJNQ6TUYZSCGX,Balujas Men Sandals,http://www.flipkart.com/balujas-men-sandals/p/itmejnq68hycpj2v?pid=SNDEJNQ6TUYZSCGX,2016-06-15 19:32:11+00:00,Footwear,Balujas,4995.0,3995.0,,True,True,20.02002002002002,1225,499.0,1540.0,0.0,3101.5,2.3583093179634966,High
7713ac1bbb7b5c03019314a46076a6f2,SHOEBHZA5BXBKRDC,Crocs Boots,http://www.flipkart.com/crocs-boots/p/itmebhzak57y7hgw?pid=SHOEBHZA5BXBKRDC,2015-12-04 07:25:36+00:00,Footwear,Unknown,3995.0,3995.0,,True,True,0.0,1225,499.0,1540.0,0.0,3101.5,2.3583093179634966,High
781ebd14f14499b0074288206d40f58d,JCKEEPUH5H8YAWRD,Toddla Full Sleeve Solid Girl's Jacket,http://www.flipkart.com/toddla-full-sleeve-solid-girl-s-jacket/p/itmeepugfsdescxz?pid=JCKEEPUH5H8YAWRD,2016-04-02 19:26:28+00:00,Clothing,Toddla,4500.0,1800.0,,True,True,60.0,6171,374.0,799.0,0.0,1436.5,2.355294117647059,High
78335bdcc7c05d377998ec4e1d31a3b7,PBREH6ZR9GDJGYEV,Escoda Filbert Paint Brushes,http://www.flipkart.com/escoda-filbert-paint-brushes/p/itmeh6zrfftarhjn?pid=PBREH6ZR9GDJGYEV,2016-04-29 11:45:32+00:00,Pens & Stationery,Escoda,1315.0,1315.0,,True,True,0.0,313,225.0,550.0,0.0,1037.5,2.353846153846154,High
15adb636a7ec03c4767798566b5025db,BZREHK6GGZFUCPZF,"Van Don Solid Single Breasted Casual, Party, Wedding Men's Blazer",http://www.flipkart.com/van-don-solid-single-breasted-casual-party-wedding-men-s-blazer/p/itmehgyhkfbzgs23?pid=BZREHK6GGZFUCPZF,2016-04-11 03:32:26+00:00,Clothing,Van Don,3999.0,1799.0,,True,True,55.01375343835959,6171,374.0,799.0,0.0,1436.5,2.3529411764705883,High
1de462dc46412f4fe577e94027b40f1b,DREECJ646MJSPRKN,Calgari Women's Gathered Dress,http://www.flipkart.com/calgari-women-s-gathered-dress/p/itmecj64y4zcf4jc?pid=DREECJ646MJSPRKN,2016-01-06 18:20:45+00:00,Clothing,Unknown,1799.0,1799.0,,True,True,0.0,6171,374.0,799.0,0.0,1436.5,2.3529411764705883,High
243e3b3aee285a412e1338ada36f8db3,SWTEAX7HWKZ4HSHA,Club York Solid Round Neck Casual Men's Sweater,http://www.flipkart.com/club-york-solid-round-neck-casual-men-s-sweater/p/itmeax7hyvwmfcgm?pid=SWTEAX7HWKZ4HSHA,2015-12-20 08:26:17+00:00,Clothing,Unknown,2999.0,1799.0,,True,True,40.01333777925975,6171,374.0,799.0,0.0,1436.5,2.3529411764705883,High
2f1875c3e7ca65d81bb72b49e3ba7633,CRGE4XJBHZGHJYGU,Bodymark 768 Men's Cargos,http://www.flipkart.com/bodymark-768-men-s-cargos/p/itme4xjbhbgedwpz?pid=CRGE4XJBHZGHJYGU,2016-01-04 00:20:04+00:00,Clothing,Unknown,1799.0,1799.0,,True,True,0.0,6171,374.0,799.0,0.0,1436.5,2.3529411764705883,High
393c915a199638a6748bbe31c15cdb9e,SKIEG5AFJHKZ6KYN,American Swan Solid Women's Regular Skirt,http://www.flipkart.com/american-swan-solid-women-s-regular-skirt/p/itmeg5afpha3jhfz?pid=SKIEG5AFJHKZ6KYN,2016-04-30 06:44:11+00:00,Clothing,American Swan,1799.0,1799.0,,True,True,0.0,6171,374.0,799.0,0.0,1436.5,2.3529411764705883,High
7513e9a8970e74c9a47b1ac216f1c017,TOPEHZNP4QZHVTDW,Satovira Party Short Sleeve Applique Women's Top,http://www.flipkart.com/satovira-party-short-sleeve-applique-women-s-top/p/itmehznpyvfqdhmz?pid=TOPEHZNP4QZHVTDW,2016-04-24 18:34:50+00:00,Clothing,Satovira,1799.0,1799.0,,True,True,0.0,6171,374.0,799.0,0.0,1436.5,2.3529411764705883,High
8270f1067fe91a737df6baa04f9b3799,SHTECQYNSR6MAR8W,Specimen Men's Solid Casual Shirt,http://www.flipkart.com/specimen-men-s-solid-casual-shirt/p/itmecqyn4ahvyfx7?pid=SHTECQYNSR6MAR8W,2015-12-29 05:07:38+00:00,Clothing,Slim,1799.0,1799.0,,True,True,0.0,6171,374.0,799.0,0.0,1436.5,2.3529411764705883,High
89b69573f107f642b3fa0879eb0a739d,TROEBQGHANHWD3BW,urbantouch Regular Fit Men's Trousers,http://www.flipkart.com/urbantouch-regular-fit-men-s-trousers/p/itmebqgh7qzdaehd?pid=TROEBQGHANHWD3BW,2016-01-07 00:54:41+00:00,Clothing,Unknown,1799.0,1799.0,,True,True,0.0,6171,374.0,799.0,0.0,1436.5,2.3529411764705883,High
e13e5754f711fb70b9dd435173c4addb,SWTDZKYDB5FJNPNJ,Pepe Solid V-neck Men's Sweater,http://www.flipkart.com/pepe-solid-v-neck-men-s-sweater/p/itmdzkygd6zfvmtr?pid=SWTDZKYDB5FJNPNJ,2015-12-31 09:19:31+00:00,Clothing,Unknown,1799.0,1799.0,4.5,True,True,0.0,6171,374.0,799.0,0.0,1436.5,2.3529411764705883,High
fa7bf81661418be8643ee167c41b5ca8,TOPEHZNPUWSFVHKM,Satovira Party Short Sleeve Solid Women's Top,http://www.flipkart.com/satovira-party-short-sleeve-solid-women-s-top/p/itmehznpmwttvhmz?pid=TOPEHZNPUWSFVHKM,2016-04-24 18:34:50+00:00,Clothing,Satovira,1799.0,1799.0,,True,True,0.0,6171,374.0,799.0,0.0,1436.5,2.3529411764705883,High
fc2531cebaff8e5ab9f1b6860e4fbd65,TROEJZXJV7BVBANW,Park Avenue Regular Fit Men's Brown Trousers,http://www.flipkart.com/park-avenue-regular-fit-men-s-brown-trousers/p/itmejzxjbjquh7nw?pid=TROEJZXJV7BVBANW,2016-06-26 09:25:14+00:00,Clothing,Park Avenue,1799.0,1799.0,,True,True,0.0,6171,374.0,799.0,0.0,1436.5,2.3529411764705883,High
84cff956323bd63d24c5402efb6b2087,SHODZJFFAM2H9CRC,adidas Isolation 2 Basketball Shoes,http://www.flipkart.com/adidas-isolation-2-basketball-shoes/p/itmed7bmsxhtzafy?pid=SHODZJFFAM2H9CRC,2015-12-12 11:46:53+00:00,Footwear,Unknown,5499.0,3989.0,4.2,True,True,27.45953809783597,1225,499.0,1540.0,0.0,3101.5,2.3525456292026896,High
6edd4af203b1aa9c3983025e31d5ddca,SHTE4QSV9UY462QX,Wrangler Men's Casual Shirt,http://www.flipkart.com/wrangler-men-s-casual-shirt/p/itme4qsxhs82qhxy?pid=SHTE4QSV9UY462QX,2016-01-06 18:20:45+00:00,Clothing,Unknown,1795.0,1795.0,,True,True,0.0,6171,374.0,799.0,0.0,1436.5,2.343529411764706,High
702b58daa52d27c51dccade506cc0047,CSPDSU5QKRPTGZGH,Debenhams-Jasper Conran Women's Camisole,http://www.flipkart.com/debenhams-jasper-conran-women-s-camisole/p/itmdsu5qxnvtmpcr?pid=CSPDSU5QKRPTGZGH,2015-12-12 11:46:53+00:00,Clothing,Unknown,1795.0,1795.0,4.7,True,True,0.0,6171,374.0,799.0,0.0,1436.5,2.343529411764706,High
829ef17c0d53903750e91db0c857c610,TOPE6YMGKH2SZGMK,Nike Casual Short Sleeve Printed Women's Top,http://www.flipkart.com/nike-casual-short-sleeve-printed-women-s-top/p/itme6ymhrpgemfsa?pid=TOPE6YMGKH2SZGMK,2015-12-31 09:19:31+00:00,Clothing,Unknown,1795.0,1795.0,2.0,True,True,0.0,6171,374.0,799.0,0.0,1436.5,2.343529411764706,High
88fd2b7524de45e3731c5e070d58a76e,SWDEJWDGXNYEXPXF,F-Loop Self Design Kurta & Churidar,http://www.flipkart.com/f-loop-self-design-kurta-churidar/p/itmejwdgrwynr3zd?pid=SWDEJWDGXNYEXPXF,2016-06-24 16:03:26+00:00,Clothing,F-Loop,1995.0,1795.0,,True,True,10.025062656641603,6171,374.0,799.0,0.0,1436.5,2.343529411764706,High
a09e2248a5b4e6eace354e4a26ac0fc6,DREEGJ3EAZJC54D4,"Athena Women's Maxi Pink, Multicolor Dress",http://www.flipkart.com/athena-women-s-maxi-pink-multicolor-dress/p/itmegj3ezjbzjfwg?pid=DREEGJ3EAZJC54D4,2016-06-28 00:52:37+00:00,Clothing,Athena,1795.0,1795.0,,True,True,0.0,6171,374.0,799.0,0.0,1436.5,2.343529411764706,High
f50939dab4fe2eae8467a1ae3545d0f4,DREEGJ3EUZ2PFKKJ,ATHENA Women's Maxi Dress,http://www.flipkart.com/athena-women-s-maxi-dress/p/itmegj3ehvnaa4r7?pid=DREEGJ3EUZ2PFKKJ,2016-04-02 19:26:28+00:00,Clothing,ATHENA,1795.0,1795.0,,True,True,0.0,6171,374.0,799.0,0.0,1436.5,2.343529411764706,High
2ccca63c8dabe6fe269055fe46e78aaf,SHTEGEYVP6HJHNGQ,cherry crumble california Baby Boy's Checkered Casual Shirt,http://www.flipkart.com/cherry-crumble-california-baby-boy-s-checkered-casual-shirt/p/itmegeyvz4ymxwqu?pid=SHTEGEYVP6HJHNGQ,2016-04-02 19:26:28+00:00,Baby Care,cherry crumble california,3099.0,2169.0,,True,True,30.00968054211036,481,499.0,999.0,0.0,1749.0,2.34,High
21b4a7007cfe2a3158387dc17075bdcf,VANE652HAXYMVDAD,Uberlyfe Elegant 3 Level Jewellery Box Vanity Case,http://www.flipkart.com/uberlyfe-elegant-3-level-jewellery-box-vanity-case/p/itme652hd5gengse?pid=VANE652HAXYMVDAD,2016-01-04 03:25:23+00:00,Beauty and Personal Care,Unknown,2200.0,899.0,,True,True,59.13636363636363,709,299.0,479.0,29.0,749.0,2.3333333333333335,High
1362de99418c5c6a60dc40348d16ce0a,TROEC92K5YYVZYKE,Uber Urban Slim Fit Men's Trousers,http://www.flipkart.com/uber-urban-slim-fit-men-s-trousers/p/itmeck37tatbfsqk?pid=TROEC92K5YYVZYKE,2015-12-20 08:26:17+00:00,Clothing,Unknown,4497.0,1789.0,,True,True,60.21792305981766,6171,374.0,799.0,0.0,1436.5,2.3294117647058825,High
18d37b84e454f3421de75f6acf8f9ebc,TROEC8ZB4T8H2CVZ,Uber Urban Slim Fit Men's Trousers,http://www.flipkart.com/uber-urban-slim-fit-men-s-trousers/p/itmeck3gwvzaexpz?pid=TROEC8ZB4T8H2CVZ,2015-12-20 08:26:17+00:00,Clothing,Unknown,4497.0,1789.0,,True,True,60.21792305981766,6171,374.0,799.0,0.0,1436.5,2.3294117647058825,High
3a38a496048fc456e4a1673dd5e66b04,TROEC98WZFPRENAV,Uber Urban Slim Fit Men's Trousers,http://www.flipkart.com/uber-urban-slim-fit-men-s-trousers/p/itmeck3gnptz7ahf?pid=TROEC98WZFPRENAV,2015-12-20 08:26:17+00:00,Clothing,Unknown,4497.0,1789.0,,True,True,60.21792305981766,6171,374.0,799.0,0.0,1436.5,2.3294117647058825,High
3daa339bf4069aaf42f69ef7ba58b3e9,TROEC8RBWX8FJR9F,Uber Urban Slim Fit Men's Trousers,http://www.flipkart.com/uber-urban-slim-fit-men-s-trousers/p/itmeck4fwcw4vwkd?pid=TROEC8RBWX8FJR9F,2015-12-20 08:26:17+00:00,Clothing,Unknown,4497.0,1789.0,,True,True,60.21792305981766,6171,374.0,799.0,0.0,1436.5,2.3294117647058825,High
7787a74df19eb1a30a5cecbd52600674,TROEC8VNJ3MRVHMF,Uber Urban Slim Fit Men's Trousers,http://www.flipkart.com/uber-urban-slim-fit-men-s-trousers/p/itmeck3gyqgxz4cb?pid=TROEC8VNJ3MRVHMF,2015-12-20 08:26:17+00:00,Clothing,Unknown,4497.0,1789.0,,True,True,60.21792305981766,6171,374.0,799.0,0.0,1436.5,2.3294117647058825,High
7d34258d75a6d4e9be64fa78247e72fa,TROEC8ZHMBQQJN7G,Uber Urban Slim Fit Men's Trousers,http://www.flipkart.com/uber-urban-slim-fit-men-s-trousers/p/itmec8xegjkfbhts?pid=TROEC8ZHMBQQJN7G,2015-12-20 08:26:17+00:00,Clothing,Unknown,4497.0,1789.0,,True,True,60.21792305981766,6171,374.0,799.0,0.0,1436.5,2.3294117647058825,High
919b5b3d72bc12202495e80464d76a92,TROEC92SG2K4DFF5,Uber Urban Slim Fit Men's Trousers,http://www.flipkart.com/uber-urban-slim-fit-men-s-trousers/p/itmeck2zkp7xhkmz?pid=TROEC92SG2K4DFF5,2015-12-20 08:26:17+00:00,Clothing,Unknown,4497.0,1789.0,,True,True,60.21792305981766,6171,374.0,799.0,0.0,1436.5,2.3294117647058825,High
be4e76dbd8908c8f15fe1b7cb6e84dcf,TROEC8RAMJBXEED5,Uber Urban Slim Fit Men's Trousers,http://www.flipkart.com/uber-urban-slim-fit-men-s-trousers/p/itmec8t2wnjhdsgn?pid=TROEC8RAMJBXEED5,2015-12-20 08:26:17+00:00,Clothing,Unknown,4497.0,1789.0,,True,True,60.21792305981766,6171,374.0,799.0,0.0,1436.5,2.3294117647058825,High
c19d79b1d3588bfcc21b475b56cd1f87,JWSE2J29CCGMJFKH,"Pearl Paradise Pearl Paradise ""Kundan necklace"". Brass Jewel Set",http://www.flipkart.com/pearl-paradise-kundan-necklace-brass-jewel-set/p/itme2j29z7v8tdpg?pid=JWSE2J29CCGMJFKH,2015-12-12 11:46:53+00:00,Jewellery,Pearl Paradise,3898.0,2860.0,5.0,True,True,26.62904053360698,3522,310.0,1076.75,0.0,2226.875,2.3257254646234107,High
56d123ac2e4e22079de995b4cfbca925,DEOEGDV8EGAVXPVR,"Dove Pure Anti-Transpirant Deodorant Deodorant Spray  -  For Men, Women, Girls, Boys",http://www.flipkart.com/dove-pure-anti-transpirant-deodorant-spray-men-women-girls-boys/p/itmegdv8h6unspvs?pid=DEOEGDV8EGAVXPVR,2016-03-02 19:09:22+00:00,Beauty and Personal Care,Dove,1499.0,895.0,,True,True,40.29352901934623,709,299.0,479.0,29.0,749.0,2.311111111111111,High
52c18fdb706392b19b048867de7e03ad,TOPED9QXG3SA42MD,Kaaryah Formal 3/4 Sleeve Solid Women's Top,http://www.flipkart.com/kaaryah-formal-3-4-sleeve-solid-women-s-top/p/itmed9qxcwra3yyg?pid=TOPED9QXG3SA42MD,2016-01-07 00:54:41+00:00,Clothing,Unknown,1780.0,1780.0,,True,True,0.0,6171,374.0,799.0,0.0,1436.5,2.308235294117647,High
8482aa40a9ecbc567b9168942b11dc17,CRNEBQCZHNX8SRWZ,Fabutex Jacquard Black And Brown Geometric Eyelet Door Curtain,http://www.flipkart.com/fabutex-jacquard-black-brown-geometric-eyelet-door-curtain/p/itmebqczadkh6ge4?pid=CRNEBQCZHNX8SRWZ,2015-12-31 09:19:31+00:00,Home Furnishing,Fabutex,4800.0,3196.0,,True,True,33.416666666666664,700,523.0,1332.0,0.0,2545.5,2.3040791100123608,High
dce9a86403098d8f4ab7d400c96b5ac3,STIEBU65ZEWJE2Q7,Wallmantra Extra Large Vinyl Stickers Sticker,http://www.flipkart.com/wallmantra-extra-large-vinyl-stickers-sticker/p/itmebu659ssfyzb3?pid=STIEBU65ZEWJE2Q7,2015-12-01 10:15:43+00:00,Baby Care,Wallmantra,5587.0,2149.0,,True,True,61.53570789332379,481,499.0,999.0,0.0,1749.0,2.3,High
aa944c7fea4dc4aad0c0ea70b25734e4,LCHEGYYBWP4ECBZJ,"Sohardhastshilp Self Design Women's Lehenga, Choli and Dupatta Set",http://www.flipkart.com/sohardhastshilp-self-design-women-s-lehenga-choli-dupatta-set/p/itmegxzzjxwmmurq?pid=LCHEGYYBWP4ECBZJ,2016-03-25 15:39:25+00:00,Clothing,Sohardhastshilp,2000.0,1770.0,,True,True,11.5,6171,374.0,799.0,0.0,1436.5,2.284705882352941,High
92c56c4a8b00394183f6eeacb515d400,CSREGVMGRHSGNYRE,Autocop Sonata SCP-694 Coaxial Car Speaker,http://www.flipkart.com/autocop-sonata-scp-694-coaxial-car-speaker/p/itmegvmgeq9agur3?pid=CSREGVMGRHSGNYRE,2016-03-18 19:41:12+00:00,Automotive,Autocop,4990.0,4085.0,,True,True,18.13627254509018,1010,499.0,1599.0,0.0,3249.0,2.26,High
30f324f95b6f5c26284893d0d85becf1,SOFE8HPYPJPUUZ3H,Durian Helena Fabric 3 Seater Sofa,http://www.flipkart.com/durian-helena-fabric-3-seater-sofa/p/itme8hpybyz6su2w?pid=SOFE8HPYPJPUUZ3H,2015-12-31 09:19:31+00:00,Furniture,Durian,108900.0,70785.0,,True,True,35.0,180,1299.0,22646.0,0.0,54666.5,2.2550709701597413,High
5f8e0c25e2915bc2383e60ad02b1e4aa,SOFE8HPYX66KMC3A,Durian Helena Fabric 3 Seater Sofa,http://www.flipkart.com/durian-helena-fabric-3-seater-sofa/p/itme8hpyqgyxzqhe?pid=SOFE8HPYX66KMC3A,2015-12-31 09:19:31+00:00,Furniture,Durian,108900.0,70785.0,,True,True,35.0,180,1299.0,22646.0,0.0,54666.5,2.2550709701597413,High
965b4fe1868ec56427732433c6455fc4,BBAECH62RUVBWZY3,Inox Jewelry Stainless Steel Bangle,http://www.flipkart.com/inox-jewelry-stainless-steel-bangle/p/itmech628zcxckzr?pid=BBAECH62RUVBWZY3,2015-12-20 08:26:17+00:00,Jewellery,Inox Jewelry,3739.0,2804.0,,True,True,25.006686279753946,3522,310.0,1076.75,0.0,2226.875,2.252689925008151,High
c2e71e7c97489d4efa5eab796ae354ac,RTRDWGAKVZK8VQ9R,Zyxel VMG1312-B10A VDSL2 Wireless N VDSL2 4-port Gateway with USB,http://www.flipkart.com/zyxel-vmg1312-b10a-vdsl2-wireless-n-4-port-gateway-usb/p/itmdwgaknhghzbyp?pid=RTRDWGAKVZK8VQ9R,2015-12-01 06:13:00+00:00,Computers,Zyxel,7192.0,5700.0,4.0,True,True,20.745272525027808,573,350.0,1995.0,0.0,4462.5,2.2522796352583585,High
ce058d45a7dcdc331abbac7a5c8d99d8,BBAE3JG36578NUYZ,SJPearls Alloy Pearl Bracelet Set,http://www.flipkart.com/sjpearls-alloy-pearl-bracelet-set/p/itme3jg3kkfhyxag?pid=BBAE3JG36578NUYZ,2015-12-20 08:26:17+00:00,Jewellery,SJPearls,5500.0,2800.0,,True,True,49.09090909090909,3522,310.0,1076.75,0.0,2226.875,2.2474731007499185,High
26e20788647ee2a82a85f3f85103d00c,PELEY8SBSDZWABHK,"NEVI Elegant Swan Swarovski Crystal, Crystal Alloy, Crystal Pendant",http://www.flipkart.com/nevi-elegant-swan-swarovski-crystal-crystal-alloy-pendant/p/itmey8sbvxuzfpbq?pid=PELEY8SBSDZWABHK,2015-12-12 11:46:53+00:00,Jewellery,NEVI,5900.0,2799.0,,True,True,52.559322033898304,3522,310.0,1076.75,0.0,2226.875,2.2461688946853604,High
a474a671676b135a2f211f41d35fd728,STIE9F5UWDJHNYC8,Wallmantra Extra Large Vinyl Stickers Sticker,http://www.flipkart.com/wallmantra-extra-large-vinyl-stickers-sticker/p/itme9f5ujjqhpunt?pid=STIE9F5UWDJHNYC8,2015-12-01 10:15:43+00:00,Baby Care,Wallmantra,2916.0,2121.0,,True,True,27.263374485596707,481,499.0,999.0,0.0,1749.0,2.244,High
f3097c97f99bc50df8ea313ee6292b60,STIE9F5UAZDTVFG5,Wallmantra Large Vinyl Stickers Sticker,http://www.flipkart.com/wallmantra-large-vinyl-stickers-sticker/p/itme9f5u6nwx3nyt?pid=STIE9F5UAZDTVFG5,2015-12-01 10:15:43+00:00,Baby Care,Wallmantra,2916.0,2121.0,,True,True,27.263374485596707,481,499.0,999.0,0.0,1749.0,2.244,High
055ecb21a8ede1294a75e22e5e7caded,SHIEBVT8KUWCDH2H,Stonkraft Musician Brass Figurine Showpiece  -  15.5 cm,http://www.flipkart.com/stonkraft-musician-brass-figurine-showpiece-15-5-cm/p/itmebvt8ybpgqjza?pid=SHIEBVT8KUWCDH2H,2016-01-04 04:27:52+00:00,Home Decor & Festive Needs,Stonkraft,3995.0,3095.0,,True,True,22.528160200250312,927,426.5,1250.0,0.0,2485.25,2.240437158469945,High
200762c15b20cff396c29e804aae0b86,SHTE93ZZMSWNZ7RM,Karlsburg Men's Self Design Formal Shirt,http://www.flipkart.com/karlsburg-men-s-self-design-formal-shirt/p/itme93zzhx3pfhzg?pid=SHTE93ZZMSWNZ7RM,2015-12-06 03:01:47+00:00,Clothing,Regular,1750.0,1750.0,,True,True,0.0,6171,374.0,799.0,0.0,1436.5,2.2376470588235295,High
4572bf3a4b43ba821b4ed6583857a87e,JCKEFJRCGHXDAHUJ,Lilpicks Couture Full Sleeve Floral Print Girl's Jacket,http://www.flipkart.com/lilpicks-couture-full-sleeve-floral-print-girl-s-jacket/p/itmefjrcqcuahjzs?pid=JCKEFJRCGHXDAHUJ,2016-04-02 19:26:28+00:00,Clothing,Lilpicks Couture,1750.0,1750.0,,True,True,0.0,6171,374.0,799.0,0.0,1436.5,2.2376470588235295,High
3e9b3b4ca5eac4c86246a59cab590e0d,JEAE6SRJZGFE5F57,Provogue Slim Fit Men's Jeans,http://www.flipkart.com/provogue-slim-fit-men-s-jeans/p/itme6srjhzvvap6h?pid=JEAE6SRJZGFE5F57,2015-12-12 11:46:53+00:00,Clothing,Slim,2499.0,1749.0,,True,True,30.012004801920767,6171,374.0,799.0,0.0,1436.5,2.235294117647059,High
d3baae0eab238c997343f2590549740b,JCKEDVZMPH4R7FNN,The Vanca Sleeveless Solid Men's Jacket,http://www.flipkart.com/vanca-sleeveless-solid-men-s-jacket/p/itmedvzmgyyydgct?pid=JCKEDVZMPH4R7FNN,2016-01-07 00:54:41+00:00,Clothing,Unknown,2499.0,1749.0,,True,True,30.012004801920767,6171,374.0,799.0,0.0,1436.5,2.235294117647059,High
d5f65dfc9d40b480e3b601e5f7830dc7,SWSEBS2UXYZBSY2Y,YOUTH GARB Full Sleeve Embellished Men's Sweatshirt,http://www.flipkart.com/youth-garb-full-sleeve-embellished-men-s-sweatshirt/p/itmebxhz8uf6ktyg?pid=SWSEBS2UXYZBSY2Y,2016-01-07 00:54:41+00:00,Clothing,Unknown,1849.0,1749.0,,True,True,5.408328826392645,6171,374.0,799.0,0.0,1436.5,2.235294117647059,High
64ee732fd2bea3b6924233467e413ec3,PTPE4JYTZCEUCF5V,"Ndura Kadhai 2 L, 3 L",http://www.flipkart.com/ndura-kadhai-2-l-3-l/p/itme4jytsewg4nja?pid=PTPE4JYTZCEUCF5V,2015-12-01 12:40:44+00:00,Kitchen & Dining,Ndura,2310.0,1436.0,,True,True,37.83549783549783,645,199.0,582.0,0.0,1156.5,2.22976501305483,High
00e6fd068b140fac2c25d443d146c3c8,ACCEEV5V5ERYC6RN,Naxa Electronics Naxa Ne-929 Wh Headphones () Headphones,http://www.flipkart.com/naxa-electronics-ne-929-wh-headphones/p/itmeev5vurjtrz69?pid=ACCEEV5V5ERYC6RN,2016-03-11 11:26:55+00:00,Mobiles & Accessories,Naxa Electronics,3840.0,3840.0,,True,True,0.0,1097,449.0,1499.0,0.0,3074.0,2.2295238095238097,High
e794bd226967af2298a2c7a1f8e2c9bb,SOFECYFAGGVMMWS7,Durian Dream/2 Leather 2 Seater Sofa,http://www.flipkart.com/durian-dream-2-leather-2-seater-sofa/p/itmecyfaqstzv8g2?pid=SOFECYFAGGVMMWS7,2015-12-31 09:19:31+00:00,Furniture,Durian,108000.0,70200.0,,True,True,35.0,180,1299.0,22646.0,0.0,54666.5,2.22766665105167,High
8b0cff3d53ee09ee1fee5b527d57e0ed,SPWEG9DBHFCF3MZZ,Da intimo Women's Shapewear,http://www.flipkart.com/da-intimo-women-s-shapewear/p/itmeg9db84gfmvke?pid=SPWEG9DBHFCF3MZZ,2016-03-02 19:09:22+00:00,Clothing,Da intimo,1740.0,1740.0,,True,True,0.0,6171,374.0,799.0,0.0,1436.5,2.2141176470588237,High
1120bc768623572513df956172ffefeb,WATECDDDQ7SFDD6K,"Escort E-1700-906_Blk Analog Watch  - For Men, Boys",http://www.flipkart.com/escort-e-1700-906-blk-analog-watch-men-boys/p/itmecddd6gxm9weg?pid=WATECDDDQ7SFDD6K,2015-12-04 07:25:36+00:00,Watches,Unknown,1925.0,1829.0,,True,True,4.987012987012987,528,550.0,950.0,0.0,1550.0,2.1975,High
65e2abd46ea9e6ade1c215196f0a37dc,RNGEFP2XPJWMGMSB,Clara Certified Katela 8.3 cts or 9.25 ratti Zoya Sterling Silver Amethyst Ring,http://www.flipkart.com/clara-certified-katela-8-3-cts-9-25-ratti-zoya-sterling-silver-amethyst-ring/p/itmefp2xxbvfryfr?pid=RNGEFP2XPJWMGMSB,2016-01-06 18:20:45+00:00,Jewellery,Clara,6160.0,2760.0,,True,True,55.1948051948052,3522,310.0,1076.75,0.0,2226.875,2.1953048581675905,High
3dd61917c5d8ceda97aa809c9a778935,RTRDHYYVPHSGSDGA,Asus RT-N14U Wireless-N300 Cloud,http://www.flipkart.com/asus-rt-n14u-wireless-n300-cloud/p/itmdhy5kaenwhhng?pid=RTRDHYYVPHSGSDGA,2015-12-01 06:13:00+00:00,Computers,Asus,6999.0,5600.0,4.2,True,True,19.9885697956851,573,350.0,1995.0,0.0,4462.5,2.1914893617021276,High
2476ae5a5e045876aa08f5919cb3b91b,CPGEGVXAQUV6RF6J,"M S Rugs Pink, Blue Wool Dhurrie",http://www.flipkart.com/m-s-rugs-pink-blue-wool-dhurrie/p/itmegvxayjf277tg?pid=CPGEGVXAQUV6RF6J,2016-03-18 08:01:41+00:00,Home Furnishing,M S Rugs,5300.0,3100.0,,True,True,41.509433962264154,700,523.0,1332.0,0.0,2545.5,2.185414091470952,High
b3afcdf6836c0ef6677c4730139f5980,CPGEGVYJMPNUEZYK,"M S Rugs Pink, Blue Wool Dhurrie",http://www.flipkart.com/m-s-rugs-pink-blue-wool-dhurrie/p/itmegvyjacyzdnsa?pid=CPGEGVYJMPNUEZYK,2016-03-18 08:01:41+00:00,Home Furnishing,M S Rugs,5300.0,3100.0,,True,True,41.509433962264154,700,523.0,1332.0,0.0,2545.5,2.185414091470952,High
19dbc4bd18c364d872e2a40b955538b4,CWRE84EDSKFE8KF5,zDelhi.com Car Washer Z1 Ultra High Pressure Washer,http://www.flipkart.com/zdelhi-com-car-washer-z1-ultra-high-pressure/p/itme84edzw8a2ehe?pid=CWRE84EDSKFE8KF5,2015-12-29 05:07:38+00:00,Automotive,zDelhi.com,4499.0,3999.0,5.0,True,True,11.113580795732386,1010,499.0,1599.0,0.0,3249.0,2.1818181818181817,High
1fd50727cc86075baec0bbc6db2358d4,RTRDU88AKQFRZU2U,Asus RT-N14UHP High Power Wireless-N300 3-in-1 Router/ AP/ Range Extender,http://www.flipkart.com/asus-rt-n14uhp-high-power-wireless-n300-3-in-1-router-ap-range-extender/p/itmdu88akqfrzu2u?pid=RTRDU88AKQFRZU2U,2015-12-01 06:13:00+00:00,Computers,Asus,10000.0,5580.0,3.6,True,True,44.2,573,350.0,1995.0,0.0,4462.5,2.1793313069908815,High
24a388165c68b8e742c6dec9c80a5f1b,SKTEC88DXZARGU8N,Gosome Free Style 4 Wheels Roller Blades In-line Skates - Size 7-10 US,http://www.flipkart.com/gosome-free-style-4-wheels-roller-blades-in-line-skates-size-7-10/p/itmec88dhwpcyhke?pid=SKTEC88DXZARGU8N,2015-12-01 06:13:00+00:00,Sports & Fitness,Unknown,3999.0,3499.0,,True,True,12.50312578144536,166,417.5,1386.75,0.0,2840.625,2.1792623162238844,High
94b5e000dae7b805ee42e78e2a3bfaab,PTGEGUZQKVZSWNXY,GAGA Canvas Painting,http://www.flipkart.com/gaga-canvas-painting/p/itmeguzqpdvmfkyh?pid=PTGEGUZQKVZSWNXY,2016-03-18 08:01:41+00:00,Home Decor & Festive Needs,GAGA,5520.0,3040.0,,True,True,44.927536231884055,927,426.5,1250.0,0.0,2485.25,2.1736490588949606,High
d2fd92699233629a5fcdcfa5afd6ab9e,PTGEGUPY56VN7B6A,GAGA Canvas Painting,http://www.flipkart.com/gaga-canvas-painting/p/itmegupykvs47eaz?pid=PTGEGUPY56VN7B6A,2016-03-18 08:01:41+00:00,Home Decor & Festive Needs,GAGA,5520.0,3040.0,,True,True,44.927536231884055,927,426.5,1250.0,0.0,2485.25,2.1736490588949606,High
ea53b1987224449bd815bfdc46a3a9a1,PTGEGUZBS46TGTMM,GAGA Canvas Painting,http://www.flipkart.com/gaga-canvas-painting/p/itmeguzb9fxgzhzn?pid=PTGEGUZBS46TGTMM,2016-03-18 08:01:41+00:00,Home Decor & Festive Needs,GAGA,5520.0,3040.0,,True,True,44.927536231884055,927,426.5,1250.0,0.0,2485.25,2.1736490588949606,High
a0d0de88fcbeccd78d6661cef68eb07e,VANE8QPQZFRE6XVN,Addyz 5 Rods Bangle Earring Ring Jewellery Vanity Case,http://www.flipkart.com/addyz-5-rods-bangle-earring-ring-jewellery-vanity-case/p/itme8qpq2znmranj?pid=VANE8QPQZFRE6XVN,2016-01-04 00:20:04+00:00,Beauty and Personal Care,Unknown,1750.0,870.0,,True,True,50.285714285714285,709,299.0,479.0,29.0,749.0,2.172222222222222,High
07c46eb66abbfec2b3e031e286a60ffb,STIE9F5UQJMHDYHS,Wallmantra Extra Large Vinyl Stickers Sticker,http://www.flipkart.com/wallmantra-extra-large-vinyl-stickers-sticker/p/itme9f5uht2gbxnn?pid=STIE9F5UQJMHDYHS,2015-12-01 10:15:43+00:00,Baby Care,Wallmantra,3303.0,2085.0,,True,True,36.8755676657584,481,499.0,999.0,0.0,1749.0,2.172,High
c15f82761759301f31547e0382566a7c,STIE9F5USKJ2GFBZ,Wallmantra Extra Large Vinyl Stickers Sticker,http://www.flipkart.com/wallmantra-extra-large-vinyl-stickers-sticker/p/itme9f5ugfttpdgb?pid=STIE9F5USKJ2GFBZ,2015-12-01 10:15:43+00:00,Baby Care,Wallmantra,3303.0,2085.0,,True,True,36.8755676657584,481,499.0,999.0,0.0,1749.0,2.172,High
534d9c3ae2342df2f4f9233622f90711,RTRDYKU6F2GVR3CR,Netgear AC 750 Wi-Fi Range Extender,http://www.flipkart.com/netgear-ac-750-wi-fi-range-extender/p/itmdykuhykgaz6n8?pid=RTRDYKU6F2GVR3CR,2015-12-01 06:13:00+00:00,Computers,Netgear,6570.0,5555.0,3.5,True,True,15.449010654490106,573,350.0,1995.0,0.0,4462.5,2.164133738601824,High
54bac89f1184b4a8ee8cb522ac563a8d,ELWEG4DCHBUNHUAD,FAB-FLASH Fire Retrardant PVC 4 sq/mm Black 91 m Wire,http://www.flipkart.com/fab-flash-fire-retrardant-pvc-4-sq-mm-black-91-m-wire/p/itmeg4dce6bwkbqf?pid=ELWEG4DCHBUNHUAD,2016-02-25 07:09:32+00:00,Tools & Hardware,FAB-FLASH,2999.0,2349.0,,True,True,21.673891297099033,387,375.0,999.0,0.0,1935.0,2.1634615384615383,High
3e759a6967dd780bab172b33ac10639b,EROEJ3CBBSHV6R5W,TOMAFO Car,http://www.flipkart.com/tomafo-car/p/itmej3cb8hq9s87r?pid=EROEJ3CBBSHV6R5W,2016-06-09 00:13:42+00:00,Toys & School Supplies,TOMAFO,1499.0,1349.0,,True,True,10.00667111407605,329,179.0,550.0,0.0,1106.5,2.1536388140161726,High
14a87e000ccab57789732cb09b6f07ad,ETHEGDXZCGNQNFNR,Lajo Women's Salwar and Kurta Set,http://www.flipkart.com/lajo-women-s-salwar-kurta-set/p/itmegdxzayeetjns?pid=ETHEGDXZCGNQNFNR,2016-03-03 06:06:42+00:00,Clothing,Lajo,3500.0,1714.0,,True,True,51.02857142857143,6171,374.0,799.0,0.0,1436.5,2.152941176470588,High
3c2ff53673543e77a049a2765c430a82,ETHEGDXNPERZTMUZ,Lajo Women's Salwar and Kurta Set,http://www.flipkart.com/lajo-women-s-salwar-kurta-set/p/itmegdxnuhrudc28?pid=ETHEGDXNPERZTMUZ,2016-03-03 06:06:42+00:00,Clothing,Lajo,3400.0,1714.0,,True,True,49.588235294117645,6171,374.0,799.0,0.0,1436.5,2.152941176470588,High
67e0c9fd0f00b831697ba6fb4215ea7b,ETHEGDXKKCQ5GHHX,Lajo Women's Salwar and Kurta Set,http://www.flipkart.com/lajo-women-s-salwar-kurta-set/p/itmegdxkjrh4g7hj?pid=ETHEGDXKKCQ5GHHX,2016-03-03 06:06:42+00:00,Clothing,Lajo,3400.0,1714.0,,True,True,49.588235294117645,6171,374.0,799.0,0.0,1436.5,2.152941176470588,High
70ac9f5c71fc63fae096351568ec14d9,ETHEGDXN9FGTZNGZ,Lajo Women's Salwar and Kurta Set,http://www.flipkart.com/lajo-women-s-salwar-kurta-set/p/itmegdxnewxqgkas?pid=ETHEGDXN9FGTZNGZ,2016-03-03 06:06:42+00:00,Clothing,Lajo,3400.0,1714.0,,True,True,49.588235294117645,6171,374.0,799.0,0.0,1436.5,2.152941176470588,High
e3e08f67f1e0b5724e71c6845a7f0ffa,SOFEDVYZTDGWBSMN,ARRA Solid Wood 6 Seater Sofa,http://www.flipkart.com/arra-solid-wood-6-seater-sofa/p/itmedvyzz2hgyqbj?pid=SOFEDVYZTDGWBSMN,2015-12-31 09:19:31+00:00,Furniture,ARRA,68400.0,68400.0,,True,True,0.0,180,1299.0,22646.0,0.0,54666.5,2.143345669180681,High
13379387e9e98ba6cbea8d3f63fb1a76,STIEBU65FJHVAZ7C,Wallmantra Large Vinyl Stickers Sticker,http://www.flipkart.com/wallmantra-large-vinyl-stickers-sticker/p/itmebu65pqmygn2e?pid=STIEBU65FJHVAZ7C,2015-12-01 10:15:43+00:00,Baby Care,Wallmantra,5379.0,2069.0,,True,True,61.535601412902025,481,499.0,999.0,0.0,1749.0,2.14,High
1951e9b546385ec17eb7eddd90c22849,STIEBU65ZKFFPKHW,Wallmantra Large Vinyl Stickers Sticker,http://www.flipkart.com/wallmantra-large-vinyl-stickers-sticker/p/itmebu65zycu88rr?pid=STIEBU65ZKFFPKHW,2015-12-01 10:15:43+00:00,Baby Care,Wallmantra,5379.0,2069.0,,True,True,61.535601412902025,481,499.0,999.0,0.0,1749.0,2.14,High
e9420e9483f16db81c64dddf99f34841,JGTECTXNJJFCUCJK,Dungri India Craft Ducjug010-ducgl012-2 Jug Glass Set,http://www.flipkart.com/dungri-india-craft-ducjug010-ducgl012-2-jug-glass-set/p/itmectxngukgmk7y?pid=JGTECTXNJJFCUCJK,2016-03-04 17:21:37+00:00,Kitchen & Dining,Dungri India Craft,1599.0,1399.0,,True,True,12.507817385866167,645,199.0,582.0,0.0,1156.5,2.133159268929504,High
420bd134ec819d145f44416934837ca6,USGEDSZHJWZ7EAN2,Star Wars R2-D2 830 USB USB Hub,http://www.flipkart.com/star-wars-r2-d2-830-usb-hub/p/itmedszhkdhhzzhj?pid=USGEDSZHJWZ7EAN2,2015-12-29 05:07:38+00:00,Computers,Star Wars,6000.0,5500.0,,True,True,8.333333333333334,573,350.0,1995.0,0.0,4462.5,2.1306990881458967,High
67677f942598e9ecdf91d8a090dd469e,RTRDA4U7RSHNZEGW,Asus RT-N15U Wireless-N300 Gigabit Router,http://www.flipkart.com/asus-rt-n15u-wireless-n300-gigabit-router/p/itmda5pju6zanzmm?pid=RTRDA4U7RSHNZEGW,2015-12-01 06:13:00+00:00,Computers,Asus,5500.0,5500.0,4.7,True,True,0.0,573,350.0,1995.0,0.0,4462.5,2.1306990881458967,High
fe05e9ff9e31a310c35626ab6f2b4fe2,BWSEH2A8YSFSAZ3Z,TRESemme Naturals Vibrantly Smooth Shampoo,http://www.flipkart.com/tresemme-naturals-vibrantly-smooth-shampoo/p/itmeh2a8ftmau3at?pid=BWSEH2A8YSFSAZ3Z,2016-03-28 17:57:30+00:00,Baby Care,TRESemme,2393.0,2063.0,,True,True,13.790221479314667,481,499.0,999.0,0.0,1749.0,2.128,High
cf03921bd7eb3afd84c4b12a434d03e5,RCLEARZGMRQE2HMY,"Pinc Ginger 90.6 inch Black, White Rice Lights",http://www.flipkart.com/pinc-ginger-90-6-inch-black-white-rice-lights/p/itmearzg9mupzgfc?pid=RCLEARZGMRQE2HMY,2016-01-01 13:15:34+00:00,Home Decor & Festive Needs,Pinc Ginger,3000.0,3000.0,,True,True,0.0,927,426.5,1250.0,0.0,2485.25,2.125075895567699,High
d234072952074f5b26ee574ff219ccc3,SHIE5NJ6G6QXY5HE,Swayambhu Showpiece  -  30.5 cm,http://www.flipkart.com/swayambhu-showpiece-30-5-cm/p/itme5nj6bfvyedzn?pid=SHIE5NJ6G6QXY5HE,2016-01-04 03:25:23+00:00,Home Decor & Festive Needs,Swayambhu,4050.0,3000.0,,True,True,25.925925925925927,927,426.5,1250.0,0.0,2485.25,2.125075895567699,High
b2beb0274846108f4902bea9edd41ddf,SHIE57YGYNAARZZT,Aamore Decor Tribal Man Showpiece  -  25 cm,http://www.flipkart.com/aamore-decor-tribal-man-showpiece-25-cm/p/itme57ygazuqmgcz?pid=SHIE57YGYNAARZZT,2016-01-04 03:25:23+00:00,Home Decor & Festive Needs,Aamore Decor,4999.0,2999.0,,True,True,40.008001600320064,927,426.5,1250.0,0.0,2485.25,2.1238615664845173,High
0e1b4f2ef8203bdc60df67b8ce5a48c4,SAREGSFVV6AHVUYY,Vipul Saree Printed Bhagalpuri Raw Silk Sari,http://www.flipkart.com/vipul-saree-printed-bhagalpuri-raw-silk-sari/p/itmegsfv7any2gnf?pid=SAREGSFVV6AHVUYY,2016-03-16 23:37:14+00:00,Clothing,Vipul Saree,2500.0,1700.0,,True,True,32.0,6171,374.0,799.0,0.0,1436.5,2.12,High
62b45f867f81a7c6127f5310b80bba36,TOPE8TQDQDHZZY9S,R Factor Casual Sleeveless Geometric Print Women's Top,http://www.flipkart.com/r-factor-casual-sleeveless-geometric-print-women-s-top/p/itme8tqdqmg23shh?pid=TOPE8TQDQDHZZY9S,2016-01-06 18:20:45+00:00,Clothing,Unknown,2000.0,1700.0,,True,True,15.0,6171,374.0,799.0,0.0,1436.5,2.12,High
7224debf70d1ba71c6698fe8147c7486,SAREGSFVZVTKHYS5,Vipul Saree Printed Bhagalpuri Raw Silk Sari,http://www.flipkart.com/vipul-saree-printed-bhagalpuri-raw-silk-sari/p/itmegsfvm4sxkrsy?pid=SAREGSFVZVTKHYS5,2016-03-16 23:37:14+00:00,Clothing,Vipul Saree,2500.0,1700.0,,True,True,32.0,6171,374.0,799.0,0.0,1436.5,2.12,High
bb968801d62add091536d412b2c56b8b,SHODUMFYWTPDYNX6,Salt N Pepper 13-455 Pisa Black Boots,http://www.flipkart.com/salt-n-pepper-13-455-pisa-black-boots/p/itmdumfym7xj2ynx?pid=SHODUMFYWTPDYNX6,2015-12-04 07:25:36+00:00,Footwear,Unknown,4995.0,3746.0,,True,True,25.005005005005007,1225,499.0,1540.0,0.0,3101.5,2.1191162343900096,High
04cfe5a3fa0388622b290bf3d94dd4b4,BRFEJY4FTPFBRD6X,Calvin Klein Men's Brief,http://www.flipkart.com/calvin-klein-men-s-brief/p/itmejy4ffynqvnkh?pid=BRFEJY4FTPFBRD6X,2016-05-27 13:32:50+00:00,Clothing,Calvin Klein,1699.0,1699.0,,True,True,0.0,6171,374.0,799.0,0.0,1436.5,2.1176470588235294,High
05067361710c4fc12f691bba0759edb7,TSHDZ5ZJHZK3GFVR,Numero Uno Striped Men's V-neck T-Shirt,http://www.flipkart.com/numero-uno-striped-men-s-v-neck-t-shirt/p/itmdzmah9g9xvhpr?pid=TSHDZ5ZJHZK3GFVR,2015-12-13 00:29:55+00:00,Clothing,Unknown,1699.0,1699.0,,True,True,0.0,6171,374.0,799.0,0.0,1436.5,2.1176470588235294,High
0b6cc00d548fd481eb7793c90fd955ce,KTAEGZBEGW2ZFHNB,Embellish outfits Embroidered Women's Straight Kurta,http://www.flipkart.com/embellish-outfits-embroidered-women-s-straight-kurta/p/itmegzbeyyvgftjd?pid=KTAEGZBEGW2ZFHNB,2016-03-21 02:58:41+00:00,Clothing,Embellish outfits,1999.0,1699.0,,True,True,15.007503751875937,6171,374.0,799.0,0.0,1436.5,2.1176470588235294,High
6694268a1f28f1e37d525ecacbb4f505,SWIEFMC2NQMVRXRG,Speedo Endurance10+Raceback Solid Women's,http://www.flipkart.com/speedo-endurance10-raceback-solid-women-s/p/itmefmcyznmbhuzm?pid=SWIEFMC2NQMVRXRG,2016-03-23 04:17:35+00:00,Clothing,Speedo,1699.0,1699.0,,True,True,0.0,6171,374.0,799.0,0.0,1436.5,2.1176470588235294,High
6b965994ccd205805a8e229d3368a800,TSHDZ5ZJZGF75KGA,Numero Uno Solid Men's V-neck T-Shirt,http://www.flipkart.com/numero-uno-solid-men-s-v-neck-t-shirt/p/itmdz5p2jzfqfjvn?pid=TSHDZ5ZJZGF75KGA,2015-12-13 00:29:55+00:00,Clothing,Unknown,1699.0,1699.0,4.7,True,True,0.0,6171,374.0,799.0,0.0,1436.5,2.1176470588235294,High
9f413f972c159eb61a5b32c7fe11db80,TOPECENJ85HRQQHA,Dewberries Formal Short Sleeve Self Design Women's Top,http://www.flipkart.com/dewberries-formal-short-sleeve-self-design-women-s-top/p/itmeccnuu5vbsqaj?pid=TOPECENJ85HRQQHA,2016-01-07 00:54:41+00:00,Clothing,Unknown,1699.0,1699.0,5.0,True,True,0.0,6171,374.0,799.0,0.0,1436.5,2.1176470588235294,High
a60ebb7803c6a31795de3f8949cb6f98,CRGE6A53UX7CJMXX,Madcaps C38GR30 Men's Cargos,http://www.flipkart.com/madcaps-c38gr30-men-s-cargos/p/itme6a53bczcafya?pid=CRGE6A53UX7CJMXX,2016-01-03 20:56:50+00:00,Clothing,Unknown,2199.0,1699.0,,True,True,22.737608003638016,6171,374.0,799.0,0.0,1436.5,2.1176470588235294,High
a739a9aafd00acafd7b6b9bb781e90ea,FABEGBT4TYKNDRXP,Awesome Fab Georgette Embroidered Semi-stitched Salwar Suit Dupatta Material,http://www.flipkart.com/awesome-fab-georgette-embroidered-semi-stitched-salwar-suit-dupatta-material/p/itmegbt45hhbgqdy?pid=FABEGBT4TYKNDRXP,2016-03-02 19:09:22+00:00,Clothing,Awesome Fab,3999.0,1699.0,,True,True,57.51437859464866,6171,374.0,799.0,0.0,1436.5,2.1176470588235294,High
eeaf31a7cc8eee84dcd01733e79df22a,TROEGWHHYSE4SRBU,W Regular Fit Women's Trousers,http://www.flipkart.com/w-regular-fit-women-s-trousers/p/itmegwhh7cjczhgs?pid=TROEGWHHYSE4SRBU,2016-03-18 08:01:41+00:00,Clothing,W,1699.0,1699.0,,True,True,0.0,6171,374.0,799.0,0.0,1436.5,2.1176470588235294,High
f4aba5b829873b61e09971608b89a5ba,SARE8AHW2KFFNS2Q,Stylowoman Woven Kanjivaram Handloom Tussar Silk Sari,http://www.flipkart.com/stylowoman-woven-kanjivaram-handloom-tussar-silk-sari/p/itme8ahwtub9khep?pid=SARE8AHW2KFFNS2Q,2015-12-12 11:46:53+00:00,Clothing,Unknown,3500.0,1699.0,,True,True,51.457142857142856,6171,374.0,799.0,0.0,1436.5,2.1176470588235294,High
f6e99270b2ad79aa1acd14c43371fe8b,TSHDZ5ZJ5NNVQHT9,Numero Uno Solid Men's V-neck T-Shirt,http://www.flipkart.com/numero-uno-solid-men-s-v-neck-t-shirt/p/itmdz5p2dknch2zd?pid=TSHDZ5ZJ5NNVQHT9,2015-12-13 00:29:55+00:00,Clothing,Unknown,1699.0,1699.0,,True,True,0.0,6171,374.0,799.0,0.0,1436.5,2.1176470588235294,High
39c83fc8c471740633ec664435df9ca2,SHTEBZU8F54TH9VD,Pecanz Men's Striped Casual Denim Shirt,http://www.flipkart.com/pecanz-men-s-striped-casual-denim-shirt/p/itmebzu83qpzyehk?pid=SHTEBZU8F54TH9VD,2015-12-12 11:46:53+00:00,Clothing,Slim,1795.0,1695.0,,True,True,5.571030640668524,6171,374.0,799.0,0.0,1436.5,2.108235294117647,High
806c07ffa5877ff3f30380cb64c92a74,TOPECV69HWZGWRAW,Vero Moda Casual Full Sleeve Printed Women's Top,http://www.flipkart.com/vero-moda-casual-full-sleeve-printed-women-s-top/p/itmecv6974uczayf?pid=TOPECV69HWZGWRAW,2016-01-07 00:54:41+00:00,Clothing,Unknown,1695.0,1695.0,,True,True,0.0,6171,374.0,799.0,0.0,1436.5,2.108235294117647,High
97bc870fa6219f4a5b20e67fa7fdaa45,SWTDSG8ZXFMKUF9U,ALX New York Striped Turtle Neck Casual Men's Sweater,http://www.flipkart.com/alx-new-york-striped-turtle-neck-casual-men-s-sweater/p/itmdsg9yrumnzant?pid=SWTDSG8ZXFMKUF9U,2015-12-20 08:26:17+00:00,Clothing,Unknown,1695.0,1695.0,,True,True,0.0,6171,374.0,799.0,0.0,1436.5,2.108235294117647,High
b4d221a87a7d885d06e7c833f25be2ea,ETHEGF9FCGSZTGUN,Atithee Women's Top and Skirt Set,http://www.flipkart.com/atithee-women-s-top-skirt-set/p/itmegf9f2xkym9ru?pid=ETHEGF9FCGSZTGUN,2016-03-03 06:06:42+00:00,Clothing,Atithee,2495.0,1695.0,,True,True,32.06412825651302,6171,374.0,799.0,0.0,1436.5,2.108235294117647,High
ab9d8c8189980dc5b33552a3ffce8107,RTRD6FYYWFHEYJYE,Netgear N300 Wireless ADSL2+ Modem Router Mobile Broadband Edition (DGN2200M),http://www.flipkart.com/netgear-n300-wireless-adsl2-modem-router-mobile-broadband-dgn2200m/p/itmd6ffbdr5ugd8z?pid=RTRD6FYYWFHEYJYE,2015-12-01 06:13:00+00:00,Computers,Netgear,6400.0,5450.0,4.0,True,True,14.84375,573,350.0,1995.0,0.0,4462.5,2.1003039513677813,High
ef423d675359168ffb07d0bb61d905f0,TOPEGHZ7ARZWUVFS,"THELABELLIFE.com Casual Full Sleeve Solid Women's Grey, Black Top",http://www.flipkart.com/thelabellife-com-casual-full-sleeve-solid-women-s-grey-black-top/p/itmeghz7vtvjuh3y?pid=TOPEGHZ7ARZWUVFS,2016-05-12 14:18:51+00:00,Clothing,THELABELLIFE.com,1690.0,1690.0,,True,True,0.0,6171,374.0,799.0,0.0,1436.5,2.0964705882352943,High
28a29c4d8ec250920e3faf8f95ae9f2b,DREECUDTWZ3HEYJC,Petals Girl's Gathered Dress,http://www.flipkart.com/petals-girl-s-gathered-dress/p/itmecsv9tepheefh?pid=DREECUDTWZ3HEYJC,2016-01-06 18:20:45+00:00,Clothing,Unknown,1685.0,1685.0,,True,True,0.0,6171,374.0,799.0,0.0,1436.5,2.084705882352941,High
24986b29effd1142fff8dc64e328d925,JEAEH2G7HJ2FZEQE,Wilkins & Tuscany Regular Fit Boy's Jeans,http://www.flipkart.com/wilkins-tuscany-regular-fit-boy-s-jeans/p/itmeh2g7j55jgfrq?pid=JEAEH2G7HJ2FZEQE,2016-04-02 19:26:28+00:00,Clothing,Wilkins & Tuscany,2590.0,1684.0,,True,True,34.98069498069498,6171,374.0,799.0,0.0,1436.5,2.0823529411764707,High
3462c26398d69efac0161411223d9f5d,SWTEFRQ6QE8A4AEA,Monte Carlo Solid Round Neck Casual Women's Sweater,http://www.flipkart.com/monte-carlo-solid-round-neck-casual-women-s-sweater/p/itmefrq64hep4nyp?pid=SWTEFRQ6QE8A4AEA,2016-03-16 23:37:14+00:00,Clothing,Monte Carlo,1680.0,1680.0,,True,True,0.0,6171,374.0,799.0,0.0,1436.5,2.072941176470588,High
8098fe16db2b774bd62ffb4d69bebf14,SHTEDDZNRHK7753J,Invictus Men's Solid Formal Shirt,http://www.flipkart.com/invictus-men-s-solid-formal-shirt/p/itmeddznvv4zuekr?pid=SHTEDDZNRHK7753J,2015-12-06 03:01:47+00:00,Clothing,Slim,2099.0,1679.0,,True,True,20.009528346831825,6171,374.0,799.0,0.0,1436.5,2.070588235294118,High
be3a1edb25c743f03251675adad84d2c,TOPECQHYWSVQME9S,Van Heusen Casual Short Sleeve Embellished Women's Top,http://www.flipkart.com/van-heusen-casual-short-sleeve-embellished-women-s-top/p/itmecqhyyzaevsfp?pid=TOPECQHYWSVQME9S,2016-01-07 00:54:41+00:00,Clothing,Unknown,2795.0,1677.0,,True,True,40.0,6171,374.0,799.0,0.0,1436.5,2.0658823529411765,High
28999974a509c580684674e960bc6054,DTHEHTAZPGKDZXWH,TERATONIC DT8220 INFRARED Thermometer,http://www.flipkart.com/teratonic-dt8220-infrared-thermometer/p/itmehtazjyk2fyyh?pid=DTHEHTAZPGKDZXWH,2016-04-19 09:52:52+00:00,Beauty and Personal Care,TERATONIC,1100.0,850.0,,True,True,22.727272727272727,709,299.0,479.0,29.0,749.0,2.061111111111111,High
5092e8cd133bd35663545eb6d60f7da3,BLAEAWAB7GWRVHUG,Raymond Abstract Single Blanket Red,http://www.flipkart.com/raymond-abstract-single-blanket-red/p/itmeawabytzhchub?pid=BLAEAWAB7GWRVHUG,2015-12-12 11:46:53+00:00,Home Furnishing,Raymond,2999.0,2999.0,,True,True,0.0,700,523.0,1332.0,0.0,2545.5,2.060568603213844,High
d9c53d2f338e635471e8e0e42d066a10,BLAE3WR6FA7FPRKQ,Textile India Floral Single Quilts & Comforters Brown,http://www.flipkart.com/textile-india-floral-single-quilts-comforters-brown/p/itme3wr6khgmqggt?pid=BLAE3WR6FA7FPRKQ,2015-12-20 08:26:17+00:00,Home Furnishing,Textile India,5499.0,2999.0,,True,True,45.46281142025823,700,523.0,1332.0,0.0,2545.5,2.060568603213844,High
e9ec53bb2780cfef8c5dc4ef526bd7b3,BLAE3WR6AGC8ZW48,Textile India Floral Single Quilts & Comforters Brown,http://www.flipkart.com/textile-india-floral-single-quilts-comforters-brown/p/itme3wr6a4emzpc2?pid=BLAE3WR6AGC8ZW48,2015-12-20 08:26:17+00:00,Home Furnishing,Textile India,4999.0,2999.0,,True,True,40.008001600320064,700,523.0,1332.0,0.0,2545.5,2.060568603213844,High
938c3ef51f08586fb51715d750ef516d,VANE3YXDHDRWR9FU,Little India Metal Colorful Meenakari Work Box -174 Jewellery Vanity Case,http://www.flipkart.com/little-india-metal-colorful-meenakari-work-box-174-jewellery-vanity-case/p/itme3yxdfjhfckds?pid=VANE3YXDHDRWR9FU,2016-01-04 00:20:04+00:00,Beauty and Personal Care,Unknown,1699.0,849.0,,True,True,50.02942907592701,709,299.0,479.0,29.0,749.0,2.0555555555555554,High
e1b0b34634a9caaba8e1858554e4fe81,BCHEHYUHYR9HASY5,Anuradha Art Chabi Challa Brooch,http://www.flipkart.com/anuradha-art-chabi-challa-brooch/p/itmehyuhcmmwhyf4?pid=BCHEHYUHYR9HASY5,2016-04-23 02:17:20+00:00,Jewellery,Anuradha Art,4800.0,2650.0,,True,True,44.791666666666664,3522,310.0,1076.75,0.0,2226.875,2.0518421910661884,High
f1bb266bc3d006092d22551e98390dfd,BBAEC8AX9GXTD5TN,The Fine World Metal Zircon Yellow Gold Bracelet,http://www.flipkart.com/fine-world-metal-zircon-yellow-gold-bracelet/p/itmec8axadskhkkq?pid=BBAEC8AX9GXTD5TN,2015-12-20 08:26:17+00:00,Jewellery,The Fine World,3289.0,2649.0,,True,True,19.458802067497718,3522,310.0,1076.75,0.0,2226.875,2.0505379850016303,High
715aee8e4a0dea86609d6396900ec58f,RTRDQ9YMUHW7PYYE,Linksys RE2000 Wireless Range Extender N300 Dual Band,http://www.flipkart.com/linksys-re2000-wireless-range-extender-n300-dual-band/p/itmdq9yzvbzybeh3?pid=RTRDQ9YMUHW7PYYE,2015-12-01 06:13:00+00:00,Computers,Linksys,7999.0,5350.0,5.0,True,True,33.116639579947496,573,350.0,1995.0,0.0,4462.5,2.0395136778115504,High
08679c172314edce12688e2ece5109e1,SPBDHUGSZWYGTS57,Outgear Domain,http://www.flipkart.com/outgear-domain/p/itmdt69vqbsayhek?pid=SPBDHUGSZWYGTS57,2016-02-28 10:36:58+00:00,Sports & Fitness,Outgear,3360.0,3360.0,3.0,True,True,0.0,166,417.5,1386.75,0.0,2840.625,2.035852463244777,High
b92dedcdcec57fe018148b9b2db237f7,SOFEDVYZ7SAGYGHC,ARRA Solid Wood 7 Seater Sofa,http://www.flipkart.com/arra-solid-wood-7-seater-sofa/p/itmedvyztyhcpvry?pid=SOFEDVYZ7SAGYGHC,2015-12-31 09:19:31+00:00,Furniture,ARRA,65900.0,65900.0,,True,True,0.0,180,1299.0,22646.0,0.0,54666.5,2.0262331943598633,High
aea43a57a01245a5876d93ff4938c301,BLAE9CSUKAUQDMPZ,Raymond Abstract Single Blanket Red,http://www.flipkart.com/raymond-abstract-single-blanket-red/p/itme9csusvgjq4fm?pid=BLAE9CSUKAUQDMPZ,2015-12-12 11:46:53+00:00,Home Furnishing,Raymond,3299.0,2969.0,,True,True,10.003031221582297,700,523.0,1332.0,0.0,2545.5,2.0234857849196537,High
31fc9ff617590c54070cb92c898909a5,BBAEGFFGE9YP5PFZ,Dilan Jewels Alloy Zircon 18K Yellow Gold Bangle,http://www.flipkart.com/dilan-jewels-alloy-zircon-18k-yellow-gold-bangle/p/itmegffghzzadefp?pid=BBAEGFFGE9YP5PFZ,2016-05-10 11:57:25+00:00,Jewellery,Dilan Jewels,2920.0,2628.0,,True,True,10.0,3522,310.0,1076.75,0.0,2226.875,2.023149657645908,High
a635e84fe55be5e5f8314147652e93e3,EROEGXBKHBW3XHC8,Babytintin Car,http://www.flipkart.com/babytintin-car/p/itmegxbkrnp2hjns?pid=EROEGXBKHBW3XHC8,2016-06-09 00:13:42+00:00,Toys & School Supplies,Babytintin,2999.0,1299.0,,True,True,56.68556185395132,329,179.0,550.0,0.0,1106.5,2.018867924528302,High
f81d1277350a21029ab48c4b1594aab3,RTRDHCXZPWGDJRVH,TP-LINK TL-WDR4300 N750 Wireless Dual Band Gigabit Router,http://www.flipkart.com/tp-link-tl-wdr4300-n750-wireless-dual-band-gigabit-router/p/itmdhcxzbhyszzhz?pid=RTRDHCXZPWGDJRVH,2015-12-01 06:13:00+00:00,Computers,TP-LINK,9999.0,5300.0,3.5,True,True,46.994699469946994,573,350.0,1995.0,0.0,4462.5,2.0091185410334345,High
b9a100a7043a235341d257a543400b8d,ECMD9YGUDNHZCHZ5,H2O Plus Eye Oasis Moisture Replenishment Treatment,http://www.flipkart.com/h2o-plus-eye-oasis-moisture-replenishment-treatment/p/itmd9ankuafpjxme?pid=ECMD9YGUDNHZCHZ5,2015-12-12 11:46:53+00:00,Beauty and Personal Care,Unknown,1400.0,840.0,4.0,True,True,40.0,709,299.0,479.0,29.0,749.0,2.0055555555555555,High
61388c9ac8bc1d7322257068b4aa3480,PTPDVPEXAA854NEY,Alda Wok Glass Lid Kadhai,http://www.flipkart.com/alda-wok-glass-lid-kadhai/p/itmdvrh4fz9fcfex?pid=PTPDVPEXAA854NEY,2015-12-01 12:40:44+00:00,Kitchen & Dining,Alda,1790.0,1350.0,5.0,True,True,24.58100558659218,645,199.0,582.0,0.0,1156.5,2.0052219321148823,High
7621373ee34f011d6c28e5924ee1e89b,PCSE6X3YEKWRUXKM,Easy Gardening Home Plant Container Set,http://www.flipkart.com/easy-gardening-home-plant-container-set/p/itme6x3yyej2jbgz?pid=PCSE6X3YEKWRUXKM,2016-01-07 05:50:25+00:00,Tools & Hardware,Easy Gardening,3000.0,2250.0,,True,True,25.0,387,375.0,999.0,0.0,1935.0,2.0048076923076925,High
edec3bb5df9c4bc618752e94532bb36e,SNKEBPVFVGG8A5UR,The Art Treasure Decorative Shankh,http://www.flipkart.com/art-treasure-decorative-shankh/p/itmebpvfugsze2as?pid=SNKEBPVFVGG8A5UR,2016-01-01 13:15:34+00:00,Home Decor & Festive Needs,The Art Treasure,3800.0,2900.0,,True,True,23.68421052631579,927,426.5,1250.0,0.0,2485.25,2.0036429872495445,High
6dd6559c189df1299495e5ac605c08b6,SWSEA8FHKGKZ8YFT,Absurd Full Sleeve Solid Men's Reversible Sweatshirt,http://www.flipkart.com/absurd-full-sleeve-solid-men-s-reversible-sweatshirt/p/itmea8fhetsrv6kv?pid=SWSEA8FHKGKZ8YFT,2016-01-06 18:20:45+00:00,Clothing,Unknown,1799.0,1650.0,,True,True,8.282379099499723,6171,374.0,799.0,0.0,1436.5,2.0023529411764707,High
59e474fc43da1e127528405c255e6375,CRGE52BXYBTWJDMV,King & I 15CAR705 Men's Cargos,http://www.flipkart.com/king-15car705-men-s-cargos/p/itme52bxrsxwdraj?pid=CRGE52BXYBTWJDMV,2016-01-03 21:24:59+00:00,Clothing,Unknown,2199.0,1649.0,,True,True,25.01136880400182,6171,374.0,799.0,0.0,1436.5,2.0,High
800a518664899619207cce01de9b69de,ETHECTUGNUQNGTWK,Lil'Posh Baby Girl's Kurta and Churidar Set,http://www.flipkart.com/lil-posh-baby-girl-s-kurta-churidar-set/p/itmectugrayhhp8x?pid=ETHECTUGNUQNGTWK,2015-12-31 09:19:31+00:00,Baby Care,Unknown,1999.0,1999.0,,True,True,0.0,481,499.0,999.0,0.0,1749.0,2.0,High
c8de76912ac4723b40f4ba4c7a4aa220,IFPE7828KFDGJKTZ,Intex Baby Bed Inflatable Interactive,http://www.flipkart.com/intex-baby-bed-inflatable-interactive/p/itme77rug6ghfd7v?pid=IFPE7828KFDGJKTZ,2015-12-20 08:26:17+00:00,Baby Care,Intex,3999.0,1998.0,,True,True,50.037509377344335,481,499.0,999.0,0.0,1749.0,1.998,High
921a5bd332b8520118aae5522c16936b,DRPEHGFG2FPKZEBB,Lilliput Girl's Blue Dungaree,http://www.flipkart.com/lilliput-girl-s-blue-dungaree/p/itmehgfg4hhkbtpc?pid=DRPEHGFG2FPKZEBB,2016-05-10 11:57:25+00:00,Clothing,Lilliput,2195.0,1646.0,,True,True,25.01138952164009,6171,374.0,799.0,0.0,1436.5,1.9929411764705882,High
f3f433714d8c535d28d0663c021e3769,RTRDWBPC23ZAYMSE,Zyxel NWA1100N 802.11 b/g/n PoE Access Point,http://www.flipkart.com/zyxel-nwa1100n-802-11-b-g-n-poe-access-point/p/itmdwbpcaffrp3jg?pid=RTRDWBPC23ZAYMSE,2015-12-01 06:13:00+00:00,Computers,Zyxel,13617.0,5250.0,,True,True,61.44525225820665,573,350.0,1995.0,0.0,4462.5,1.9787234042553192,High
54754ccd18f2a75c53de68806176392a,RTRECZANMW6UAQ5A,Netis WF-2301,http://www.flipkart.com/netis-wf-2301/p/itmeczandwzwyakb?pid=RTRECZANMW6UAQ5A,2015-12-01 06:13:00+00:00,Computers,Netis,5249.0,5249.0,,True,True,0.0,573,350.0,1995.0,0.0,4462.5,1.978115501519757,High
0dbdae68e92e74fd83bf5f3ad5f247c6,SHOEBYWT3QBBAVXJ,Magnum Footwear Lifestyle Boots,http://www.flipkart.com/magnum-footwear-lifestyle-boots/p/itmebywtygxvcugx?pid=SHOEBYWT3QBBAVXJ,2015-12-04 07:25:36+00:00,Footwear,Unknown,5999.0,3599.0,,True,True,40.006667777962996,1225,499.0,1540.0,0.0,3101.5,1.9779058597502401,High
073dbba7be299e1aa78efb5bf4b83636,BALEYMGAEZYXDPCH,"Kipsta B500 S6 Basketball -   Size: 6,  Diameter: 25 cm",http://www.flipkart.com/kipsta-b500-s6-basketball-size-6-diameter-25-cm/p/itmeymgaqkfyhrnh?pid=BALEYMGAEZYXDPCH,2015-12-29 05:07:38+00:00,Sports & Fitness,Unknown,3299.0,3299.0,,True,True,0.0,166,417.5,1386.75,0.0,2840.625,1.9729172040237297,High
3982f088b3a0b5cf9a4dc9354f2fcc47,PTPDVPEXYZGYEEFG,Pigeon Gravy Premium with Lid Kadhai 6 L,http://www.flipkart.com/pigeon-gravy-premium-lid-kadhai-6-l/p/itmdvrh5uhzghtbt?pid=PTPDVPEXYZGYEEFG,2015-12-01 12:40:44+00:00,Kitchen & Dining,Pigeon,1333.0,1333.0,4.4,True,True,0.0,645,199.0,582.0,0.0,1156.5,1.9608355091383811,High
1d17a13801b8aa2a6662e6a6cf4aaa07,SHIE3QDHP5RDGMZY,Exotic India Lord Ganesha Playing Flute (Carved in Sunstone) Showpiece  -  6.8580000000000005 cm,http://www.flipkart.com/exotic-india-lord-ganesha-playing-flute-carved-sunstone-showpiece-6-8580000000000005-cm/p/itme3qdhrw93pnzj?pid=SHIE3QDHP5RDGMZY,2016-01-03 09:39:44+00:00,Home Decor & Festive Needs,Exotic India,3250.0,2860.0,,True,True,12.0,927,426.5,1250.0,0.0,2485.25,1.955069823922283,High
badd5ef684d471d7851b6b6f28a2a998,BBADSEZDGCM5DQMX,925 Silver Silver Bracelet,http://www.flipkart.com/925-silver-bracelet/p/itmdsezd4437cavf?pid=BBADSEZDGCM5DQMX,2015-12-20 08:26:17+00:00,Jewellery,925 Silver,3264.0,2571.0,,True,True,21.231617647058822,3522,310.0,1076.75,0.0,2226.875,1.9488099119660907,High
c75d6d827876b0d0127acb59e5a251ee,RTRE3KKX5RWCKMHH,TRENDnet TEW-752DRU,http://www.flipkart.com/trendnet-tew-752dru/p/itme3kkxhagvzjtw?pid=RTRE3KKX5RWCKMHH,2015-12-01 06:13:00+00:00,Computers,TRENDnet,8999.0,5199.0,5.0,True,True,42.22691410156684,573,350.0,1995.0,0.0,4462.5,1.9477203647416412,High
27272952552e3a55f1dbdfa911d20379,KRTEDSBPDBUPX5GH,"Red Apple Casual, Party, Festive Printed Women's Kurti",http://www.flipkart.com/red-apple-casual-party-festive-printed-women-s-kurti/p/itmedsbpchj9qxgy?pid=KRTEDSBPDBUPX5GH,2015-12-30 00:17:46+00:00,Clothing,Unknown,3199.0,1625.0,,True,True,49.20287589871835,6171,374.0,799.0,0.0,1436.5,1.943529411764706,High
9f3d1b27f9aae34d23ba32477bcc8e15,SHIEBWNUURZ8BWDZ,FOCI Dancing Couple Showpiece  -  10 cm,http://www.flipkart.com/foci-dancing-couple-showpiece-10-cm/p/itmebwnuhgmqwjeb?pid=SHIEBWNUURZ8BWDZ,2016-01-04 00:20:04+00:00,Home Decor & Festive Needs,FOCI,3200.0,2850.0,,True,True,10.9375,927,426.5,1250.0,0.0,2485.25,1.9429265330904675,High
8569c0c74898e697a36a5d9281bb164b,SHIE9FMPNEERARRX,Lal Haveli Decorative Rajasthani Traditional Handmade 3pcs Camel Showpiece  -  20 cm,http://www.flipkart.com/lal-haveli-decorative-rajasthani-traditional-handmade-3pcs-camel-showpiece-20-cm/p/itme9fmpx9r7rsux?pid=SHIE9FMPNEERARRX,2015-12-01 12:40:44+00:00,Home Decor & Festive Needs,Lal Haveli,3800.0,2849.0,,True,True,25.026315789473685,927,426.5,1250.0,0.0,2485.25,1.941712204007286,High
2f449517d20a0edc06d6bf4a46ffd7b4,SWTECZMBGZPVRTQS,United Colors of Benetton Striped Round Neck Casual Women's Sweater,http://www.flipkart.com/united-colors-benetton-striped-round-neck-casual-women-s-sweater/p/itmeczmbrz7m5bx3?pid=SWTECZMBGZPVRTQS,2016-01-06 18:20:45+00:00,Clothing,Unknown,2499.0,1624.0,,True,True,35.0140056022409,6171,374.0,799.0,0.0,1436.5,1.9411764705882353,High
8867c25a6afae65f686cc95a113a5717,SWTECXPHFVTHWJF7,United Colors of Benetton Solid Round Neck Casual Women's Sweater,http://www.flipkart.com/united-colors-benetton-solid-round-neck-casual-women-s-sweater/p/itmecxphwj6wzy5m?pid=SWTECXPHFVTHWJF7,2016-01-06 18:20:45+00:00,Clothing,Unknown,2499.0,1624.0,,True,True,35.0140056022409,6171,374.0,799.0,0.0,1436.5,1.9411764705882353,High
b4434d35aed162b9eac3d30b24edcc93,SWTECW2SGCQGRE5B,United Colors of Benetton Solid Round Neck Casual Women's Sweater,http://www.flipkart.com/united-colors-benetton-solid-round-neck-casual-women-s-sweater/p/itmecw2spckmzdwd?pid=SWTECW2SGCQGRE5B,2016-01-06 18:20:45+00:00,Clothing,Unknown,2499.0,1624.0,,True,True,35.0140056022409,6171,374.0,799.0,0.0,1436.5,1.9411764705882353,High
1e7a8bb44a62f28c0c8bc4d0e1e6e523,BLAE5Q8ECEPHF2U2,Jodhaa Floral Double Quilts & Comforters Brown,http://www.flipkart.com/jodhaa-floral-double-quilts-comforters-brown/p/itme5q8euh87hup9?pid=BLAE5Q8ECEPHF2U2,2015-12-20 08:26:17+00:00,Home Furnishing,Jodhaa,4499.0,2899.0,,True,True,35.56345854634363,700,523.0,1332.0,0.0,2545.5,1.9369592088998764,High
36b84f61c91a47822d6863963aad5812,JEAE6YUTDBH6DCPK,Lee Men's Jeans,http://www.flipkart.com/lee-men-s-jeans/p/itme6yutxhvz7wcv?pid=JEAE6YUTDBH6DCPK,2015-12-04 07:25:36+00:00,Clothing,Unknown,2699.0,1619.0,,True,True,40.01482030381623,6171,374.0,799.0,0.0,1436.5,1.9294117647058824,High
6aa15f0a8d0321d2c55740bc6b5459a6,JCKE2AF4YCJ5WTCZ,Mustard Full Sleeve Printed Women's Quilted Jacket,http://www.flipkart.com/mustard-full-sleeve-printed-women-s-quilted-jacket/p/itme2af4pgcswgbh?pid=JCKE2AF4YCJ5WTCZ,2016-01-04 03:25:23+00:00,Clothing,Unknown,2699.0,1619.0,,True,True,40.01482030381623,6171,374.0,799.0,0.0,1436.5,1.9294117647058824,High
8af9454fca67ea03d5641f42a45bf32c,DREE8MF7XE97CPW7,Herberto Girl's A-line Dress,http://www.flipkart.com/herberto-girl-s-a-line-dress/p/itme8mf7ndeyns6q?pid=DREE8MF7XE97CPW7,2016-01-06 18:20:45+00:00,Clothing,Unknown,2999.0,1619.0,,True,True,46.01533844614872,6171,374.0,799.0,0.0,1436.5,1.9294117647058824,High
d132fc7737c75738ce17b6c057dec337,SWTEB56UQVFXPCGT,Status Quo Solid Round Neck Casual Men's Sweater,http://www.flipkart.com/status-quo-solid-round-neck-casual-men-s-sweater/p/itmeb56utvw9ksjf?pid=SWTEB56UQVFXPCGT,2015-12-20 08:26:17+00:00,Clothing,Unknown,1799.0,1619.0,,True,True,10.00555864369094,6171,374.0,799.0,0.0,1436.5,1.9294117647058824,High
d9135f375717f6964ff0e43f94318dc4,SWTEB56UNGUSYZH2,Status Quo Solid Round Neck Casual Men's Sweater,http://www.flipkart.com/status-quo-solid-round-neck-casual-men-s-sweater/p/itmeb56ugj37hwp3?pid=SWTEB56UNGUSYZH2,2015-12-20 08:26:17+00:00,Clothing,Unknown,1799.0,1619.0,,True,True,10.00555864369094,6171,374.0,799.0,0.0,1436.5,1.9294117647058824,High
0e96c0f84034f302baca81a2dce7cf6a,SHTE4TFYUKGMZFKU,Thangamagan Boy's Solid Festive Shirt,http://www.flipkart.com/thangamagan-boy-s-solid-festive-shirt/p/itme4tfyft84rdre?pid=SHTE4TFYUKGMZFKU,2015-12-29 05:07:38+00:00,Clothing,Gold,2020.0,1616.0,,True,True,20.0,6171,374.0,799.0,0.0,1436.5,1.9223529411764706,High
25bd9cc91eac55854d9a0f492191be30,SHTE43Q9CZDQTNMP,"Thangamagan Boy's Solid Festive, Wedding Shirt",http://www.flipkart.com/thangamagan-boy-s-solid-festive-wedding-shirt/p/itme3wybgd5msnp9?pid=SHTE43Q9CZDQTNMP,2015-12-29 05:07:38+00:00,Clothing,Regular,2020.0,1616.0,,True,True,20.0,6171,374.0,799.0,0.0,1436.5,1.9223529411764706,High
5e739d6cb5577ab9325039f87705b466,BRAEHD9FNNJHVHQG,Triumph Women's T-Shirt Bra,http://www.flipkart.com/triumph-women-s-t-shirt-bra/p/itmehd9fwezd6unf?pid=BRAEHD9FNNJHVHQG,2016-04-02 19:26:28+00:00,Clothing,Triumph,1649.0,1616.0,,True,True,2.0012128562765312,6171,374.0,799.0,0.0,1436.5,1.9223529411764706,High
db37048614e69cd20bce46f765f43f48,SHTEGEFYGYU3AZAK,cherry crumble california Baby Boy's Checkered Casual Shirt,http://www.flipkart.com/cherry-crumble-california-baby-boy-s-checkered-casual-shirt/p/itmegefy687agybw?pid=SHTEGEFYGYU3AZAK,2016-04-02 19:26:28+00:00,Baby Care,cherry crumble california,2799.0,1959.0,,True,True,30.010718113612004,481,499.0,999.0,0.0,1749.0,1.92,High
67f4e285d5ad55e418a926063cfa5fc6,ACCEEV5VN3XFH8CH,Dynex Digital Full Size Headphone Dx-Hp550 Headphones,http://www.flipkart.com/dynex-digital-full-size-headphone-dx-hp550-headphones/p/itmeev5vdcgty52e?pid=ACCEEV5VN3XFH8CH,2016-03-11 11:26:55+00:00,Mobiles & Accessories,Dynex,3512.0,3512.0,,True,True,0.0,1097,449.0,1499.0,0.0,3074.0,1.917142857142857,High
727e7fbc1a107334d3175c0edb7062c6,PLWE6S4AVYSK8KHT,JDX Plain Bed/Sleeping Pillow,http://www.flipkart.com/jdx-plain-bed-sleeping-pillow/p/itme6s4apba92nfa?pid=PLWE6S4AVYSK8KHT,2016-01-06 18:20:45+00:00,Home Furnishing,JDX,5899.0,2880.0,,True,True,51.178165790812,700,523.0,1332.0,0.0,2545.5,1.9134734239802225,High
9ab4a4be795873a249929d00fe26a157,PLWE6S4AWUC7YVED,JDX Plain Bed/Sleeping Pillow,http://www.flipkart.com/jdx-plain-bed-sleeping-pillow/p/itme6s4ajmba9knv?pid=PLWE6S4AWUC7YVED,2016-01-06 18:20:45+00:00,Home Furnishing,JDX,5899.0,2880.0,,True,True,51.178165790812,700,523.0,1332.0,0.0,2545.5,1.9134734239802225,High
71ccd3c2b8ad9f8e941f77190fa9aea1,WFTE7VE287YKGZAK,Importwala Indoor Water Fountain,http://www.flipkart.com/importwala-indoor-water-fountain/p/itme7ve2jkzxnq6h?pid=WFTE7VE287YKGZAK,2015-12-01 12:40:44+00:00,Home Decor & Festive Needs,Importwala,2825.0,2825.0,,True,True,0.0,927,426.5,1250.0,0.0,2485.25,1.9125683060109289,High
050ea3acb555bf641e7ae9b4f3ba684a,BDSE7FQ6SEDGMVPK,SRP Linen Cotton Plain King sized Double Bedsheet,http://www.flipkart.com/srp-linen-cotton-plain-king-sized-double-bedsheet/p/itme7fq6c5frxnqf?pid=BDSE7FQ6SEDGMVPK,2015-12-03 21:49:05+00:00,Home Furnishing,SRP Linen,3519.0,2879.0,,True,True,18.186984938903098,700,523.0,1332.0,0.0,2545.5,1.9122373300370827,High
1b11389ca88cc741df25380d8f58fb22,EROEJ5QX56VNVPKG,TOMAFO Car,http://www.flipkart.com/tomafo-car/p/itmej5qxwcc5tpw9?pid=EROEJ5QX56VNVPKG,2016-06-09 00:13:42+00:00,Toys & School Supplies,TOMAFO,1399.0,1259.0,,True,True,10.007147962830594,329,179.0,550.0,0.0,1106.5,1.9110512129380053,High
fd4d0fdfe29c68f87aa7be1d611af53a,DRPEHGFFGQTXK3E3,Lilliput Girl's Blue Dungaree,http://www.flipkart.com/lilliput-girl-s-blue-dungaree/p/itmehgffqugbfa2d?pid=DRPEHGFFGQTXK3E3,2016-05-10 11:57:25+00:00,Clothing,Lilliput,2145.0,1608.0,,True,True,25.034965034965033,6171,374.0,799.0,0.0,1436.5,1.903529411764706,High
c95eb9ddacb5e5567018680e5812163e,SHOE6ZQDA5GGTYHS,Salt N Pepper 14-475 Dorthea Almond Boots Boots,http://www.flipkart.com/salt-n-pepper-14-475-dorthea-almond-boots/p/itme6zqdwtgzbjrh?pid=SHOE6ZQDA5GGTYHS,2015-12-04 07:25:36+00:00,Footwear,Unknown,4695.0,3521.0,,True,True,25.00532481363152,1225,499.0,1540.0,0.0,3101.5,1.9029779058597502,High
83530f00041150ced2f6635f85e40f68,DREECB3FVCA7GB5H,Cutecumber Girl's A-line Dress,http://www.flipkart.com/cutecumber-girl-s-a-line-dress/p/itmecb3fvuc3heqc?pid=DREECB3FVCA7GB5H,2016-01-07 00:54:41+00:00,Clothing,Unknown,2295.0,1607.0,,True,True,29.978213507625274,6171,374.0,799.0,0.0,1436.5,1.9011764705882352,High
8792012eca6013f2e6fefd178c732885,PTPEA5N8ZGYNK3PZ,Prestige HA flat base kadhai 240 mm Kadhai 3 L,http://www.flipkart.com/prestige-ha-flat-base-kadhai-240-mm-3-l/p/itmea5n8ggguecus?pid=PTPEA5N8ZGYNK3PZ,2015-12-01 12:40:44+00:00,Kitchen & Dining,Prestige,1460.0,1310.0,,True,True,10.273972602739725,645,199.0,582.0,0.0,1156.5,1.9007832898172323,High
3e3801075ecfd976167af69341379d66,TROEGJZZFZ4QJBAW,Lilliput Regular Fit Boy's Red Trousers,http://www.flipkart.com/lilliput-regular-fit-boy-s-red-trousers/p/itmegjzzak3qhded?pid=TROEGJZZFZ4QJBAW,2016-05-12 14:18:51+00:00,Clothing,Lilliput,2295.0,1606.0,,True,True,30.021786492374726,6171,374.0,799.0,0.0,1436.5,1.8988235294117648,High
438c3e7b293c01a07d787db0eaff9efa,TROEHGFYZTGCAUM9,Lilliput Regular Fit Boy's Brown Trousers,http://www.flipkart.com/lilliput-regular-fit-boy-s-brown-trousers/p/itmehgfyzqkbf4vg?pid=TROEHGFYZTGCAUM9,2016-05-12 14:18:51+00:00,Clothing,Lilliput,2295.0,1606.0,,True,True,30.021786492374726,6171,374.0,799.0,0.0,1436.5,1.8988235294117648,High
bf61ecac92e83c4b8e9b60666c7a530e,PTPE4HEYXCVJ9MEB,OTC Tasla 33 CM without Handle (Aluminium) Kadhai 6.3 L,http://www.flipkart.com/otc-tasla-33-cm-without-handle-aluminium-kadhai-6-3-l/p/itme4heyeezetg5x?pid=PTPE4HEYXCVJ9MEB,2015-12-01 12:40:44+00:00,Kitchen & Dining,OTC,1568.0,1307.0,,True,True,16.645408163265305,645,199.0,582.0,0.0,1156.5,1.8929503916449086,High
0b734d90093a17e916259a5b1074fe48,RNGDTBQUQD5V3PMY,Kiara Jewellery Sterling Silver Cubic Zirconia Rhodium Ring,http://www.flipkart.com/kiara-jewellery-sterling-silver-cubic-zirconia-rhodium-ring/p/itmdtbrdps7ygr5q?pid=RNGDTBQUQD5V3PMY,2016-01-06 18:20:45+00:00,Jewellery,Kiara Jewellery,4025.0,2525.0,,True,True,37.267080745341616,3522,310.0,1076.75,0.0,2226.875,1.8888164329964134,High
4ede3b57cd9b5fc997a02e56645fa354,CRTECYY4HJPQG9Z4,Accessory Mart TF Car Mat Toyota Fortuner,http://www.flipkart.com/accessory-mart-tf-car-mat-toyota-fortuner/p/itmecyy4jagq4zrx?pid=CRTECYY4HJPQG9Z4,2015-12-01 12:40:44+00:00,Automotive,Accessory Mart,6000.0,3674.0,,True,True,38.766666666666666,1010,499.0,1599.0,0.0,3249.0,1.8863636363636365,High
4a34145211acc67bc2d452c9a2d93754,ACCDNSFXZFHQ9MRR,JJC LH-87  Lens Hood,http://www.flipkart.com/jjc-lh-87-lens-hood/p/itmdnsfzasrnvmcp?pid=ACCDNSFXZFHQ9MRR,2015-12-29 05:07:38+00:00,Cameras & Accessories,JJC,3425.0,3000.0,,True,True,12.408759124087592,72,674.0,1480.0,0.0,2689.0,1.8858560794044665,High
0f974f7cc3cd253b2d22832634025403,TSHDZ5ZJYAZTCFHM,Numero Uno Striped Men's Polo T-Shirt,http://www.flipkart.com/numero-uno-striped-men-s-polo-t-shirt/p/itmdz5p2k2qpjyag?pid=TSHDZ5ZJYAZTCFHM,2015-12-13 00:29:55+00:00,Clothing,Unknown,1599.0,1599.0,,True,True,0.0,6171,374.0,799.0,0.0,1436.5,1.8823529411764706,High
126a990f60d11f4b6e9fef3b9a07bd71,KTAEGX2XSZU5ZBCG,CORA Striped Girl's Straight Kurta,http://www.flipkart.com/cora-striped-girl-s-straight-kurta/p/itmegx2ygwgpcsjx?pid=KTAEGX2XSZU5ZBCG,2016-06-10 13:36:16+00:00,Clothing,CORA,1599.0,1599.0,,True,True,0.0,6171,374.0,799.0,0.0,1436.5,1.8823529411764706,High
155995f4961aac095588f44e1b207887,JEAEHGTNHNZQDPSK,GALLOWAY skinny Fit Women's Jeans,http://www.flipkart.com/galloway-skinny-fit-women-s-jeans/p/itmehgtnjespzuxg?pid=JEAEHGTNHNZQDPSK,2016-04-13 02:13:26+00:00,Clothing,GALLOWAY,6599.0,1599.0,,True,True,75.76905591756326,6171,374.0,799.0,0.0,1436.5,1.8823529411764706,High
2706c505e5ba13541f0695067bc4afbf,TSHDZ5ZJ4Q7KGCDN,Numero Uno Striped Men's Polo T-Shirt,http://www.flipkart.com/numero-uno-striped-men-s-polo-t-shirt/p/itmdz5p2uct8hymf?pid=TSHDZ5ZJ4Q7KGCDN,2015-12-13 00:29:55+00:00,Clothing,Unknown,1599.0,1599.0,1.0,True,True,0.0,6171,374.0,799.0,0.0,1436.5,1.8823529411764706,High
2fdbbaf82183ade790fa1b6b02df5edf,JEAEHGTNCBMHHWWC,GALLOWAY skinny Fit Women's Jeans,http://www.flipkart.com/galloway-skinny-fit-women-s-jeans/p/itmehgtnhrgcyuzd?pid=JEAEHGTNCBMHHWWC,2016-04-13 02:13:26+00:00,Clothing,GALLOWAY,6599.0,1599.0,,True,True,75.76905591756326,6171,374.0,799.0,0.0,1436.5,1.8823529411764706,High
3804ef989759cfdd5f8656c5e02b02d1,FABEGEYCENJAZQF9,NEWLOOK Net Embroidered Semi-stitched Salwar Suit Dupatta Material,http://www.flipkart.com/newlook-net-embroidered-semi-stitched-salwar-suit-dupatta-material/p/itmegeycm4wezett?pid=FABEGEYCENJAZQF9,2016-03-02 19:09:22+00:00,Clothing,NEWLOOK,3999.0,1599.0,,True,True,60.01500375093774,6171,374.0,799.0,0.0,1436.5,1.8823529411764706,High
384badcddcd3080b972c20b41552ee7b,ETHEGCR2FGRZBAEJ,Sitaram Women's Top and Skirt Set,http://www.flipkart.com/sitaram-women-s-top-skirt-set/p/itmegcr2bnnehzhh?pid=ETHEGCR2FGRZBAEJ,2016-03-03 06:06:42+00:00,Clothing,Sitaram,3299.0,1599.0,,True,True,51.530766899060325,6171,374.0,799.0,0.0,1436.5,1.8823529411764706,High
3a9de41b00e0f809191ca58334cc3e77,JEAEHGTNYFWHDQTF,GALLOWAY skinny Fit Women's Jeans,http://www.flipkart.com/galloway-skinny-fit-women-s-jeans/p/itmehgtn3bvudbd7?pid=JEAEHGTNYFWHDQTF,2016-04-13 02:13:26+00:00,Clothing,GALLOWAY,6599.0,1599.0,,True,True,75.76905591756326,6171,374.0,799.0,0.0,1436.5,1.8823529411764706,High
5a63cfcda3678662e86127bf93383433,ETHEGCR3PYGB3MA4,Sitaram Women's Top and Skirt Set,http://www.flipkart.com/sitaram-women-s-top-skirt-set/p/itmegcr3vgfqjcwe?pid=ETHEGCR3PYGB3MA4,2016-03-03 06:06:42+00:00,Clothing,Sitaram,3999.0,1599.0,,True,True,60.01500375093774,6171,374.0,799.0,0.0,1436.5,1.8823529411764706,High
7befb5ea4ef6ad9574c4eb3363d192e8,TSHEG57GACSGRQGM,"LUMBER BOY Printed Boy's Hooded Reversible Green, Black T-Shirt",http://www.flipkart.com/lumber-boy-printed-boy-s-hooded-reversible-green-black-t-shirt/p/itmeg57gz5szeh99?pid=TSHEG57GACSGRQGM,2016-05-12 14:18:51+00:00,Clothing,LUMBER BOY,1599.0,1599.0,,True,True,0.0,6171,374.0,799.0,0.0,1436.5,1.8823529411764706,High
88e6d3a84837c96e87e97f9804e7a620,CRGE6A537MTKZBVN,Madcaps C31GR30 Men's Cargos,http://www.flipkart.com/madcaps-c31gr30-men-s-cargos/p/itme6a53xd8zzfay?pid=CRGE6A537MTKZBVN,2016-01-04 00:20:04+00:00,Clothing,Unknown,2199.0,1599.0,,True,True,27.285129604365622,6171,374.0,799.0,0.0,1436.5,1.8823529411764706,High
89184eb92ef8c2b2cd96421cdc037205,ETHEGCR4DPEVRZZF,Sitaram Women's Top and Skirt Set,http://www.flipkart.com/sitaram-women-s-top-skirt-set/p/itmegcr4zh7hzry6?pid=ETHEGCR4DPEVRZZF,2016-03-03 06:06:42+00:00,Clothing,Sitaram,3999.0,1599.0,,True,True,60.01500375093774,6171,374.0,799.0,0.0,1436.5,1.8823529411764706,High
8c7eb538e210c3f5ae01eda006414737,TSHDZ5ZJUNTXSZK8,Numero Uno Striped Men's Polo T-Shirt,http://www.flipkart.com/numero-uno-striped-men-s-polo-t-shirt/p/itmdz5p2uct8hymf?pid=TSHDZ5ZJUNTXSZK8,2015-12-13 00:29:55+00:00,Clothing,Unknown,1599.0,1599.0,1.0,True,True,0.0,6171,374.0,799.0,0.0,1436.5,1.8823529411764706,High
921aa1d5aff1339c32cbdc9ccae278c4,TSHDZ5ZJTQR6WBY8,Numero Uno Striped Men's Polo T-Shirt,http://www.flipkart.com/numero-uno-striped-men-s-polo-t-shirt/p/itmdz5p2dhre3f7v?pid=TSHDZ5ZJTQR6WBY8,2015-12-13 00:29:55+00:00,Clothing,Unknown,1599.0,1599.0,5.0,True,True,0.0,6171,374.0,799.0,0.0,1436.5,1.8823529411764706,High
93e72ca4f893ddf54ebad206e31d0aca,TSHDZ5ZJZHBKDFY4,Numero Uno Men's T-Shirt,http://www.flipkart.com/numero-uno-men-s-t-shirt/p/itmdz5p2sgyupw2y?pid=TSHDZ5ZJZHBKDFY4,2015-12-13 00:29:55+00:00,Clothing,Unknown,1599.0,1599.0,,True,True,0.0,6171,374.0,799.0,0.0,1436.5,1.8823529411764706,High
9925441837e92f62e4946faa38c0ef01,TSHDZ5ZJ3QDK8ZNB,Numero Uno Striped Men's Polo T-Shirt,http://www.flipkart.com/numero-uno-striped-men-s-polo-t-shirt/p/itmdz5p2dhre3f7v?pid=TSHDZ5ZJ3QDK8ZNB,2015-12-13 00:29:55+00:00,Clothing,Unknown,1599.0,1599.0,5.0,True,True,0.0,6171,374.0,799.0,0.0,1436.5,1.8823529411764706,High
9d71113fa2beb77c19215e783b5537d8,SHTEA6GAMT6ZJDMX,Karsci Men's Solid Lounge Wear Shirt,http://www.flipkart.com/karsci-men-s-solid-lounge-wear-shirt/p/itmea6gafr5rzrvs?pid=SHTEA6GAMT6ZJDMX,2015-12-06 03:01:47+00:00,Clothing,Slim,1999.0,1599.0,,True,True,20.010005002501252,6171,374.0,799.0,0.0,1436.5,1.8823529411764706,High
9f9f21596eaffbf3a6eb884c38d97615,SHTEB3NEBYFFCWFW,J Hampstead Men's Checkered Formal Shirt,http://www.flipkart.com/j-hampstead-men-s-checkered-formal-shirt/p/itmeb3netz3qu6yz?pid=SHTEB3NEBYFFCWFW,2015-12-06 03:01:47+00:00,Clothing,Regular,1599.0,1599.0,,True,True,0.0,6171,374.0,799.0,0.0,1436.5,1.8823529411764706,High
ade438307fe0b52c5330eccf61d46f6a,ETHEGMHHGGCXMSYA,Swag India Girl's Kurta and Pallazo Set,http://www.flipkart.com/swag-india-girl-s-kurta-pallazo-set/p/itmegmhhwgkff5ju?pid=ETHEGMHHGGCXMSYA,2016-03-11 11:26:55+00:00,Clothing,Swag India,2199.0,1599.0,,True,True,27.285129604365622,6171,374.0,799.0,0.0,1436.5,1.8823529411764706,High
b0d9205cbe3c23dbdc1a5c1314f4238c,JEAEHGTNXHMDAUXY,GALLOWAY skinny Fit Women's Jeans,http://www.flipkart.com/galloway-skinny-fit-women-s-jeans/p/itmehgtnc6jrhxdt?pid=JEAEHGTNXHMDAUXY,2016-04-13 02:13:26+00:00,Clothing,GALLOWAY,6599.0,1599.0,,True,True,75.76905591756326,6171,374.0,799.0,0.0,1436.5,1.8823529411764706,High
b7c06f6fc298825abee96ca8378afdd4,SHTEBMTYCK7FMCDK,Zobello Men's Checkered Casual Shirt,http://www.flipkart.com/zobello-men-s-checkered-casual-shirt/p/itmebmtywxaw2vxx?pid=SHTEBMTYCK7FMCDK,2015-12-12 11:46:53+00:00,Clothing,Standard Fit,1599.0,1599.0,,True,True,0.0,6171,374.0,799.0,0.0,1436.5,1.8823529411764706,High
dc0fac50d89a751a6b10b9f4ec157e11,LINEBAF6ZJH5RAVJ,Da Intimo Casual Lingerie Set,http://www.flipkart.com/da-intimo-casual-lingerie-set/p/itmebaf69uehh5kp?pid=LINEBAF6ZJH5RAVJ,2016-01-04 00:20:04+00:00,Clothing,Unknown,1599.0,1599.0,,True,True,0.0,6171,374.0,799.0,0.0,1436.5,1.8823529411764706,High
dd8c89024264b9d75f7a0b211ea4e69f,JEAEHGTNEGAGQ3D2,GALLOWAY skinny Fit Women's Jeans,http://www.flipkart.com/galloway-skinny-fit-women-s-jeans/p/itmehgtnzj4zgkyp?pid=JEAEHGTNEGAGQ3D2,2016-04-13 02:13:26+00:00,Clothing,GALLOWAY,6599.0,1599.0,,True,True,75.76905591756326,6171,374.0,799.0,0.0,1436.5,1.8823529411764706,High
e663dada25a5767ec66e762c2b01b4b5,LCHEH4GTFX23CPZR,fashion bazar Self Design Women's Lehenga Choli,http://www.flipkart.com/fashion-bazar-self-design-women-s-lehenga-choli/p/itmeh4gtdhktyavs?pid=LCHEH4GTFX23CPZR,2016-03-25 15:39:25+00:00,Clothing,fashion bazar,4999.0,1599.0,,True,True,68.01360272054411,6171,374.0,799.0,0.0,1436.5,1.8823529411764706,High
ed2501c17f0334ba0fe9ab1b9c98644f,ETHEGYHBZD9DF99Q,"AJ Dezines Boy's Kurta, Waistcoat and Pyjama Set",http://www.flipkart.com/aj-dezines-boy-s-kurta-waistcoat-pyjama-set/p/itmegyhbvmpqazfk?pid=ETHEGYHBZD9DF99Q,2016-05-01 16:43:01+00:00,Clothing,AJ Dezines,2649.0,1599.0,,True,True,39.637599093997736,6171,374.0,799.0,0.0,1436.5,1.8823529411764706,High
f059bf86826ab46de3478119dd7186d0,TOPE9Q37AVTVDVFJ,Noble Faith Casual Sleeveless Embellished Women's Top,http://www.flipkart.com/noble-faith-casual-sleeveless-embellished-women-s-top/p/itme9q38tfgfeuf4?pid=TOPE9Q37AVTVDVFJ,2016-01-07 00:54:41+00:00,Clothing,Unknown,1599.0,1599.0,,True,True,0.0,6171,374.0,799.0,0.0,1436.5,1.8823529411764706,High
fc9d701c4ffd39eaef61565cb450268a,JEAEHGTNFBRGBQVF,GALLOWAY skinny Fit Women's Jeans,http://www.flipkart.com/galloway-skinny-fit-women-s-jeans/p/itmehgtnghehtfbk?pid=JEAEHGTNFBRGBQVF,2016-04-13 02:13:26+00:00,Clothing,GALLOWAY,6599.0,1599.0,,True,True,75.76905591756326,6171,374.0,799.0,0.0,1436.5,1.8823529411764706,High
87629de942851c3615e815ca127f7eec,SHIECGQ7FMHSYNR6,Ruchikainternational ruc0020 Showpiece  -  9 cm,http://www.flipkart.com/ruchikainternational-ruc0020-showpiece-9-cm/p/itmecgq7jhxrrzyz?pid=SHIECGQ7FMHSYNR6,2015-12-01 12:40:44+00:00,Home Decor & Festive Needs,Ruchikainternational,3500.0,2800.0,,True,True,20.0,927,426.5,1250.0,0.0,2485.25,1.8822100789313905,High
4dcd5dfc481ab82813ff8084589a7e77,SHOEDHHSRF6FMWGA,Credos Boots,http://www.flipkart.com/credos-boots/p/itmedhhsqrsb9xnx?pid=SHOEDHHSRF6FMWGA,2015-12-04 07:25:36+00:00,Footwear,Unknown,4499.0,3499.0,,True,True,22.22716159146477,1225,499.0,1540.0,0.0,3101.5,1.8818443804034581,High
8e802c5ef0aa3d98654d8b61e21a9cee,SHOE8SESVWJYNH37,Clincher Semonday Boots,http://www.flipkart.com/clincher-semonday-boots/p/itme8sesyrcgcmwt?pid=SHOE8SESVWJYNH37,2015-12-04 07:25:36+00:00,Footwear,Unknown,3499.0,3499.0,,True,True,0.0,1225,499.0,1540.0,0.0,3101.5,1.8818443804034581,High
c6c1eca6e11a3b8e347feb7c35a29680,SHOE69E6HYVG8MKU,Sakay Country Leather Boots,http://www.flipkart.com/sakay-country-leather-boots/p/itme69e6nejwwmj9?pid=SHOE69E6HYVG8MKU,2015-12-04 07:25:36+00:00,Footwear,Unknown,3999.0,3499.0,,True,True,12.50312578144536,1225,499.0,1540.0,0.0,3101.5,1.8818443804034581,High
5a2a5a43c64bad7c50a8262e9d9901a2,DREEJ3V5R9GQJNSY,Masaba for Magic fairy Girl's Layered Pink Dress,http://www.flipkart.com/masaba-magic-fairy-girl-s-layered-pink-dress/p/itmej3v5bxykzbye?pid=DREEJ3V5R9GQJNSY,2016-06-12 08:33:38+00:00,Clothing,Masaba for Magic fairy,1775.0,1598.0,,True,True,9.971830985915492,6171,374.0,799.0,0.0,1436.5,1.88,High
202fe215b335490c18be3a943223c5c6,SNDE28TUKXHH5ZEW,Catwalk Women Heels,http://www.flipkart.com/catwalk-women-heels/p/itme2cevhan2h4pw?pid=SNDE28TUKXHH5ZEW,2015-12-31 09:19:31+00:00,Footwear,Unknown,3495.0,3495.0,3.5,True,True,0.0,1225,499.0,1540.0,0.0,3101.5,1.8780019212295869,High
a0a73fd6061a7b7d5f85defc0b33f99d,ETHEGNMRJPGFMHVN,Aarika Girl's Kurta and Churidar Set,http://www.flipkart.com/aarika-girl-s-kurta-churidar-set/p/itmegnmrmghymjr4?pid=ETHEGNMRJPGFMHVN,2016-03-11 11:26:55+00:00,Clothing,Aarika,3999.0,1596.0,,True,True,60.09002250562641,6171,374.0,799.0,0.0,1436.5,1.8752941176470588,High
0a4a6736831c7732c566fc1ee17cc521,DREEGJ3ED8GZZF3E,ATHENA Women's Wrap Dress,http://www.flipkart.com/athena-women-s-wrap-dress/p/itmegj3eyzunuvgh?pid=DREEGJ3ED8GZZF3E,2016-04-02 19:26:28+00:00,Clothing,ATHENA,1595.0,1595.0,,True,True,0.0,6171,374.0,799.0,0.0,1436.5,1.8729411764705883,High
56431aa8fe2f4480a1b3dd9265048102,TOPEEYJQKZMH454G,Zoysia Casual 3/4 Sleeve Solid Women's Top,http://www.flipkart.com/zoysia-casual-3-4-sleeve-solid-women-s-top/p/itmeeyjqt3pmyqm4?pid=TOPEEYJQKZMH454G,2016-01-06 18:20:45+00:00,Clothing,Unknown,3190.0,1595.0,,True,True,50.0,6171,374.0,799.0,0.0,1436.5,1.8729411764705883,High
bfdcd09f003dbf6e5a0685029b118545,SWTEDMX4BW4KYHZS,Elson Self Design V-neck Women's Sweater,http://www.flipkart.com/elson-self-design-v-neck-women-s-sweater/p/itmedmx4fxkhahf9?pid=SWTEDMX4BW4KYHZS,2016-01-06 18:20:45+00:00,Clothing,Unknown,1595.0,1595.0,,True,True,0.0,6171,374.0,799.0,0.0,1436.5,1.8729411764705883,High
da1708ea7bc596fd298546edef0bccfc,WATE9MVXX3DZ5UKD,"Skmei AD1031-Black Formal Analog-Digital Watch  - For Men, Boys",http://www.flipkart.com/skmei-ad1031-black-formal-analog-digital-watch-men-boys/p/itme9mvxbntbvtzg?pid=WATE9MVXX3DZ5UKD,2015-12-04 07:25:36+00:00,Watches,Unknown,2499.0,1699.0,,True,True,32.01280512204882,528,550.0,950.0,0.0,1550.0,1.8725,High
679754023a73f7e8b1d5b42daf456e8a,PTPECS55TZUJUEJA,Wingold Kadhai 3.75 L,http://www.flipkart.com/wingold-kadhai-3-75-l/p/itmecs55afyvgbb7?pid=PTPECS55TZUJUEJA,2015-12-01 12:40:44+00:00,Kitchen & Dining,Wingold,1510.0,1299.0,,True,True,13.973509933774835,645,199.0,582.0,0.0,1156.5,1.8720626631853785,High
aeb2b87ff90904ce5fee731df7e504ff,JGTECTXNVGH5GYM5,Dungri India Craft Ducjug008-ducgl017-2 Jug Glass Set,http://www.flipkart.com/dungri-india-craft-ducjug008-ducgl017-2-jug-glass-set/p/itmectxnv6kb2hyw?pid=JGTECTXNVGH5GYM5,2016-03-04 17:21:37+00:00,Kitchen & Dining,Dungri India Craft,1599.0,1299.0,,True,True,18.76172607879925,645,199.0,582.0,0.0,1156.5,1.8720626631853785,High
189fa66a5fa6f08d2802a62ecf0be298,WATEDBVHQ6AJX7N9,"Titan 1639SL03 Analog Watch  - For Boys, Men",http://www.flipkart.com/titan-1639sl03-analog-watch-boys-men/p/itmedbvhefg7gm2b?pid=WATEDBVHQ6AJX7N9,2015-12-04 07:25:36+00:00,Watches,Unknown,1795.0,1695.0,,True,True,5.571030640668524,528,550.0,950.0,0.0,1550.0,1.8625,High
25d5d234d6049882ecfad32d3a1a66b5,HMBEJCMHJRMUNPCZ,JDK NOVELTY Hand-held Bag,http://www.flipkart.com/jdk-novelty-hand-held-bag/p/itmejcmhvwnx4xkj?pid=HMBEJCMHJRMUNPCZ,2016-06-05 10:45:10+00:00,"Bags, Wallets & Belts",JDK NOVELTY,8400.0,2399.0,,True,True,71.44047619047619,264,399.0,1099.0,0.0,2149.0,1.8571428571428572,High
28371001e5c787de72884e02384ccefe,HMBE777EERDZYKWD,Basta Shoulder Bag,http://www.flipkart.com/basta-shoulder-bag/p/itme777ehwksgsgw?pid=HMBE777EERDZYKWD,2016-01-07 04:32:43+00:00,"Bags, Wallets & Belts",Unknown,2974.0,2399.0,,True,True,19.334229993275052,264,399.0,1099.0,0.0,2149.0,1.8571428571428572,High
32e1cfd3ca4262233a8edb17a9a4db45,RNGEJ39US9ENJXYF,Amantran Jewels Om shaped Silver Zircon Sterling Silver Ring,http://www.flipkart.com/amantran-jewels-om-shaped-silver-zircon-sterling-ring/p/itmej39khkyusrfp?pid=RNGEJ39US9ENJXYF,2016-05-27 21:02:29+00:00,Jewellery,Amantran Jewels,2500.0,2500.0,,True,True,0.0,3522,310.0,1076.75,0.0,2226.875,1.8562112813824585,High
10ab66720cfa26c31d9ab78688274455,BBAEARGUS6XVGBT8,Svvelte Alloy Bracelet,http://www.flipkart.com/svvelte-alloy-bracelet/p/itmeargu2zxgzvzj?pid=BBAEARGUS6XVGBT8,2015-12-20 08:26:17+00:00,Jewellery,Svvelte,2499.0,2499.0,,True,True,0.0,3522,310.0,1076.75,0.0,2226.875,1.8549070753179002,High
1d0c16afd9c408f23757dec11865b78a,BBAE8XUCJZHQCVPA,Anjan Brass Cubic Zirconia Yellow Gold Kada,http://www.flipkart.com/anjan-brass-cubic-zirconia-yellow-gold-kada/p/itme8xucuyezy7yp?pid=BBAE8XUCJZHQCVPA,2015-12-20 08:26:17+00:00,Jewellery,Anjan,6819.0,2499.0,,True,True,63.352397712274524,3522,310.0,1076.75,0.0,2226.875,1.8549070753179002,High
2ee44fb0c13d27b14b63142cd1a60295,PELEYC9ZZPDGZWAA,"NEVI Swarovski Crystal, Crystal Alloy, Crystal Pendant",http://www.flipkart.com/nevi-swarovski-crystal-crystal-alloy-pendant/p/itmeyfazdttpj8ak?pid=PELEYC9ZZPDGZWAA,2015-12-12 11:46:53+00:00,Jewellery,NEVI,7500.0,2499.0,,True,True,66.68,3522,310.0,1076.75,0.0,2226.875,1.8549070753179002,High
dcc8583f6eb9d03f03a066945d612ae4,MATEHF3PGYP4ZDPB,Eurotex Cotton Large Bath Mat Veneto,http://www.flipkart.com/eurotex-cotton-large-bath-mat-veneto/p/itmehf3prqkkxdwt?pid=MATEHF3PGYP4ZDPB,2016-03-22 19:59:16+00:00,Kitchen & Dining,Eurotex,1590.0,1290.0,,True,True,18.867924528301888,645,199.0,582.0,0.0,1156.5,1.8485639686684072,High
bb0c010a2fbb238bb6b90ebe4b1d6e8e,ACCE9ZVFRF5VPGYH,Tucano Book Cover for Apple iPad Air 2,http://www.flipkart.com/tucano-book-cover-apple-ipad-air-2/p/itme9zvfj7ag6cz7?pid=ACCE9ZVFRF5VPGYH,2016-01-01 13:15:34+00:00,Mobiles & Accessories,Tucano,3614.0,3433.0,,True,True,5.008301051466519,1097,449.0,1499.0,0.0,3074.0,1.841904761904762,High
069a49081494492829bd914203a8bd52,SOFEDVYZMGY6UXFJ,ARRA Solid Wood 5 Seater Sofa,http://www.flipkart.com/arra-solid-wood-5-seater-sofa/p/itmedvyz8gge69gu?pid=SOFEDVYZMGY6UXFJ,2015-12-31 09:19:31+00:00,Furniture,ARRA,61800.0,61800.0,,True,True,0.0,180,1299.0,22646.0,0.0,54666.5,1.8341687356537217,High
43c343ad3dc830484b982279bb762429,RTRDYR4HXQJ8T3WR,Asus Wireless-N150 ADSL Modem Router,http://www.flipkart.com/asus-wireless-n150-adsl-modem-router/p/itmdyr4gvnn7wgha?pid=RTRDYR4HXQJ8T3WR,2015-12-01 06:13:00+00:00,Computers,Asus,5000.0,5000.0,3.9,True,True,0.0,573,350.0,1995.0,0.0,4462.5,1.8267477203647415,High
61ba1147f59e5daab3f330e0fdf42475,ACCDSY8EHHF5TSKC,HP PavilionDV5-1010tx 6 Cell Laptop Battery,http://www.flipkart.com/hp-paviliondv5-1010tx-6-cell-laptop-battery/p/itmdsy8ejyzdyjmg?pid=ACCDSY8EHHF5TSKC,2016-01-07 05:50:25+00:00,Computers,HP,4999.0,4999.0,,True,True,0.0,573,350.0,1995.0,0.0,4462.5,1.8261398176291794,High
66b17d68e8773683cf77c7d79c20d890,ACCDSY8EAED5TGZY,HP PavilionDV5-1019tx 6 Cell Laptop Battery,http://www.flipkart.com/hp-paviliondv5-1019tx-6-cell-laptop-battery/p/itmdsy8ehurazegm?pid=ACCDSY8EAED5TGZY,2016-01-07 05:50:25+00:00,Computers,HP,4999.0,4999.0,,True,True,0.0,573,350.0,1995.0,0.0,4462.5,1.8261398176291794,High
77f659d4d18381c991fb9210e05d9c1b,ACCDSY8EYXYYYYVK,HP Pavilion DV6-2070eo 6 Cell Laptop Battery,http://www.flipkart.com/hp-pavilion-dv6-2070eo-6-cell-laptop-battery/p/itmdsy8e7mtbtghf?pid=ACCDSY8EYXYYYYVK,2016-01-07 05:50:25+00:00,Computers,HP,4999.0,4999.0,,True,True,0.0,573,350.0,1995.0,0.0,4462.5,1.8261398176291794,High
88ca277594f22bb7494f2d0bbc51f8ba,ACCDSY8EGJPW7RJB,HP Pavilion DV7t-6100 Series 6 Cell Laptop Battery,http://www.flipkart.com/hp-pavilion-dv7t-6100-series-6-cell-laptop-battery/p/itmdsy8eyvbpuubm?pid=ACCDSY8EGJPW7RJB,2016-01-07 05:50:25+00:00,Computers,HP,4999.0,4999.0,,True,True,0.0,573,350.0,1995.0,0.0,4462.5,1.8261398176291794,High
f314ef29ad9dd30b019586615be04030,ACCDSY8EYJ6PTNGT,HP Pavilion DV6z 6 Cell Laptop Battery,http://www.flipkart.com/hp-pavilion-dv6z-6-cell-laptop-battery/p/itmdsy8ewhbe3xxz?pid=ACCDSY8EYJ6PTNGT,2016-01-07 05:50:25+00:00,Computers,HP,4999.0,4999.0,,True,True,0.0,573,350.0,1995.0,0.0,4462.5,1.8261398176291794,High
54968ff091ed2a270dc629eb68ccfdc0,SWTEHDZKZUZPE9VG,Romano Striped Scoop Neck Casual Men's Sweater,http://www.flipkart.com/romano-striped-scoop-neck-casual-men-s-sweater/p/itmehdzkshezjjdq?pid=SWTEHDZKZUZPE9VG,2016-05-01 16:43:01+00:00,Clothing,Romano,1575.0,1575.0,,True,True,0.0,6171,374.0,799.0,0.0,1436.5,1.8258823529411765,High
d202ea988ab11f2327279093ac71975d,SHIE3QDH6Z4KU5TY,Exotic India Lord Ganesha (Carved in Hematite) Showpiece  -  5.08 cm,http://www.flipkart.com/exotic-india-lord-ganesha-carved-hematite-showpiece-5-08-cm/p/itme3qdhfu2hhsuz?pid=SHIE3QDH6Z4KU5TY,2016-01-03 09:39:44+00:00,Home Decor & Festive Needs,Exotic India,3125.0,2750.0,,True,True,12.0,927,426.5,1250.0,0.0,2485.25,1.8214936247723132,High
d43d9bb261aaaf818c81a645e727b2d3,RTRE3YZGGMGJ42BF,TRENDnet THA-101 N300 Router,http://www.flipkart.com/trendnet-tha-101-n300-router/p/itme3yzgwt34wb3g?pid=RTRE3YZGGMGJ42BF,2015-12-01 06:13:00+00:00,Computers,TRENDnet,8499.0,4989.0,,True,True,41.298976350158846,573,350.0,1995.0,0.0,4462.5,1.8200607902735562,High
aa3fbcc0c0dfcc7ce64eedd347e7fab4,ACCDSY8E3XGY8UFZ,HP Pavilion DV6-2059eo 6 Cell Laptop Battery,http://www.flipkart.com/hp-pavilion-dv6-2059eo-6-cell-laptop-battery/p/itmdsy8eyvzfpsgk?pid=ACCDSY8E3XGY8UFZ,2016-01-07 05:50:25+00:00,Computers,HP,4984.0,4984.0,,True,True,0.0,573,350.0,1995.0,0.0,4462.5,1.8170212765957447,High
da355e952342470948556b8e4c7aac77,PRCEGJDKCWDFFSAY,United 3 L Pressure Cooker,http://www.flipkart.com/united-3-l-pressure-cooker/p/itmegjdka4ybpydm?pid=PRCEGJDKCWDFFSAY,2016-04-02 19:26:28+00:00,Kitchen & Dining,United,1321.0,1275.0,,True,True,3.4822104466313397,645,199.0,582.0,0.0,1156.5,1.8093994778067886,High
51add18129a213c1fffea43b69f8eb79,ACCDSY8EMKXZM8EW,HP Pavilion DV6-2060so 6 Cell Laptop Battery,http://www.flipkart.com/hp-pavilion-dv6-2060so-6-cell-laptop-battery/p/itmdsy8eywjkzwhx?pid=ACCDSY8EMKXZM8EW,2016-01-07 05:50:25+00:00,Computers,HP,4970.0,4970.0,,True,True,0.0,573,350.0,1995.0,0.0,4462.5,1.8085106382978724,High
40a11fee08863edbbc3c2a03d0528bf4,STIEC889ACQUHXFB,Wallmantra Large Vinyl Sticker Sticker,http://www.flipkart.com/wallmantra-large-vinyl-sticker/p/itmec889knrzxhhb?pid=STIEC889ACQUHXFB,2015-12-01 10:15:43+00:00,Baby Care,Wallmantra,4930.0,1896.0,,True,True,61.54158215010142,481,499.0,999.0,0.0,1749.0,1.794,High
ec42dfd134941b2147e4c26e9f76af26,STIEC889VZXVJU7H,Wallmantra Large Vinyl Sticker Sticker,http://www.flipkart.com/wallmantra-large-vinyl-sticker/p/itmec889rwdyhsyf?pid=STIEC889VZXVJU7H,2015-12-01 10:15:43+00:00,Baby Care,Wallmantra,4930.0,1896.0,,True,True,61.54158215010142,481,499.0,999.0,0.0,1749.0,1.794,High
fd6cbcc22efb6b761bd564c28928483c,STIEC889ZD5GDCVQ,Wallmantra Large Vinyl Sticker Sticker,http://www.flipkart.com/wallmantra-large-vinyl-sticker/p/itmec889fxheshyg?pid=STIEC889ZD5GDCVQ,2015-12-01 10:15:43+00:00,Baby Care,Wallmantra,4930.0,1896.0,,True,True,61.54158215010142,481,499.0,999.0,0.0,1749.0,1.794,High
23fd22ff38ca436ebcfa6bf855797fd0,DREEDR97B3HHSNBH,Cutecumber Girl's A-line Dress,http://www.flipkart.com/cutecumber-girl-s-a-line-dress/p/itmedr97ksyzuzb9?pid=DREEDR97B3HHSNBH,2016-01-07 00:54:41+00:00,Clothing,Unknown,1560.0,1560.0,,True,True,0.0,6171,374.0,799.0,0.0,1436.5,1.7905882352941176,High
2bb03f388457085fd891411d3233e64d,DREEDR97ZHGNPWFR,Cutecumber Girl's A-line Dress,http://www.flipkart.com/cutecumber-girl-s-a-line-dress/p/itmedr97ggbnswpm?pid=DREEDR97ZHGNPWFR,2016-01-07 00:54:41+00:00,Clothing,Unknown,1560.0,1560.0,,True,True,0.0,6171,374.0,799.0,0.0,1436.5,1.7905882352941176,High
ff91c0b6ec0f3334e2c1245ec7f50f32,DREEDR97RXXXSZXX,Cutecumber Girl's A-line Dress,http://www.flipkart.com/cutecumber-girl-s-a-line-dress/p/itmedr97yfh5r5zb?pid=DREEDR97RXXXSZXX,2016-01-07 00:54:41+00:00,Clothing,Unknown,1560.0,1560.0,,True,True,0.0,6171,374.0,799.0,0.0,1436.5,1.7905882352941176,High
44ac0b6808242ce5c71b971d7620c609,SOFEE7ACDGRPDWGZ,Durian Fabric 3 Seater Sofa,http://www.flipkart.com/durian-fabric-3-seater-sofa/p/itmee7acygyzhgnz?pid=SOFEE7ACDGRPDWGZ,2015-12-31 09:19:31+00:00,Furniture,Durian,93600.0,60840.0,,True,True,35.0,180,1299.0,22646.0,0.0,54666.5,1.7891975453225277,High
7a12defba81709d07886b533db2cc835,PTPEY6JZN3K8Z5GA,OK Platinum Large Kadhai 2 L,http://www.flipkart.com/ok-platinum-large-kadhai-2-l/p/itmey6jzhts86zzc?pid=PTPEY6JZN3K8Z5GA,2015-12-01 12:40:44+00:00,Kitchen & Dining,OK,1490.0,1267.0,,True,True,14.966442953020135,645,199.0,582.0,0.0,1156.5,1.7885117493472584,High
26673af9249478b53d6ad6a16c0d642e,VANE3KUFUXF2CVHU,Goldencollections Imported Fabric Organizer With Beautiful Design Make Up And Jewellery Vanity Pouch,http://www.flipkart.com/goldencollections-imported-fabric-organizer-beautiful-design-make-up-jewellery-vanity-pouch/p/itme3kufampw3dbr?pid=VANE3KUFUXF2CVHU,2016-01-04 00:20:04+00:00,Beauty and Personal Care,Unknown,2277.0,799.0,,True,True,64.90996925779534,709,299.0,479.0,29.0,749.0,1.7777777777777777,High
2deb7baf772c49a3faf388c3425d4a7a,VANEDGK7GGH3ZDMQ,"Merchbay Anime Accessory Box | Artist : Divakar Singh Jewellery, Make up, etc. Vanity Accessory Box",http://www.flipkart.com/merchbay-anime-accessory-box-artist-divakar-singh-jewellery-make-up-etc-vanity/p/itmedgk7ggg8znsh?pid=VANEDGK7GGH3ZDMQ,2016-01-04 00:20:04+00:00,Beauty and Personal Care,Unknown,1599.0,799.0,,True,True,50.03126954346467,709,299.0,479.0,29.0,749.0,1.7777777777777777,High
827becd140bd464843e936a6adb4c2d8,VANEDGK7CYH9FMQP,"Merchbay Wild Accessory Box | Artist : Pravesh Mishra Jewellery, Make up, etc. Vanity Accessory Box",http://www.flipkart.com/merchbay-wild-accessory-box-artist-pravesh-mishra-jewellery-make-up-etc-vanity/p/itmedgk7xhf7hjkm?pid=VANEDGK7CYH9FMQP,2016-01-04 03:25:23+00:00,Beauty and Personal Care,Unknown,1599.0,799.0,,True,True,50.03126954346467,709,299.0,479.0,29.0,749.0,1.7777777777777777,High
9415d77bccdecbdf23af13c9faad094a,VANEDGK7MSFHYRNV,"Merchbay The Rock Dwayne Johnson Accessory Box | Artist : Gagandeep Singh Jewellery, Make up, etc. Vanity Accessory Box",http://www.flipkart.com/merchbay-rock-dwayne-johnson-accessory-box-artist-gagandeep-singh-jewellery-make-up-etc-vanity/p/itmedgk7dkhswzct?pid=VANEDGK7MSFHYRNV,2016-01-04 00:20:04+00:00,Beauty and Personal Care,Unknown,1599.0,799.0,,True,True,50.03126954346467,709,299.0,479.0,29.0,749.0,1.7777777777777777,High
9a979f2e77ddba0669f7d57ff81220cc,FFLEGEXHXGFXZAXY,PEDI SPIN FP-156892,http://www.flipkart.com/pedi-spin-fp-156892/p/itmegexhnyqzzvxt?pid=FFLEGEXHXGFXZAXY,2016-05-10 11:57:25+00:00,Beauty and Personal Care,PEDI SPIN,899.0,799.0,,True,True,11.123470522803114,709,299.0,479.0,29.0,749.0,1.7777777777777777,High
d4e38fb1b5eda91a342be0fd616f5126,VANEDVKNANXFHWZA,"Merchbay Protect Accessory, Kishore Ghosh Jewellery, Make up Vanity Jewellery",http://www.flipkart.com/merchbay-protect-accessory-kishore-ghosh-jewellery-make-up-vanity-jewellery/p/itmedvknk8fcharx?pid=VANEDVKNANXFHWZA,2016-01-03 18:43:13+00:00,Beauty and Personal Care,Unknown,1599.0,799.0,,True,True,50.03126954346467,709,299.0,479.0,29.0,749.0,1.7777777777777777,High
ed7c93d5a30b7191821cb9e8959091ac,VANEDGK74H2ABSYC,"Merchbay Colorful Doodles Accessory Box | Artist : Pratyusha Subramaniam Jewellery, Make up, etc. Vanity Accessory Box",http://www.flipkart.com/merchbay-colorful-doodles-accessory-box-artist-pratyusha-subramaniam-jewellery-make-up-etc-vanity/p/itmedgk7mayhtyzh?pid=VANEDGK74H2ABSYC,2016-01-04 03:25:23+00:00,Beauty and Personal Care,Unknown,1599.0,799.0,,True,True,50.03126954346467,709,299.0,479.0,29.0,749.0,1.7777777777777777,High
faccd5b83b0fb19f07ad0ecc72588778,VANEDVKNN2HWXVZN,"Merchbay Pupcakes Accessory, Lotta Farber Jewellery, Make up Vanity Jewellery",http://www.flipkart.com/merchbay-pupcakes-accessory-lotta-farber-jewellery-make-up-vanity-jewellery/p/itmedvknzy8fhsbz?pid=VANEDVKNN2HWXVZN,2016-01-04 00:20:04+00:00,Beauty and Personal Care,Unknown,1599.0,799.0,,True,True,50.03126954346467,709,299.0,479.0,29.0,749.0,1.7777777777777777,High
06fdaa2b03d70da4358311d260456729,CKWE8PY7AHZXK7FZ,Seven Seas Stainless Steel Twisting Pull Corkscrew,http://www.flipkart.com/seven-seas-stainless-steel-twisting-pull-corkscrew/p/itme8py72gsfbxx6?pid=CKWE8PY7AHZXK7FZ,2015-12-14 04:47:41+00:00,Kitchen & Dining,Seven Seas,1261.0,1261.0,,True,True,0.0,645,199.0,582.0,0.0,1156.5,1.772845953002611,High
ee0b1174a1bb26fb74023f4049a29deb,PTDEGXMSY3G7FKJU,Rajrang Paisley Tray Embossed Wood Tray,http://www.flipkart.com/rajrang-paisley-tray-embossed-wood/p/itmegxmsauwququq?pid=PTDEGXMSY3G7FKJU,2016-03-22 19:59:16+00:00,Kitchen & Dining,Rajrang,1680.0,1260.0,,True,True,25.0,645,199.0,582.0,0.0,1156.5,1.7702349869451697,High
a5cf99002239a0f745b2002aab74bc5a,TFHECYGABBG9NRZM,Beevee Printed Men's Three Fourths,http://www.flipkart.com/beevee-printed-men-s-three-fourths/p/itmecygaszwpnazf?pid=TFHECYGABBG9NRZM,2016-01-07 00:54:41+00:00,Clothing,Unknown,1549.0,1549.0,,True,True,0.0,6171,374.0,799.0,0.0,1436.5,1.7647058823529411,High
499d495d474787b3410dec43e093e6f9,ACCEJHEZHGMYZGYT,Tech Gear HDMI 2.0 CABLE 4K TV BLURAY 3D DVD PS3 HDTV XBOX LCD HD TV 30M HDMI Cable,http://www.flipkart.com/tech-gear-hdmi-2-0-cable-4k-tv-bluray-3d-dvd-ps3-hdtv-xbox-lcd-hd-30m/p/itmejhezfpdvfccy?pid=ACCEJHEZHGMYZGYT,2016-06-14 13:29:27+00:00,Computers,Tech Gear,8999.0,4890.0,,True,True,45.660628958773195,573,350.0,1995.0,0.0,4462.5,1.7598784194528876,High
5d813428d10b98f1c7f8ec95092f5dcb,SHIEBY82QFGWNYTE,MCB Exports Decorative Wooden Pot Showpiece  -  34 cm,http://www.flipkart.com/mcb-exports-decorative-wooden-pot-showpiece-34-cm/p/itmeby82ghqufz9h?pid=SHIEBY82QFGWNYTE,2015-12-01 12:40:44+00:00,Home Decor & Festive Needs,MCB Exports,2999.0,2699.0,,True,True,10.003334444814937,927,426.5,1250.0,0.0,2485.25,1.7595628415300546,High
408777053e34a93674879e2d4f27e048,SWSEHEK5C6T2WZWW,Lilliput Full Sleeve Printed Boy's Sweatshirt,http://www.flipkart.com/lilliput-full-sleeve-printed-boy-s-sweatshirt/p/itmehek5yf3pzbkd?pid=SWSEHEK5C6T2WZWW,2016-04-11 03:32:26+00:00,Clothing,Lilliput,1545.0,1545.0,,True,True,0.0,6171,374.0,799.0,0.0,1436.5,1.755294117647059,High
c97eb1b6a73d7b7566780651a8ddf722,RCTDWTG6YVYEMHEA,AdraxX Remote Control Realstic Sedan Toy Car,http://www.flipkart.com/adraxx-remote-control-realstic-sedan-toy-car/p/itmdwtg6udeyf34y?pid=RCTDWTG6YVYEMHEA,2016-01-01 19:37:22+00:00,Toys & School Supplies,Unknown,1999.0,1199.0,1.0,True,True,40.020010005002504,329,179.0,550.0,0.0,1106.5,1.7493261455525606,High
d80817af45e19638d56366fe64f41ef7,DEPEEAMEE29NKMX5,FS Brass Brass Decorative Platter,http://www.flipkart.com/fs-brass-decorative-platter/p/itmeeamehjmzpycd?pid=DEPEEAMEE29NKMX5,2016-01-04 04:27:52+00:00,Home Decor & Festive Needs,FS Brass,3000.0,2690.0,,True,True,10.333333333333334,927,426.5,1250.0,0.0,2485.25,1.7486338797814207,High
7b4fb005bb4a92db6fb504cee9509fd8,JEAEA26BDKC9YRC8,Provogue Slim Fit Men's Jeans,http://www.flipkart.com/provogue-slim-fit-men-s-jeans/p/itmea26bu623b6zp?pid=JEAEA26BDKC9YRC8,2015-12-12 11:46:53+00:00,Clothing,Slim,2199.0,1539.0,,True,True,30.013642564802183,6171,374.0,799.0,0.0,1436.5,1.7411764705882353,High
4fe24e100a5fcc33cf6054ef101067ed,RTRDXV6BA5PZAEPH,TP-LINK TD-W8970,http://www.flipkart.com/tp-link-td-w8970/p/itmdxv6bywqjjbw2?pid=RTRDXV6BA5PZAEPH,2015-12-01 06:13:00+00:00,Computers,TP-LINK,6700.0,4850.0,3.0,True,True,27.611940298507463,573,350.0,1995.0,0.0,4462.5,1.7355623100303952,High
89834db481287d5fd3e94c3ecffd9851,CNDEGP52ABJZHGZY,Schwarzkopf Supersoft Color Shine Red Berries Conditioner,http://www.flipkart.com/schwarzkopf-supersoft-color-shine-red-berries-conditioner/p/itmegp52xkxbeytk?pid=CNDEGP52ABJZHGZY,2016-03-11 11:26:55+00:00,Beauty and Personal Care,Schwarzkopf,1555.0,790.0,,True,True,49.19614147909968,709,299.0,479.0,29.0,749.0,1.7277777777777779,High
f78e291b7c2adfd026417a8cc2a3c885,MNKE79DWUUQVSBZF,Essie Good To Go Fastest Drying Top Coat,http://www.flipkart.com/essie-good-go-fastest-drying-top-coat/p/itme79dwh3ngfw2k?pid=MNKE79DWUUQVSBZF,2015-12-01 12:40:44+00:00,Beauty and Personal Care,Unknown,999.0,790.0,,True,True,20.92092092092092,709,299.0,479.0,29.0,749.0,1.7277777777777779,High
1634edb6c20a197c38f7ec8991ceb6d3,AVCEGCZ4WYMJJCTE,"Speedwav 1 Rear View Mirror Screen, 1 4.3 Screen & Camera-Chevrolet Optra SRV Combo",http://www.flipkart.com/speedwav-1-rear-view-mirror-screen-4-3-screen-camera-chevrolet-optra-srv-combo/p/itmegcz5tqgkbaue?pid=AVCEGCZ4WYMJJCTE,2016-03-03 22:49:41+00:00,Automotive,Speedwav,7200.0,3498.0,,True,True,51.416666666666664,1010,499.0,1599.0,0.0,3249.0,1.7263636363636363,High
95e72f1d18a343cc7e4494eb629deeec,ERGE6JCKEHKQUHFB,Ziveg Spring Sparkle Platinum Swarovski Crystal Sterling Silver Hoop Earring,http://www.flipkart.com/ziveg-spring-sparkle-platinum-swarovski-crystal-sterling-silver-hoop-earring/p/itme6jckg9r8jcne?pid=ERGE6JCKEHKQUHFB,2015-12-12 11:46:53+00:00,Jewellery,Ziveg,4400.0,2399.0,,True,True,45.47727272727273,3522,310.0,1076.75,0.0,2226.875,1.7244864688620802,High
275096a82182dfda202eab6f57539b7e,CBKEAHJXG8EJYDY6,Oxyglow Fruit Massage Cream With Vitamin-E & Pearl Facial Kit,http://www.flipkart.com/oxyglow-fruit-massage-cream-vitamin-e-pearl-facial-kit/p/itmeahjxhfzhux9n?pid=CBKEAHJXG8EJYDY6,2015-12-12 11:46:53+00:00,Beauty and Personal Care,Unknown,1310.0,786.0,,True,True,40.0,709,299.0,479.0,29.0,749.0,1.7055555555555555,High
8d5196bb4b2ad74b557768e9f666c21c,RTREF5VHQR3VGVHY,Zyxel PLA4231 500 Mbps Powerline Wireless N Extender (Single Pack),http://www.flipkart.com/zyxel-pla4231-500-mbps-powerline-wireless-n-extender-single-pack/p/itmef5vhgyg3ef8r?pid=RTREF5VHQR3VGVHY,2015-12-01 06:13:00+00:00,Computers,Zyxel,8646.0,4800.0,5.0,True,True,44.482997918112424,573,350.0,1995.0,0.0,4462.5,1.7051671732522797,High
1792946781fee9e5a906f420b86ae612,SHTDUXG9QTRUYSF3,Just Henry Men's Solid Formal Shirt,http://www.flipkart.com/just-henry-men-s-solid-formal-shirt/p/itmduxg9rqhjqw3z?pid=SHTDUXG9QTRUYSF3,2015-12-06 03:01:47+00:00,Clothing,Unknown,1520.0,1520.0,,True,True,0.0,6171,374.0,799.0,0.0,1436.5,1.6964705882352942,High
d41d3543ecdfee28297bd06dd8a9ae7d,SHTDUXG9KZ9R9PVZ,Just Henry Men's Checkered Formal Linen Shirt,http://www.flipkart.com/just-henry-men-s-checkered-formal-linen-shirt/p/itmduxg9ndcafmc6?pid=SHTDUXG9KZ9R9PVZ,2015-12-06 03:01:47+00:00,Clothing,Unknown,1520.0,1520.0,,True,True,0.0,6171,374.0,799.0,0.0,1436.5,1.6964705882352942,High
02d894e24263586af81d7a5bf99293b8,SHTEA6GAJRMXPQ8Q,Karsci Men's Solid Lounge Wear Shirt,http://www.flipkart.com/karsci-men-s-solid-lounge-wear-shirt/p/itmea5jyawwec3y2?pid=SHTEA6GAJRMXPQ8Q,2015-12-06 03:01:47+00:00,Clothing,Slim,1899.0,1519.0,,True,True,20.01053185887309,6171,374.0,799.0,0.0,1436.5,1.6941176470588235,High
296d7d55e9510e127304862456f90f81,DREEJH6JBSHH6XPZ,Miway Women's Shift Pink Dress,http://www.flipkart.com/miway-women-s-shift-pink-dress/p/itmejh6jzhrcfhan?pid=DREEJH6JBSHH6XPZ,2016-06-15 04:37:36+00:00,Clothing,Miway,3199.0,1519.0,,True,True,52.5164113785558,6171,374.0,799.0,0.0,1436.5,1.6941176470588235,High
4b3130ae4f23d1eb03614c8f5296097f,SHTEA6GAUYXXGS2W,Karsci Men's Solid Formal Shirt,http://www.flipkart.com/karsci-men-s-solid-formal-shirt/p/itmea6gawgvzhf8d?pid=SHTEA6GAUYXXGS2W,2015-12-06 03:01:47+00:00,Clothing,Slim,1899.0,1519.0,,True,True,20.01053185887309,6171,374.0,799.0,0.0,1436.5,1.6941176470588235,High
97383d3ab468b6cc937d5f4ed2ec4916,SHTEA6GA2PYVQ4ZP,Karsci Men's Solid Lounge Wear Shirt,http://www.flipkart.com/karsci-men-s-solid-lounge-wear-shirt/p/itmea6gaghcaa8gm?pid=SHTEA6GA2PYVQ4ZP,2015-12-06 03:01:47+00:00,Clothing,Slim,1899.0,1519.0,,True,True,20.01053185887309,6171,374.0,799.0,0.0,1436.5,1.6941176470588235,High
708edabdc0360397da5c87566c4cbcee,BDSE7FQ5QTGYQDH4,SRP Linen Cotton Striped King sized Double Bedsheet,http://www.flipkart.com/srp-linen-cotton-striped-king-sized-double-bedsheet/p/itme7fq5hfnvywhu?pid=BDSE7FQ5QTGYQDH4,2015-12-03 21:49:05+00:00,Home Furnishing,SRP Linen,3300.0,2700.0,,True,True,18.181818181818183,700,523.0,1332.0,0.0,2545.5,1.6909765142150803,High
0819d4b6085673edf1f64df2f3e60665,BLAE3GHGTZ94HJSU,Home India Abstract Double Quilts & Comforters Blue,http://www.flipkart.com/home-india-abstract-double-quilts-comforters-blue/p/itme3ghgmcb7yzzh?pid=BLAE3GHGTZ94HJSU,2015-12-20 08:26:17+00:00,Home Furnishing,Home India,5399.0,2699.0,,True,True,50.009260974254495,700,523.0,1332.0,0.0,2545.5,1.6897404202719406,High
9613f2f1e65fb1fc7e181e7f83c217da,VANEB97UCYGMNHRY,Goldencollections GC4353 Makeup and Jewellery Vanity Pouch,http://www.flipkart.com/goldencollections-gc4353-makeup-jewellery-vanity-pouch/p/itmeb97u3ehqzjgn?pid=VANEB97UCYGMNHRY,2016-01-04 00:20:04+00:00,Beauty and Personal Care,Unknown,1566.0,783.0,,True,True,50.0,709,299.0,479.0,29.0,749.0,1.6888888888888889,High
3aa50fc64da04289ba06537d1133f0f1,SWTEDMVMUQHEH2ZP,Wrangler Solid V-neck Casual Men's Sweater,http://www.flipkart.com/wrangler-solid-v-neck-casual-men-s-sweater/p/itmedmvmcwuws9a7?pid=SWTEDMVMUQHEH2ZP,2016-01-07 00:54:41+00:00,Clothing,Unknown,1895.0,1516.0,,True,True,20.0,6171,374.0,799.0,0.0,1436.5,1.6870588235294117,High
bd2a71a635bf307de0056b74205918b7,CRNEBFX57PVYZG5F,"Fabutex Polyester Black, White Abstract Eyelet Window & Door Curtain",http://www.flipkart.com/fabutex-polyester-black-white-abstract-eyelet-window-door-curtain/p/itmebfx5fewqyqpz?pid=CRNEBFX57PVYZG5F,2015-12-31 09:19:31+00:00,Home Furnishing,Fabutex,4500.0,2696.0,,True,True,40.08888888888889,700,523.0,1332.0,0.0,2545.5,1.6860321384425216,High
1a31709313f31bdb0fe53374b8bc9656,PENDTRFZGSCY6CBM,Pilot Roller Ball Pen,http://www.flipkart.com/pilot-roller-ball-pen/p/itmdtrg5yrg9tsz3?pid=PENDTRFZGSCY6CBM,2015-12-12 11:46:53+00:00,Pens & Stationery,Pilot,1140.0,1095.0,3.0,True,True,3.9473684210526314,313,225.0,550.0,0.0,1037.5,1.676923076923077,High
83f547de6e1a3b43b1045d0f39d20d19,RNGEFP2X2PRDAQPZ,Clara Certified Katela 6.5 cts or 7.25 ratti 4 Prongs Sterling Silver Amethyst Ring,http://www.flipkart.com/clara-certified-katela-6-5-cts-7-25-ratti-4-prongs-sterling-silver-amethyst-ring/p/itmefp2xxhes6guu?pid=RNGEFP2X2PRDAQPZ,2016-01-06 18:20:45+00:00,Jewellery,Clara,5270.0,2360.0,,True,True,55.21821631878558,3522,310.0,1076.75,0.0,2226.875,1.6736224323443103,High
a5bfef5b28f5fb08b6f66df0d83c0c97,RNGEFP2XDHURBWYP,Clara Certified Katela 6.5 cts or 7.25 ratti Elegant Sterling Silver Amethyst Ring,http://www.flipkart.com/clara-certified-katela-6-5-cts-7-25-ratti-elegant-sterling-silver-amethyst-ring/p/itmefp2x5zf7zzmg?pid=RNGEFP2XDHURBWYP,2016-01-06 18:20:45+00:00,Jewellery,Clara,5270.0,2360.0,,True,True,55.21821631878558,3522,310.0,1076.75,0.0,2226.875,1.6736224323443103,High
d4c9417490c792f074736fcf5a804a61,BBAEDZ9VZTDNKUQZ,The Museum Outlet Alloy Bracelet,http://www.flipkart.com/museum-outlet-alloy-bracelet/p/itmedz9vyh2ss8nu?pid=BBAEDZ9VZTDNKUQZ,2015-12-20 08:26:17+00:00,Jewellery,The Museum Outlet,2599.0,2359.0,,True,True,9.23432089265102,3522,310.0,1076.75,0.0,2226.875,1.6723182262797522,High
c5f7ec7f995aa889e02e9ed547bdef82,BBAEGGDCFERYAQHU,Dilan Jewels Alloy Zircon 18K Yellow Gold Bangle Set,http://www.flipkart.com/dilan-jewels-alloy-zircon-18k-yellow-gold-bangle-set/p/itmeggdcgjx5tavb?pid=BBAEGGDCFERYAQHU,2016-05-10 11:57:25+00:00,Jewellery,Dilan Jewels,2620.0,2358.0,,True,True,10.0,3522,310.0,1076.75,0.0,2226.875,1.671014020215194,High
bfa7877b39c242ed689bca3c80287ca3,JWSE7N8MJMHXHXV9,The Art Jewellery Eternal Ethnic Navratna Brass Jewel Set,http://www.flipkart.com/art-jewellery-eternal-ethnic-navratna-brass-jewel-set/p/itme7n8m5z6f7pyz?pid=JWSE7N8MJMHXHXV9,2015-12-12 11:46:53+00:00,Jewellery,The Art Jewellery,4699.0,2345.0,,True,True,50.095765056394974,3522,310.0,1076.75,0.0,2226.875,1.6540593413759375,High
e226ed99b7b9acbb6a474d4603faa8c7,SHTEBZU8AGESEXBG,Pecanz Men's Printed Casual Shirt,http://www.flipkart.com/pecanz-men-s-printed-casual-shirt/p/itmebzu893ggzstq?pid=SHTEBZU8AGESEXBG,2015-12-12 11:46:53+00:00,Clothing,Slim,1595.0,1501.0,,True,True,5.893416927899686,6171,374.0,799.0,0.0,1436.5,1.651764705882353,High
0316b4df301895a7f5cbfe87b7254220,SAREGSFVH6BFMRAK,Vipul Saree Printed Bhagalpuri Raw Silk Sari,http://www.flipkart.com/vipul-saree-printed-bhagalpuri-raw-silk-sari/p/itmegsfvgg4umxma?pid=SAREGSFVH6BFMRAK,2016-03-16 23:37:14+00:00,Clothing,Vipul Saree,2100.0,1500.0,,True,True,28.571428571428573,6171,374.0,799.0,0.0,1436.5,1.6494117647058824,High
324784fa627563faa36c98062dd5eb02,TOPE7DNYTYVKXH8X,Aaliya Casual Sleeveless Embellished Women's Top,http://www.flipkart.com/aaliya-casual-sleeveless-embellished-women-s-top/p/itme7dnyyfkbzqek?pid=TOPE7DNYTYVKXH8X,2016-01-06 18:20:45+00:00,Clothing,Unknown,2000.0,1500.0,,True,True,25.0,6171,374.0,799.0,0.0,1436.5,1.6494117647058824,High
50e9eeab35210f901a3c16a97f4e68ea,SAREGSFWFMAUATSX,Mahek Saree Striped Fashion Cotton Sari,http://www.flipkart.com/mahek-saree-striped-fashion-cotton-sari/p/itmegsfwtzwv33t9?pid=SAREGSFWFMAUATSX,2016-03-16 23:37:14+00:00,Clothing,Mahek Saree,2000.0,1500.0,,True,True,25.0,6171,374.0,799.0,0.0,1436.5,1.6494117647058824,High
7c9ee2f7365d2ad0db31a5cf0f8114e4,SAREGSFW6RDSHGNU,Mahek Saree Striped Fashion Cotton Sari,http://www.flipkart.com/mahek-saree-striped-fashion-cotton-sari/p/itmegsfwcyygzgqe?pid=SAREGSFW6RDSHGNU,2016-03-16 23:37:14+00:00,Clothing,Mahek Saree,2000.0,1500.0,,True,True,25.0,6171,374.0,799.0,0.0,1436.5,1.6494117647058824,High
a3794ff1674f8006a928b09584546986,SAREGSFVBWGSZACA,Mahek Saree Striped Fashion Cotton Sari,http://www.flipkart.com/mahek-saree-striped-fashion-cotton-sari/p/itmegsfvge6peezz?pid=SAREGSFVBWGSZACA,2016-03-16 23:37:14+00:00,Clothing,Mahek Saree,2000.0,1500.0,,True,True,25.0,6171,374.0,799.0,0.0,1436.5,1.6494117647058824,High
b884f93cbd7f25d2221ed1c8d2ac7228,SAREGSFVMYZC7EGW,Vipul Saree Printed Bhagalpuri Raw Silk Sari,http://www.flipkart.com/vipul-saree-printed-bhagalpuri-raw-silk-sari/p/itmegsfv4avvcjgm?pid=SAREGSFVMYZC7EGW,2016-03-16 23:37:14+00:00,Clothing,Vipul Saree,2100.0,1500.0,,True,True,28.571428571428573,6171,374.0,799.0,0.0,1436.5,1.6494117647058824,High
ba34de65867a0d3ce2007eaa2c3d0aea,KTAEJ8C64UYYN8M8,RANGSUTRA Embroidered Women's A-line Kurta,http://www.flipkart.com/rangsutra-embroidered-women-s-a-line-kurta/p/itmej8c6g42ypnmq?pid=KTAEJ8C64UYYN8M8,2016-06-13 19:06:01+00:00,Clothing,RANGSUTRA,1500.0,1500.0,,True,True,0.0,6171,374.0,799.0,0.0,1436.5,1.6494117647058824,High
d4354b0d36a3a9f60812bbebf548ce8c,SAREGSFVYZUQMT2Z,Vipul Saree Printed Bhagalpuri Raw Silk Sari,http://www.flipkart.com/vipul-saree-printed-bhagalpuri-raw-silk-sari/p/itmegsfvmbjsfasd?pid=SAREGSFVYZUQMT2Z,2016-03-16 23:37:14+00:00,Clothing,Vipul Saree,2100.0,1500.0,,True,True,28.571428571428573,6171,374.0,799.0,0.0,1436.5,1.6494117647058824,High
de8e06f226be9b10ef971e695159f2ed,SAREGSFVGZBN2UC8,Vipul Saree Printed Bhagalpuri Raw Silk Sari,http://www.flipkart.com/vipul-saree-printed-bhagalpuri-raw-silk-sari/p/itmegsfvfsuerjdf?pid=SAREGSFVGZBN2UC8,2016-03-16 23:37:14+00:00,Clothing,Vipul Saree,2100.0,1500.0,,True,True,28.571428571428573,6171,374.0,799.0,0.0,1436.5,1.6494117647058824,High
e62878feb19770475d116cc47a7f00f2,SAREGSFVGA9ZCPT2,Mahek Saree Striped Fashion Cotton Sari,http://www.flipkart.com/mahek-saree-striped-fashion-cotton-sari/p/itmegsfvaczfntwe?pid=SAREGSFVGA9ZCPT2,2016-03-16 23:37:14+00:00,Clothing,Mahek Saree,2000.0,1500.0,,True,True,25.0,6171,374.0,799.0,0.0,1436.5,1.6494117647058824,High
ede3b2c659d8021551151189ef35a56f,SAREGSFVAUTRGFMG,Vipul Saree Printed Bhagalpuri Raw Silk Sari,http://www.flipkart.com/vipul-saree-printed-bhagalpuri-raw-silk-sari/p/itmegsfv8zsafadr?pid=SAREGSFVAUTRGFMG,2016-03-16 23:37:14+00:00,Clothing,Vipul Saree,2100.0,1500.0,,True,True,28.571428571428573,6171,374.0,799.0,0.0,1436.5,1.6494117647058824,High
946f642bdcc7e59cee5a510cd52bf70a,BBAEGFCTGA8BCDTA,Dilan Jewels Alloy Zircon 18K Yellow Gold Bangle Set,http://www.flipkart.com/dilan-jewels-alloy-zircon-18k-yellow-gold-bangle-set/p/itmegfct9uzthpzd?pid=BBAEGFCTGA8BCDTA,2016-05-10 11:57:25+00:00,Jewellery,Dilan Jewels,2600.0,2340.0,,True,True,10.0,3522,310.0,1076.75,0.0,2226.875,1.6475383110531463,High
08b765e7ec8b5e5e49b3b3ab10537daa,DREE92AQQFDRUFAN,Just In Time Fashions Women's A-line Dress,http://www.flipkart.com/just-time-fashions-women-s-a-line-dress/p/itme92aqfews6bmm?pid=DREE92AQQFDRUFAN,2016-01-06 18:20:45+00:00,Clothing,Unknown,2499.0,1499.0,,True,True,40.016006402561025,6171,374.0,799.0,0.0,1436.5,1.6470588235294117,High
092f14804c456576db0b39f32d6ce0f6,ACBECNEZYZGNZZAZ,Posto Necktie Men's  Combo,http://www.flipkart.com/posto-necktie-men-s-combo/p/itmecnezfphrz34f?pid=ACBECNEZYZGNZZAZ,2016-01-06 18:20:45+00:00,Clothing,Unknown,3499.0,1499.0,,True,True,57.15918833952558,6171,374.0,799.0,0.0,1436.5,1.6470588235294117,High
182291f409556d8ca53571f791c7a7a3,JCKEGDFGPZZFBJ63,"Lolaski Sleeveless Striped Women's, Girl's Denim Jacket",http://www.flipkart.com/lolaski-sleeveless-striped-women-s-girl-s-denim-jacket/p/itmegdfge3zxgz3f?pid=JCKEGDFGPZZFBJ63,2016-04-02 19:26:28+00:00,Clothing,Lolaski,3000.0,1499.0,,True,True,50.03333333333333,6171,374.0,799.0,0.0,1436.5,1.6470588235294117,High
2930301a863cf7253f45a40747192c89,PYJEGR3YGPQZJU3Q,Antshrike Men's Pyjama,http://www.flipkart.com/antshrike-men-s-pyjama/p/itmegr3ypmtd5sd3?pid=PYJEGR3YGPQZJU3Q,2016-04-02 19:26:28+00:00,Clothing,Antshrike,2299.0,1499.0,,True,True,34.797738147020446,6171,374.0,799.0,0.0,1436.5,1.6470588235294117,High
2a0ec085edad18f37ad6bcc06cd9e777,DREE8MF7NWZUYSBV,Herberto Girl's A-line Dress,http://www.flipkart.com/herberto-girl-s-a-line-dress/p/itme8mf7jsqjgynu?pid=DREE8MF7NWZUYSBV,2016-01-06 18:20:45+00:00,Clothing,Unknown,2899.0,1499.0,,True,True,48.29251466022767,6171,374.0,799.0,0.0,1436.5,1.6470588235294117,High
2d9a397c4a21847e2dd97d60f79c1c03,CAPEYHQQP7AGHSSZ,InnovationTheStore Solid Basic Cap Cap,http://www.flipkart.com/innovationthestore-solid-basic-cap/p/itmeyhqqux2w9hcw?pid=CAPEYHQQP7AGHSSZ,2015-12-31 09:19:31+00:00,Clothing,Unknown,2999.0,1499.0,,True,True,50.01667222407469,6171,374.0,799.0,0.0,1436.5,1.6470588235294117,High
33337bdbf4776b7d85a0ccbfea810418,TUNEB73EWGGZHHTG,Mustard Solid Women's Tunic,http://www.flipkart.com/mustard-solid-women-s-tunic/p/itmeb73ejhgcdtwh?pid=TUNEB73EWGGZHHTG,2016-01-07 05:50:25+00:00,Clothing,Unknown,1499.0,1499.0,,True,True,0.0,6171,374.0,799.0,0.0,1436.5,1.6470588235294117,High
33ef4b9275dabf3f2bd79ef178a2c353,FABEGAMP7ST6KS5F,NEWLOOK Georgette Embroidered Semi-stitched Salwar Suit Dupatta Material,http://www.flipkart.com/newlook-georgette-embroidered-semi-stitched-salwar-suit-dupatta-material/p/itmegamp9pgzfkvh?pid=FABEGAMP7ST6KS5F,2016-03-02 19:09:22+00:00,Clothing,NEWLOOK,4599.0,1499.0,,True,True,67.40595781691673,6171,374.0,799.0,0.0,1436.5,1.6470588235294117,High
383d55cd95913eb68555a0d0d9ee723d,SHTEJGFAUKFZSGYN,Livastar Men's Solid Casual Blue Shirt,http://www.flipkart.com/livastar-men-s-solid-casual-blue-shirt/p/itmejgfa39sycfux?pid=SHTEJGFAUKFZSGYN,2016-06-11 04:39:29+00:00,Clothing,Livastar,1499.0,1499.0,,True,True,0.0,6171,374.0,799.0,0.0,1436.5,1.6470588235294117,High
3b84c3b5a065db76015d0612d263ba49,TROEATNW2VJPJU8U,Asaba Regular Fit Men's Trousers,http://www.flipkart.com/asaba-regular-fit-men-s-trousers/p/itmeatnwvhhznazc?pid=TROEATNW2VJPJU8U,2016-01-07 00:54:41+00:00,Clothing,Unknown,2100.0,1499.0,,True,True,28.61904761904762,6171,374.0,799.0,0.0,1436.5,1.6470588235294117,High
430a5bbd8647db2ea11bf9549361fe36,SAREG7KUZTFADYW4,ROSHNI FASHIONS Self Design Bollywood Net Sari,http://www.flipkart.com/roshni-fashions-self-design-bollywood-net-sari/p/itmeg7kuuedzqzgm?pid=SAREG7KUZTFADYW4,2016-04-29 11:45:32+00:00,Clothing,ROSHNI FASHIONS,2999.0,1499.0,,True,True,50.01667222407469,6171,374.0,799.0,0.0,1436.5,1.6470588235294117,High
51eee156d782e34cb633c1381bc95b25,SKIECBAAGZJYWFUH,Change360° Floral Print Women's A-line Skirt,http://www.flipkart.com/change360-floral-print-women-s-a-line-skirt/p/itmecbaagrcpzgge?pid=SKIECBAAGZJYWFUH,2015-12-20 08:26:17+00:00,Clothing,Unknown,1499.0,1499.0,,True,True,0.0,6171,374.0,799.0,0.0,1436.5,1.6470588235294117,High
56e728be7c274762a5ad3e74c356c433,PYJEGR3YTGEUFDFV,Antshrike Men's Pyjama,http://www.flipkart.com/antshrike-men-s-pyjama/p/itmegr3yfm2nmpxx?pid=PYJEGR3YTGEUFDFV,2016-04-02 19:26:28+00:00,Clothing,Antshrike,2299.0,1499.0,,True,True,34.797738147020446,6171,374.0,799.0,0.0,1436.5,1.6470588235294117,High
580b2b77fb12b1409e1ba9456fd56361,JCKDXPJGDX8MMGDF,People Full Sleeve Solid Women's Jacket,http://www.flipkart.com/people-full-sleeve-solid-women-s-jacket/p/itmeggcyvuyj8n64?pid=JCKDXPJGDX8MMGDF,2016-05-10 11:57:25+00:00,Clothing,People,1499.0,1499.0,,True,True,0.0,6171,374.0,799.0,0.0,1436.5,1.6470588235294117,High
59d2747a846e1dc4684c1f1a45b02772,TOPECCNVM4SN9F9C,Dewberries Formal 3/4 Sleeve Solid Women's Top,http://www.flipkart.com/dewberries-formal-3-4-sleeve-solid-women-s-top/p/itmeccnugvxgb7s3?pid=TOPECCNVM4SN9F9C,2016-01-07 00:54:41+00:00,Clothing,Unknown,1499.0,1499.0,,True,True,0.0,6171,374.0,799.0,0.0,1436.5,1.6470588235294117,High
64439c14380a8322e251c673e8cd6a54,PYJEGR45T6HSVGZS,Antshrike Men's Pyjama,http://www.flipkart.com/antshrike-men-s-pyjama/p/itmegr45zuhyeqtf?pid=PYJEGR45T6HSVGZS,2016-04-02 19:26:28+00:00,Clothing,Antshrike,2299.0,1499.0,,True,True,34.797738147020446,6171,374.0,799.0,0.0,1436.5,1.6470588235294117,High
6661e8475f69dcd4f980a5a5fde34bbf,JEAEHGTNJ9GGSFZD,GALLOWAY skinny Fit Women's Jeans,http://www.flipkart.com/galloway-skinny-fit-women-s-jeans/p/itmehgtn247cue4b?pid=JEAEHGTNJ9GGSFZD,2016-04-13 02:13:26+00:00,Clothing,GALLOWAY,6599.0,1499.0,,True,True,77.28443703591454,6171,374.0,799.0,0.0,1436.5,1.6470588235294117,High
687efc81698e59c9fb2e31e30c203b27,TOPEHZNMGXRRHPGG,Satovira Party Sleeveless Solid Women's Top,http://www.flipkart.com/satovira-party-sleeveless-solid-women-s-top/p/itmehznmufms5hpr?pid=TOPEHZNMGXRRHPGG,2016-04-24 18:34:50+00:00,Clothing,Satovira,1499.0,1499.0,,True,True,0.0,6171,374.0,799.0,0.0,1436.5,1.6470588235294117,High
780c4da0e6c6c7b4c8bc973339122bb0,TOPE8YMA2AJHHHP9,Puma Casual Short Sleeve Solid Women's Top,http://www.flipkart.com/puma-casual-short-sleeve-solid-women-s-top/p/itme8ymayg4urha6?pid=TOPE8YMA2AJHHHP9,2015-12-31 09:19:31+00:00,Clothing,Unknown,1499.0,1499.0,,True,True,0.0,6171,374.0,799.0,0.0,1436.5,1.6470588235294117,High
7f78683bf86bc1a8b08c9a9c98921124,JUMEJB3YYZM5HSPR,Pari & Prince Printed Girl's Jumpsuit,http://www.flipkart.com/pari-prince-printed-girl-s-jumpsuit/p/itmejb3yjyugmzty?pid=JUMEJB3YYZM5HSPR,2016-06-17 07:53:02+00:00,Clothing,Pari & Prince,4099.0,1499.0,,True,True,63.43010490363503,6171,374.0,799.0,0.0,1436.5,1.6470588235294117,High
81238bec1c1d0869cac3661654a2da2b,TOPEHZNZ9YZYYAPU,Satovira Party Sleeveless Solid Women's Top,http://www.flipkart.com/satovira-party-sleeveless-solid-women-s-top/p/itmehznzwzbzczt9?pid=TOPEHZNZ9YZYYAPU,2016-04-24 18:34:50+00:00,Clothing,Satovira,1499.0,1499.0,,True,True,0.0,6171,374.0,799.0,0.0,1436.5,1.6470588235294117,High
913ba22ae3f72c09196ded60dff2985c,TOPEHZNMGBH5HHGA,Satovira Party Sleeveless Solid Women's Top,http://www.flipkart.com/satovira-party-sleeveless-solid-women-s-top/p/itmehznmfkb6zhjw?pid=TOPEHZNMGBH5HHGA,2016-04-24 18:34:50+00:00,Clothing,Satovira,1499.0,1499.0,,True,True,0.0,6171,374.0,799.0,0.0,1436.5,1.6470588235294117,High
93631f3e74b64f68243fb565e6a9a36b,DREE8MF7EUYUBNND,Herberto Girl's A-line Dress,http://www.flipkart.com/herberto-girl-s-a-line-dress/p/itme8mf7nrd37qnc?pid=DREE8MF7EUYUBNND,2016-01-06 18:20:45+00:00,Clothing,Unknown,2999.0,1499.0,,True,True,50.01667222407469,6171,374.0,799.0,0.0,1436.5,1.6470588235294117,High
99f1b6a303c54201c01e127da19c181d,TOPEHZNZ3A7KV2ZG,Satovira Party Sleeveless Solid Women's Top,http://www.flipkart.com/satovira-party-sleeveless-solid-women-s-top/p/itmehznznymdhpyz?pid=TOPEHZNZ3A7KV2ZG,2016-04-24 18:34:50+00:00,Clothing,Satovira,1499.0,1499.0,,True,True,0.0,6171,374.0,799.0,0.0,1436.5,1.6470588235294117,High
a77d4016588203cb1346c788bcf9fc1a,TOPE9T4DQUSCG8AW,STFU Casual Full Sleeve Printed Women's Top,http://www.flipkart.com/stfu-casual-full-sleeve-printed-women-s-top/p/itme9t4dcbh93xf6?pid=TOPE9T4DQUSCG8AW,2015-12-31 09:19:31+00:00,Clothing,Unknown,1799.0,1499.0,,True,True,16.675931072818234,6171,374.0,799.0,0.0,1436.5,1.6470588235294117,High
a80c8eefcd29e442d8f4df9dc5316115,TOPECH4FHGAQXFDH,Dglowing Party Sleeveless Embellished Women's Top,http://www.flipkart.com/dglowing-party-sleeveless-embellished-women-s-top/p/itmech4fyfzzzzcy?pid=TOPECH4FHGAQXFDH,2015-12-31 09:19:31+00:00,Clothing,Unknown,1999.0,1499.0,,True,True,25.012506253126563,6171,374.0,799.0,0.0,1436.5,1.6470588235294117,High
aa3c286a74a72d2af0da777d6003b5e0,JEAEHGTNHGK4ATX7,GALLOWAY skinny Fit Women's Jeans,http://www.flipkart.com/galloway-skinny-fit-women-s-jeans/p/itmehgtnqpefzfuq?pid=JEAEHGTNHGK4ATX7,2016-04-13 02:13:26+00:00,Clothing,GALLOWAY,6599.0,1499.0,,True,True,77.28443703591454,6171,374.0,799.0,0.0,1436.5,1.6470588235294117,High
acf3f217fe6ad065d1671e0d62ab7be7,TOPEHZNZ6BCHRYZC,Satovira Party Sleeveless Solid Women's Top,http://www.flipkart.com/satovira-party-sleeveless-solid-women-s-top/p/itmehznzgkhf6wav?pid=TOPEHZNZ6BCHRYZC,2016-04-24 18:34:50+00:00,Clothing,Satovira,1499.0,1499.0,,True,True,0.0,6171,374.0,799.0,0.0,1436.5,1.6470588235294117,High
b5193246e2e756cb5a89c44a1179682e,TOPECY77GYMZDRGX,Mangosteen Casual 3/4 Sleeve Printed Women's Top,http://www.flipkart.com/mangosteen-casual-3-4-sleeve-printed-women-s-top/p/itmecy77zsygfsva?pid=TOPECY77GYMZDRGX,2016-01-06 18:20:45+00:00,Clothing,Unknown,1999.0,1499.0,,True,True,25.012506253126563,6171,374.0,799.0,0.0,1436.5,1.6470588235294117,High
c864104b12d70c9ec5d9abef56fd7e42,JCKDXPJGFGS7UGHZ,People Full Sleeve Solid Women's Jacket,http://www.flipkart.com/people-full-sleeve-solid-women-s-jacket/p/itmeggcyrkjymcf5?pid=JCKDXPJGFGS7UGHZ,2016-05-10 11:57:25+00:00,Clothing,People,1499.0,1499.0,,True,True,0.0,6171,374.0,799.0,0.0,1436.5,1.6470588235294117,High
cac35a16c7e398a4f9b8764cee5ac02a,JEAEHGT6CZFDDGYH,GALLOWAY skinny Fit Women's Jeans,http://www.flipkart.com/galloway-skinny-fit-women-s-jeans/p/itmehgt6bqtmkcqd?pid=JEAEHGT6CZFDDGYH,2016-04-13 02:13:26+00:00,Clothing,GALLOWAY,6599.0,1499.0,,True,True,77.28443703591454,6171,374.0,799.0,0.0,1436.5,1.6470588235294117,High
cea9d111f04db362651c0175dfd5032e,TFHECYGAREJ2ACWS,Beevee Printed Men's Three Fourths,http://www.flipkart.com/beevee-printed-men-s-three-fourths/p/itmecygam8zvzp2y?pid=TFHECYGAREJ2ACWS,2016-01-07 00:54:41+00:00,Clothing,Unknown,1499.0,1499.0,,True,True,0.0,6171,374.0,799.0,0.0,1436.5,1.6470588235294117,High
d31c6d3fa4e1f7b9a2c49f1063df28b5,PYJEGR3XNRPRYJZA,Antshrike Men's Pyjama,http://www.flipkart.com/antshrike-men-s-pyjama/p/itmegr3xzsuzebqq?pid=PYJEGR3XNRPRYJZA,2016-04-02 19:26:28+00:00,Clothing,Antshrike,2299.0,1499.0,,True,True,34.797738147020446,6171,374.0,799.0,0.0,1436.5,1.6470588235294117,High
dcc307505a3242d97a1fd96c2a41db6b,TOPEHZNNEKEGYNQE,Satovira Party Sleeveless Solid Women's Top,http://www.flipkart.com/satovira-party-sleeveless-solid-women-s-top/p/itmehznn5py2mgwx?pid=TOPEHZNNEKEGYNQE,2016-04-24 18:34:50+00:00,Clothing,Satovira,1499.0,1499.0,,True,True,0.0,6171,374.0,799.0,0.0,1436.5,1.6470588235294117,High
e573007990ec6faba1565a7ee89c3d39,LJGEJAAC89UGZXGG,"Glitterss Women's White, Beige, Blue Jeggings",http://www.flipkart.com/glitterss-women-s-white-beige-blue-jeggings/p/itmejaa9wzppp4zg?pid=LJGEJAAC89UGZXGG,2016-06-09 09:25:38+00:00,Clothing,Glitterss,2998.0,1499.0,,True,True,50.0,6171,374.0,799.0,0.0,1436.5,1.6470588235294117,High
ec38ef14321446e15312ebda18162c78,DREEDN3AH7TSH3R8,Jaune Women's Sheath Dress,http://www.flipkart.com/jaune-women-s-sheath-dress/p/itmedn3ayzgg32dq?pid=DREEDN3AH7TSH3R8,2016-01-06 18:20:45+00:00,Clothing,Unknown,2899.0,1499.0,,True,True,48.29251466022767,6171,374.0,799.0,0.0,1436.5,1.6470588235294117,High
f3c7dc7ba21dfe5b54fb648fb24ab3b9,PYJEGR3YBQY87EJW,Antshrike Men's Pyjama,http://www.flipkart.com/antshrike-men-s-pyjama/p/itmegr3yzh4zxfy4?pid=PYJEGR3YBQY87EJW,2016-04-02 19:26:28+00:00,Clothing,Antshrike,2299.0,1499.0,,True,True,34.797738147020446,6171,374.0,799.0,0.0,1436.5,1.6470588235294117,High
7374c279184053c98b119bf0cc2e9270,TOPEDFFJMUYZFYW3,Van Heusen Casual 3/4 Sleeve Printed Women's Top,http://www.flipkart.com/van-heusen-casual-3-4-sleeve-printed-women-s-top/p/itmedffjrfusvac5?pid=TOPEDFFJMUYZFYW3,2015-12-31 09:19:31+00:00,Clothing,Unknown,2495.0,1497.0,,True,True,40.0,6171,374.0,799.0,0.0,1436.5,1.6423529411764706,High
1c62794457e4e6bac65ec73a77e60d38,RKSEAF7WYHJBVRHD,Zerogravity Climate Proof Rucksack  - 75 L,http://www.flipkart.com/zerogravity-climate-proof-rucksack-75-l/p/itmeaf7wfwdhdmwb?pid=RKSEAF7WYHJBVRHD,2016-01-01 19:37:22+00:00,"Bags, Wallets & Belts",Unknown,2448.0,2248.0,,True,True,8.169934640522875,264,399.0,1099.0,0.0,2149.0,1.6414285714285715,High
b4ebebc5c2d5614ba033195b2cf1dbac,SHIE8QF9CCDEQC6H,Aakrati Brass Sculpture Metal Handicrafts Gift Showpiece  -  17.78 cm,http://www.flipkart.com/aakrati-brass-sculpture-metal-handicrafts-gift-showpiece-17-78-cm/p/itme8qf9hugdj5mq?pid=SHIE8QF9CCDEQC6H,2016-01-04 03:25:23+00:00,Home Decor & Festive Needs,Aakrati,5299.0,2599.0,,True,True,50.95301000188715,927,426.5,1250.0,0.0,2485.25,1.6381299332119004,High
5e5dc6474ef53c446be44942370c4bbd,DREEGN5RBUBWAV6G,MomToBe Women's A-line Green Dress,http://www.flipkart.com/momtobe-women-s-a-line-green-dress/p/itmegn5rhhvvethg?pid=DREEGN5RBUBWAV6G,2016-06-23 02:25:03+00:00,Clothing,MomToBe,1645.0,1495.0,,True,True,9.118541033434651,6171,374.0,799.0,0.0,1436.5,1.6376470588235295,High
beb241345dac78fafa6acf7541ba1cbe,TOPEBABFMZ2GSC2G,Only Party Short Sleeve Solid Women's Top,http://www.flipkart.com/only-party-short-sleeve-solid-women-s-top/p/itmebabfzvp38pgh?pid=TOPEBABFMZ2GSC2G,2016-01-06 18:20:45+00:00,Clothing,Unknown,1495.0,1495.0,,True,True,0.0,6171,374.0,799.0,0.0,1436.5,1.6376470588235295,High
7751fc52dc2d25862074911964d8c2a8,ACCED842XGG998ZC,JJC LH-87  Lens Hood,http://www.flipkart.com/jjc-lh-87-lens-hood/p/itmdnsfzasrnvmcp?pid=ACCED842XGG998ZC,2015-12-29 05:07:38+00:00,Cameras & Accessories,JJC,3425.0,2799.0,,True,True,18.277372262773724,72,674.0,1480.0,0.0,2689.0,1.6364764267990075,High
1e051528bfd9d8812047a81d9973bad4,CRTECYY4VY3MU5HR,Accessory Mart RD Car Mat Renault Duster,http://www.flipkart.com/accessory-mart-rd-car-mat-renault-duster/p/itmecyy4eny2bh2v?pid=CRTECYY4VY3MU5HR,2015-12-01 12:40:44+00:00,Automotive,Accessory Mart,5500.0,3399.0,,True,True,38.2,1010,499.0,1599.0,0.0,3249.0,1.6363636363636365,High
6d514927a2f22a33438881333c5f7dca,CRTECYY4DCRARYG9,Accessory Mart MSC Car Mat Maruti Celerio,http://www.flipkart.com/accessory-mart-msc-car-mat-maruti-celerio/p/itmecyy4rfcfqhzy?pid=CRTECYY4DCRARYG9,2015-12-01 12:40:44+00:00,Automotive,Accessory Mart,5500.0,3399.0,,True,True,38.2,1010,499.0,1599.0,0.0,3249.0,1.6363636363636365,High
6e592d2dd2af88e685335ad56df12f0f,CRTECYY4GWBEETBG,Accessory Mart FFB Car Mat Ford Figo,http://www.flipkart.com/accessory-mart-ffb-car-mat-ford-figo/p/itmecyy4ughwjack?pid=CRTECYY4GWBEETBG,2015-12-01 12:40:44+00:00,Automotive,Accessory Mart,5500.0,3399.0,,True,True,38.2,1010,499.0,1599.0,0.0,3249.0,1.6363636363636365,High
774aefa7b3d77d820e94e85124f10778,CRTECYY4GFDJFKBD,Accessory Mart TE Car Mat Toyota Etios,http://www.flipkart.com/accessory-mart-te-car-mat-toyota-etios/p/itmecyy4ugjedbfu?pid=CRTECYY4GFDJFKBD,2015-12-01 12:40:44+00:00,Automotive,Accessory Mart,5500.0,3399.0,,True,True,38.2,1010,499.0,1599.0,0.0,3249.0,1.6363636363636365,High
815fc07c1e4ada9def2180b672330acd,CRTECYY42XCUKHNA,Accessory Mart MSSD Car Mat Maruti Swift Dzire,http://www.flipkart.com/accessory-mart-mssd-car-mat-maruti-swift-dzire/p/itmecyy4pybsv9gc?pid=CRTECYY42XCUKHNA,2015-12-01 12:40:44+00:00,Automotive,Accessory Mart,5500.0,3399.0,,True,True,38.2,1010,499.0,1599.0,0.0,3249.0,1.6363636363636365,High
acace8f43f784a099344ea4151a5b9ab,CRTECYY4HKRGEPMS,Accessory Mart HC Car Mat Honda City,http://www.flipkart.com/accessory-mart-hc-car-mat-honda-city/p/itmecyy4ucxamtqv?pid=CRTECYY4HKRGEPMS,2015-12-01 12:40:44+00:00,Automotive,Accessory Mart,5500.0,3399.0,,True,True,38.2,1010,499.0,1599.0,0.0,3249.0,1.6363636363636365,High
bdc8d756e2c260b643fc4d1fe24fa045,CRTECYY4ZHUZ6HNT,Accessory Mart TE Car Mat Toyota Etios Liva,http://www.flipkart.com/accessory-mart-te-car-mat-toyota-etios-liva/p/itmecyy4hkhyzcvh?pid=CRTECYY4ZHUZ6HNT,2015-12-01 12:40:44+00:00,Automotive,Accessory Mart,5500.0,3399.0,,True,True,38.2,1010,499.0,1599.0,0.0,3249.0,1.6363636363636365,High
27269e086e28f49aa13e57ca8209c596,SWTEDP7UDHHTZY2Y,"Lee Solid V-neck Casual, Party Men's Sweater",http://www.flipkart.com/lee-solid-v-neck-casual-party-men-s-sweater/p/itmedp7uzxptwzra?pid=SWTEDP7UDHHTZY2Y,2016-01-06 18:20:45+00:00,Clothing,Unknown,2299.0,1494.0,,True,True,35.01522401043932,6171,374.0,799.0,0.0,1436.5,1.6352941176470588,High
43e444307157aca6bb055c4bada67928,SOFEDVYZSG7DTMYG,ARRA Solid Wood 4 Seater Sofa,http://www.flipkart.com/arra-solid-wood-4-seater-sofa/p/itmedvyzfsth4a7x?pid=SOFEDVYZSG7DTMYG,2015-12-31 09:19:31+00:00,Furniture,ARRA,57500.0,57500.0,,True,True,0.0,180,1299.0,22646.0,0.0,54666.5,1.632735278961915,High
90d30478255e23621e8929ed15c2f6e4,FABEGGHHDFMY8BZU,Sinina Chanderi Embroidered Salwar Suit Dupatta Material,http://www.flipkart.com/sinina-chanderi-embroidered-salwar-suit-dupatta-material/p/itmegghhvekngdpp?pid=FABEGGHHDFMY8BZU,2016-03-05 12:31:04+00:00,Clothing,Sinina,2980.0,1490.0,,True,True,50.0,6171,374.0,799.0,0.0,1436.5,1.6258823529411766,High
ad8479053dc3f47eb95a7e9791745847,FABE7ZDZQWWXKRUZ,MasterweaverIndia Cotton Woven Blouse Material,http://www.flipkart.com/masterweaverindia-cotton-woven-blouse-material/p/itme7zdzrpx2xbvc?pid=FABE7ZDZQWWXKRUZ,2015-12-01 12:40:44+00:00,Clothing,Unknown,1490.0,1490.0,,True,True,0.0,6171,374.0,799.0,0.0,1436.5,1.6258823529411766,High
6853a613f0eed81030ad7d110d277dae,AVCEGCNVZJHWXBMT,"Speedwav 1 Rear View Mirror Screen, 1 4.3 Inch Screen & Camera-Renault Fluence Combo",http://www.flipkart.com/speedwav-1-rear-view-mirror-screen-4-3-inch-screen-camera-renault-fluence-combo/p/itmegcnv96yvdtrt?pid=AVCEGCNVZJHWXBMT,2016-03-03 22:49:41+00:00,Automotive,Speedwav,7200.0,3383.0,,True,True,53.013888888888886,1010,499.0,1599.0,0.0,3249.0,1.6218181818181818,High
26343aa199d2c081e0713c260f89a88a,STFEBCZQ5YYZJYSG,MK Teddy Minion double eye  - 35 cm,http://www.flipkart.com/mk-teddy-minion-double-eye-35-cm/p/itmebczqdczryx2g?pid=STFEBCZQ5YYZJYSG,2016-01-07 00:54:41+00:00,Toys & School Supplies,Unknown,1370.0,1150.0,3.7,True,True,16.05839416058394,329,179.0,550.0,0.0,1106.5,1.6172506738544474,High
e18aace92fadededb348d8488931a1e2,SHOE6ZQE7K9W3ZX3,Salt N Pepper 14-664 Denny Black Boots Boots,http://www.flipkart.com/salt-n-pepper-14-664-denny-black-boots/p/itme6zqdzhmszhfz?pid=SHOE6ZQE7K9W3ZX3,2015-12-04 07:25:36+00:00,Footwear,Unknown,4295.0,3221.0,,True,True,25.0058207217695,1225,499.0,1540.0,0.0,3101.5,1.6147934678194045,High
d790d4e0e5d2a67652089b9ec0e666ec,PACE3RJYU2NZQRX8,Chefn FreshForce Arugula/Meringue Wheel Pizza Cutter,http://www.flipkart.com/chefn-freshforce-arugula-meringue-wheel-pizza-cutter/p/itme3rjy645pcmzy?pid=PACE3RJYU2NZQRX8,2015-12-01 12:40:44+00:00,Kitchen & Dining,Chefn,1200.0,1200.0,,True,True,0.0,645,199.0,582.0,0.0,1156.5,1.6135770234986946,High
6e812fbc03331ab363789b0f2d6b3ff2,DREEGR57VHJJCGFK,Titrit Baby Girl's Gathered Dress,http://www.flipkart.com/titrit-baby-girl-s-gathered-dress/p/itmegr57cq7vuwqe?pid=DREEGR57VHJJCGFK,2016-03-16 23:37:14+00:00,Baby Care,Titrit,1800.0,1800.0,,True,True,0.0,481,499.0,999.0,0.0,1749.0,1.602,High
382fefc8dd2c0522eace7d9376cfba95,CCVEFV4XN2TQDQJZ,Raaisin Dupont Tyvek Car Cover For Astra,http://www.flipkart.com/raaisin-dupont-tyvek-car-cover-astra/p/itmefv4xhahw6wrs?pid=CCVEFV4XN2TQDQJZ,2016-02-25 09:50:31+00:00,Automotive,Raaisin,3999.0,3356.0,,True,True,16.079019754938734,1010,499.0,1599.0,0.0,3249.0,1.5972727272727272,High
9c6ce5a2edf272813b24bb3ad2c6f8b6,SHIEHWZZJGZYHQSZ,PURAN 999 Pure Silver Idol PARSAVNATH JI (Divine Gift in Air Proof Acrylic Box) Showpiece  -  4 cm,http://www.flipkart.com/puran-999-pure-silver-idol-parsavnath-ji-divine-gift-air-proof-acrylic-box-showpiece-4-cm/p/itmehwzzbbc4frhm?pid=SHIEHWZZJGZYHQSZ,2016-05-20 04:42:46+00:00,Jewellery,PURAN,2470.0,2300.0,,True,True,6.882591093117409,3522,310.0,1076.75,0.0,2226.875,1.5953700684708183,High
984f2908c2dde2e13bcb2a00d623df3e,SNDEDN5EEBUV9JYZ,Kanabis Women Wedges,http://www.flipkart.com/kanabis-women-wedges/p/itmedn5edrxe4gb5?pid=SNDEDN5EEBUV9JYZ,2015-12-29 05:07:38+00:00,Footwear,Unknown,3200.0,3200.0,,True,True,0.0,1225,499.0,1540.0,0.0,3101.5,1.5946205571565801,High
5ade45f2c9966eb25f0dc1e65e9c2492,BBAE8X4VNXA5SZCG,Anjan Brass Cubic Zirconia Yellow Gold Kada,http://www.flipkart.com/anjan-brass-cubic-zirconia-yellow-gold-kada/p/itme8x4v568t983q?pid=BBAE8X4VNXA5SZCG,2015-12-20 08:26:17+00:00,Jewellery,Anjan,5769.0,2299.0,,True,True,60.14907262957185,3522,310.0,1076.75,0.0,2226.875,1.5940658624062602,High
d6a4b62067d04cab8397e76e01656d0a,SHOEBZ3DYJZDTGAP,Magnum Footwear Lifestyle Boots,http://www.flipkart.com/magnum-footwear-lifestyle-boots/p/itmebz3ce3vfdtjh?pid=SHOEBZ3DYJZDTGAP,2015-12-04 07:25:36+00:00,Footwear,Unknown,5999.0,3199.0,,True,True,46.67444574095683,1225,499.0,1540.0,0.0,3101.5,1.5936599423631124,High
093779317b0d724dd9c03dd810f6cc45,SHTE93ZPTWPFQQZG,Karlsburg Men's Checkered Formal Shirt,http://www.flipkart.com/karlsburg-men-s-checkered-formal-shirt/p/itme94h3gmtqtzqz?pid=SHTE93ZPTWPFQQZG,2015-12-06 03:01:47+00:00,Clothing,Regular,1475.0,1475.0,,True,True,0.0,6171,374.0,799.0,0.0,1436.5,1.5905882352941176,High
81e467a349757bd461803041a9185e19,SHTE93ZZU4ARACZF,Karlsburg Men's Solid Formal Shirt,http://www.flipkart.com/karlsburg-men-s-solid-formal-shirt/p/itme94h3ygyhz5mr?pid=SHTE93ZZU4ARACZF,2015-12-06 03:01:47+00:00,Clothing,Regular,1475.0,1475.0,,True,True,0.0,6171,374.0,799.0,0.0,1436.5,1.5905882352941176,High
b69455b4f4a980063d7ec431943938a8,SWDEJXHBHWTUXCXS,"Salwar Studio Geometric Print, Paisley Kurta & Salwar",http://www.flipkart.com/salwar-studio-geometric-print-paisley-kurta/p/itmejxhbvfucr8j3?pid=SWDEJXHBHWTUXCXS,2016-06-24 16:03:26+00:00,Clothing,Salwar Studio,3795.0,1475.0,,True,True,61.133069828722,6171,374.0,799.0,0.0,1436.5,1.5905882352941176,High
c515b80490838531fbecbdbefa9dd104,CRGE7MMHVKPEZZA5,J Marks Multicolor Men's Cargos,http://www.flipkart.com/j-marks-multicolor-men-s-cargos/p/itme7mmg8mynh4nd?pid=CRGE7MMHVKPEZZA5,2016-01-04 00:20:04+00:00,Clothing,Unknown,1765.0,1475.0,,True,True,16.430594900849858,6171,374.0,799.0,0.0,1436.5,1.5905882352941176,High
fa2e5f01bbb642c49e4b2e19d2b39dcf,BAREGTPNZNHZHA8Z,LOTTIE LONDON MAKE ME BLUSH,http://www.flipkart.com/lottie-london-make-me-blush/p/itmegtpn3epjdghr?pid=BAREGTPNZNHZHA8Z,2016-05-19 02:12:59+00:00,Beauty and Personal Care,LOTTIE LONDON,850.0,765.0,,True,True,10.0,709,299.0,479.0,29.0,749.0,1.5888888888888888,High
27110e07b507c8e78c8507d117b6730f,RTREFJRJN2Y6CQJS,Netgear EX6120 AC1200 Mbps Wi-Fi Range Extender,http://www.flipkart.com/netgear-ex6120-ac1200-mbps-wi-fi-range-extender/p/itmefjrj9cz3hrgk?pid=RTREFJRJN2Y6CQJS,2016-03-07 11:41:25+00:00,Computers,Netgear,4836.0,4600.0,,True,True,4.880066170388751,573,350.0,1995.0,0.0,4462.5,1.5835866261398177,High
5a2c71859c6d541d7b151a069152b572,KTAEGPBZ6XEZTRWV,Love More Printed Women's Anarkali Kurta,http://www.flipkart.com/love-more-printed-women-s-anarkali-kurta/p/itmegpbzhh4qjfj3?pid=KTAEGPBZ6XEZTRWV,2016-05-16 22:42:47+00:00,Clothing,Love More,2100.0,1470.0,,True,True,30.0,6171,374.0,799.0,0.0,1436.5,1.5788235294117647,High
1c17d0a861c28440fb7589e975a2ad02,DREECZJBH8KGCZHT,Allen Solly Girl's Shift Dress,http://www.flipkart.com/allen-solly-girl-s-shift-dress/p/itmeczjchvnup2bz?pid=DREECZJBH8KGCZHT,2016-01-06 18:20:45+00:00,Clothing,Unknown,2099.0,1469.0,,True,True,30.014292520247736,6171,374.0,799.0,0.0,1436.5,1.576470588235294,High
ad50773192afcbe6a76a5ea3ea3c9d43,SHTEDFFJMHZWSYT2,Van Heusen Men's Printed Party Shirt,http://www.flipkart.com/van-heusen-men-s-printed-party-shirt/p/itmedffjhmsewsub?pid=SHTEDFFJMHZWSYT2,2016-01-06 18:20:45+00:00,Clothing,Slim,2099.0,1469.0,,True,True,30.014292520247736,6171,374.0,799.0,0.0,1436.5,1.576470588235294,High
27415d64d4411107120536ff005e1950,HMBEFUYUZFHKB6HH,Adore London Hand-held Bag,http://www.flipkart.com/adore-london-hand-held-bag/p/itmefuyuzdzmnyzh?pid=HMBEFUYUZFHKB6HH,2016-02-24 16:02:05+00:00,"Bags, Wallets & Belts",Adore London,3680.0,2199.0,,True,True,40.244565217391305,264,399.0,1099.0,0.0,2149.0,1.5714285714285714,High
1f50383489f020258fd4af6d8a3720ac,JCKEDPVHMFWACYTF,Slims Full Sleeve Solid Women's Jacket,http://www.flipkart.com/slims-full-sleeve-solid-women-s-jacket/p/itmedpvh6dhup4gj?pid=JCKEDPVHMFWACYTF,2016-01-04 03:25:23+00:00,Clothing,Unknown,2090.0,1463.0,,True,True,30.0,6171,374.0,799.0,0.0,1436.5,1.5623529411764705,High
9ac7c844d577b5e5b2b84503c86b49c6,GLSEHPS9CJATDCTY,Ocean GO/ Capri Rock Glass,http://www.flipkart.com/ocean-go-capri-rock-glass/p/itmehps9ghebcggg?pid=GLSEHPS9CJATDCTY,2016-04-16 13:01:18+00:00,Kitchen & Dining,Ocean,1284.0,1180.0,,True,True,8.09968847352025,645,199.0,582.0,0.0,1156.5,1.5613577023498695,High
e7221dd7475397dfade38615452f3049,HMBED6EXAEDXARSB,Shagun Trends Pouch Potli,http://www.flipkart.com/shagun-trends-pouch-potli/p/itmed6exzym8jzue?pid=HMBED6EXAEDXARSB,2015-12-03 13:48:35+00:00,"Bags, Wallets & Belts",Unknown,3890.0,2190.0,,True,True,43.70179948586118,264,399.0,1099.0,0.0,2149.0,1.5585714285714285,High
4c6a007717d3dfef521e758f8eda7219,BDGEFMYFYA6FK6HA,Twilight Creations Humans 3 Zombiecon Board Game,http://www.flipkart.com/twilight-creations-humans-3-zombiecon-board-game/p/itmefmyfvg7xyxvz?pid=BDGEFMYFYA6FK6HA,2016-03-04 17:21:37+00:00,Toys & School Supplies,Twilight Creations,1326.0,1127.0,,True,True,15.007541478129713,329,179.0,550.0,0.0,1106.5,1.5552560646900269,High
8d0528d80daeb0033918bbdcc5ac3a6f,RTRDMNVFYZZBXT3G,TP-LINK TL-WDR3600 N600 Wireless Dual Band Gigabit Router,http://www.flipkart.com/tp-link-tl-wdr3600-n600-wireless-dual-band-gigabit-router/p/itmdmnvgjbhjzcye?pid=RTRDMNVFYZZBXT3G,2015-12-01 06:13:00+00:00,Computers,TP-LINK,6499.0,4550.0,4.2,True,True,29.989229112171103,573,350.0,1995.0,0.0,4462.5,1.553191489361702,High
dcbc4845a913d929b5702fb4c2968d40,RTRDPFNAFVJAXHTA,TP-LINK N600 Wireless Dual Band,http://www.flipkart.com/tp-link-n600-wireless-dual-band/p/itmdpfnayqzqmcg3?pid=RTRDPFNAFVJAXHTA,2015-12-01 06:13:00+00:00,Computers,TP-LINK,5555.0,4550.0,4.0,True,True,18.09180918091809,573,350.0,1995.0,0.0,4462.5,1.553191489361702,High
10e27e65a4abd19cef5dfefcf68d0ace,ACCEEV5VVP97HRTR,Sound Logic Soundlogic Dynabass Foldable Headphones Headphones,http://www.flipkart.com/sound-logic-soundlogic-dynabass-foldable-headphones/p/itmeev5vyhyrdhyk?pid=ACCEEV5VVP97HRTR,2016-03-11 11:26:55+00:00,Mobiles & Accessories,Sound Logic,3120.0,3120.0,,True,True,0.0,1097,449.0,1499.0,0.0,3074.0,1.5438095238095237,High
d6eb521acd9de24c5c3faded2831620a,SHOE6ZQEB694PVM8,Salt N Pepper 13-019 Femme Black Boots Boots,http://www.flipkart.com/salt-n-pepper-13-019-femme-black-boots/p/itme6zqd3hhyayep?pid=SHOE6ZQEB694PVM8,2015-12-04 07:25:36+00:00,Footwear,Unknown,4195.0,3146.0,,True,True,25.00595947556615,1225,499.0,1540.0,0.0,3101.5,1.5427473583093179,High
1b1c83326a749b99c9cafc740f9136fa,SOFECYFACHZTHA2C,Durian Harmony/2 Fabric 2 Seater Sofa,http://www.flipkart.com/durian-harmony-2-fabric-2-seater-sofa/p/itmecyfafaarz3jt?pid=SOFECYFACHZTHA2C,2015-12-31 09:19:31+00:00,Furniture,Durian,85500.0,55575.0,,True,True,35.0,180,1299.0,22646.0,0.0,54666.5,1.5425586733498853,High
dc2ea06f188cfc21a44ad087ab7cbfdf,WATDUKHHH4SQXDAK,Jacques Farel KWD2324 Analog Watch  - For Boys,http://www.flipkart.com/jacques-farel-kwd2324-analog-watch-boys/p/itmdukhhh4sqxdak?pid=WATDUKHHH4SQXDAK,2015-12-04 07:25:36+00:00,Watches,Unknown,2850.0,1567.0,,True,True,45.01754385964912,528,550.0,950.0,0.0,1550.0,1.5425,High
f309bdd259c5b46a560bc1620e641947,RTRDZK8XD2H2VBAD,Tenda TE-F452,http://www.flipkart.com/tenda-te-f452/p/itmdzk8xx9azmu8c?pid=RTRDZK8XD2H2VBAD,2015-12-01 06:13:00+00:00,Computers,Tenda,9500.0,4527.0,,True,True,52.34736842105263,573,350.0,1995.0,0.0,4462.5,1.539209726443769,High
d7ec7ceffb44b808bce933c237c12e79,SNRE9BDSSGFRYVMJ,Jafra UV Blocker - SPF 30 PA+++,http://www.flipkart.com/jafra-uv-blocker-spf-30-pa/p/itme9bdsmywmgcp5?pid=SNRE9BDSSGFRYVMJ,2015-12-31 09:19:31+00:00,Beauty and Personal Care,Unknown,840.0,756.0,,True,True,10.0,709,299.0,479.0,29.0,749.0,1.538888888888889,High
d3553f63acc154864c2a659fd478af08,HMBEJ9H47GZMSX6G,Brandvilla Shoulder Bag,http://www.flipkart.com/brandvilla-shoulder-bag/p/itmej9h4pywqqgak?pid=HMBEJ9H47GZMSX6G,2016-06-03 11:49:18+00:00,"Bags, Wallets & Belts",Brandvilla,3275.0,2175.0,,True,True,33.587786259541986,264,399.0,1099.0,0.0,2149.0,1.5371428571428571,High
0386aecdc20ed81b39f657849c32e686,BBADSEZDQVMBRXQE,925 Silver Silver Bracelet,http://www.flipkart.com/925-silver-bracelet/p/itmdsezduzcjy4yw?pid=BBADSEZDQVMBRXQE,2015-12-20 08:26:17+00:00,Jewellery,925 Silver,2868.0,2254.0,,True,True,21.408647140864716,3522,310.0,1076.75,0.0,2226.875,1.535376589501141,High
4d9490017eac98fb9cef517132fe4d3f,PTPE4JYTPVYZ8ADY,"Ndura Kadhai 1.7 L, 2 L",http://www.flipkart.com/ndura-kadhai-1-7-l-2-l/p/itme4jytrgvgnzdd?pid=PTPE4JYTPVYZ8ADY,2015-12-01 12:40:44+00:00,Kitchen & Dining,Ndura,1881.0,1170.0,,True,True,37.79904306220096,645,199.0,582.0,0.0,1156.5,1.5352480417754568,High
33efbdbef738ea069db56b422541a122,SPBE4DWQDZWZDC7Q,Quechua Forclaz 22 Air Backpack,http://www.flipkart.com/quechua-forclaz-22-air-backpack/p/itme4dwqezpwtyf4?pid=SPBE4DWQDZWZDC7Q,2016-02-28 10:36:58+00:00,Sports & Fitness,Quechua,3499.0,2872.0,5.0,True,True,17.91940554444127,166,417.5,1386.75,0.0,2840.625,1.5323703894763994,High
03e73f773de691d3cf9d1465a3ce71f5,ETHEG78XAFUWG3CG,Jeet Boy's Kurta and Pyjama Set,http://www.flipkart.com/jeet-boy-s-kurta-pyjama-set/p/itme4bbpkgzxrkfv?pid=ETHEG78XAFUWG3CG,2016-05-01 16:43:01+00:00,Clothing,Jeet,3499.0,1450.0,5.0,True,True,58.55958845384396,6171,374.0,799.0,0.0,1436.5,1.531764705882353,High
1a5877740e2edc91055c6294771d235b,PELEY2Z4F78JSKGE,"NEVI Flower Swarovski Crystal, Crystal Alloy, Crystal Pendant",http://www.flipkart.com/nevi-flower-swarovski-crystal-crystal-alloy-pendant/p/itmey2z4gh8yaerp?pid=PELEY2Z4F78JSKGE,2015-12-12 11:46:53+00:00,Jewellery,NEVI,4850.0,2250.0,5.0,True,True,53.608247422680414,3522,310.0,1076.75,0.0,2226.875,1.5301597652429084,High
3f4b3081f1a40975296dfd5274214fa8,PELEFH68JH6FDERS,"NEVI Swarovski Crystal Alloy, Crystal Pendant",http://www.flipkart.com/nevi-swarovski-crystal-alloy-pendant/p/itmefh68j9heh3w5?pid=PELEFH68JH6FDERS,2015-12-12 11:46:53+00:00,Jewellery,NEVI,4850.0,2250.0,4.2,True,True,53.608247422680414,3522,310.0,1076.75,0.0,2226.875,1.5301597652429084,High
54e5238dbeb1c8733cffa046a8956780,PELEYC9ZGYWMYQXQ,"NEVI Swarovski Crystal, Crystal Alloy, Crystal Pendant",http://www.flipkart.com/nevi-swarovski-crystal-crystal-alloy-pendant/p/itmeyyy5cgjegkfv?pid=PELEYC9ZGYWMYQXQ,2015-12-12 11:46:53+00:00,Jewellery,NEVI,5300.0,2250.0,,True,True,57.54716981132076,3522,310.0,1076.75,0.0,2226.875,1.5301597652429084,High
7fa70dc893d98d8a9f43bb86b480b5a7,JCKE3BS9HZZYZNUW,Okane Sleeveless Self Design Men's Quilted Jacket,http://www.flipkart.com/okane-sleeveless-self-design-men-s-quilted-jacket/p/itme3bs9znvbp6st?pid=JCKE3BS9HZZYZNUW,2015-12-12 11:46:53+00:00,Clothing,Unknown,1920.0,1449.0,,True,True,24.53125,6171,374.0,799.0,0.0,1436.5,1.5294117647058822,High
b49f40e25ac06bb8ebaaea9b62cc92fd,TROEJGY23MHWX7UD,"CHIKFAB Regular Fit Women's Blue, Black, Pink, Pink, White Trousers",http://www.flipkart.com/chikfab-regular-fit-women-s-blue-black-pink-white-trousers/p/itmejgy2tgswpuwz?pid=TROEJGY23MHWX7UD,2016-06-13 19:06:01+00:00,Clothing,CHIKFAB,4999.0,1449.0,,True,True,71.01420284056812,6171,374.0,799.0,0.0,1436.5,1.5294117647058822,High
e2fa70607f90a47236a0cc12560aed0f,TOPEEA7HW6A35WXG,Unimod Casual Short Sleeve Solid Women's Top,http://www.flipkart.com/unimod-casual-short-sleeve-solid-women-s-top/p/itmeea7hbgca9sq8?pid=TOPEEA7HW6A35WXG,2015-12-31 09:19:31+00:00,Clothing,Unknown,1449.0,1449.0,,True,True,0.0,6171,374.0,799.0,0.0,1436.5,1.5294117647058822,High
86a39f77de21aa9654e8ea03335244fc,PSREGFZ8MXRM6FFQ,Intel 3.2 GHz LGA 1150 3250 Processor,http://www.flipkart.com/intel-3-2-ghz-lga-1150-3250-processor/p/itmegfz8mzyhkfcu?pid=PSREGFZ8MXRM6FFQ,2016-02-28 10:36:58+00:00,Computers,Intel,6100.0,4500.0,,True,True,26.229508196721312,573,350.0,1995.0,0.0,4462.5,1.5227963525835866,High
41e4f374de77a7aef168ef0d8efc0db6,SHIED9QZH7GZUGSK,Gharonda Showpiece  -  15 cm,http://www.flipkart.com/gharonda-showpiece-15-cm/p/itmed9qzzqu7nnph?pid=SHIED9QZH7GZUGSK,2016-01-03 02:35:32+00:00,Home Decor & Festive Needs,Gharonda,2500.0,2500.0,,True,True,0.0,927,426.5,1250.0,0.0,2485.25,1.5179113539769278,High
998fca59fe2f7897342e40a7f3bd6176,TOPE6Y9NZYXUSA3R,No Code Party Sleeveless Embellished Women's Top,http://www.flipkart.com/no-code-party-sleeveless-embellished-women-s-top/p/itme6y9nyzwmehgv?pid=TOPE6Y9NZYXUSA3R,2015-12-31 09:19:31+00:00,Clothing,Unknown,1699.0,1444.0,,True,True,15.008828722778105,6171,374.0,799.0,0.0,1436.5,1.5176470588235293,High
198dbe7be6f84f6448197148d7b5e5a5,SHIE8C5NBQV5QWCH,RoyalsCart KTH505 Showpiece  -  33 cm,http://www.flipkart.com/royalscart-kth505-showpiece-33-cm/p/itme8c5ntxcgfbxe?pid=SHIE8C5NBQV5QWCH,2015-12-01 12:40:44+00:00,Home Decor & Festive Needs,RoyalsCart,4725.0,2499.0,5.0,True,True,47.111111111111114,927,426.5,1250.0,0.0,2485.25,1.5166970248937461,High
6ebb4b149bb37effe42d670fb03b835f,SHIEJUZGB9FP9YW9,Gautam Buddha Showpiece  -  14 cm,http://www.flipkart.com/gautam-buddha-showpiece-14-cm/p/itmejuzgtgu48vkw?pid=SHIEJUZGB9FP9YW9,2016-06-23 02:25:03+00:00,Home Decor & Festive Needs,Gautam Buddha,3399.0,2499.0,,True,True,26.4783759929391,927,426.5,1250.0,0.0,2485.25,1.5166970248937461,High
e0de6958769d030f7e470e590f374d24,SOFEE7ACZNC57QYQ,Durian Fabric 2 Seater Sofa,http://www.flipkart.com/durian-fabric-2-seater-sofa/p/itmee7accjbvrnsc?pid=SOFEE7ACZNC57QYQ,2015-12-31 09:19:31+00:00,Furniture,Durian,84300.0,54795.0,,True,True,35.0,180,1299.0,22646.0,0.0,54666.5,1.50601958120579,High
cda4d890d2ab40f77f41ee70e9bcfde0,TSHED2RDHXJTWHCF,Reebok Printed Women's V-neck T-Shirt,http://www.flipkart.com/reebok-printed-women-s-v-neck-t-shirt/p/itmed2rdzfvzj8gc?pid=TSHED2RDHXJTWHCF,2016-01-07 00:54:41+00:00,Clothing,Unknown,1799.0,1439.0,,True,True,20.01111728738188,6171,374.0,799.0,0.0,1436.5,1.5058823529411764,High
e5f8d92c7b38cf55848ce623359941f6,SHTEA6GADZQASG6G,Karsci Men's Solid Formal Shirt,http://www.flipkart.com/karsci-men-s-solid-formal-shirt/p/itmea6gafafrakfz?pid=SHTEA6GADZQASG6G,2015-12-06 03:01:47+00:00,Clothing,Slim,1799.0,1439.0,,True,True,20.01111728738188,6171,374.0,799.0,0.0,1436.5,1.5058823529411764,High
a599f086b610bdcc938d7552bd478499,WLPEJR93AGRUSEZH,BI Classics Wallpaper,http://www.flipkart.com/bi-classics-wallpaper/p/itmejr93zuzx4822?pid=WLPEJR93AGRUSEZH,2016-06-19 11:22:20+00:00,Home Decor & Festive Needs,BI,4999.0,2490.0,,True,True,50.19003800760152,927,426.5,1250.0,0.0,2485.25,1.5057680631451122,High
80820a17093df879ef890ea434a37a09,CRNEGHFTNZAFQPD4,Home Fashion Gallery Polyester Pink Floral Eyelet Door Curtain,http://www.flipkart.com/home-fashion-gallery-polyester-pink-floral-eyelet-door-curtain/p/itmeghfgk8f7hksz?pid=CRNEGHFTNZAFQPD4,2016-03-05 16:23:23+00:00,Home Furnishing,Home Fashion Gallery,2549.0,2549.0,,True,True,0.0,700,523.0,1332.0,0.0,2545.5,1.504326328800989,High
